Therese	O
Huber	O
Luise	O
Ein	O
Beitrag	O
zur	O
Geschichte	O
der	O
Konvenienz	O
Vorrede	O
des	O
Herausgebers	O
Daß	O
Luisens	O
Geschichte	O
wahr	O
,	O
bei	O
aller	O
ihrer	O
Alltäglichkeit	O
schrecklich	O
und	O
traurig	O
wahr	O
ist	O
,	O
darf	O
niemanden	O
,	O
der	O
sie	O
gelesen	O
haben	O
wird	O
,	O
wiederholt	O
oder	O
betheuert	O
werden	O
.	O
Sie	O
wäre	O
ein	O
elender	O
Roman	O
,	O
sie	O
ist	O
eine	O
sehr	O
lehrreiche	O
Geschichte	O
.	O
Es	O
kann	O
indessen	O
dem	O
Leser	O
Noth	O
thun	O
,	O
ehe	O
er	O
weiter	O
geht	O
,	O
von	O
zwei	O
Dingen	O
unterrichtet	O
zu	O
seyn	O
:	O
warum	O
sie	O
nämlich	O
geschrieben	O
?	O
und	O
warum	O
sie	O
herausgegeben	O
wurde	O
?	O
Die	O
Erzählung	O
ist	O
,	O
fast	O
ohne	O
Ausnahme	O
,	O
das	O
Werk	O
der	O
Heldinn	O
selbst	O
,	O
und	O
entstand	O
folgendermaßen	O
.	O
Ein	O
sehr	O
achtungswürdiger	O
Arzt	O
,	O
den	O
sie	O
über	O
den	O
fast	O
hofnungslosen	O
Zustand	O
ihrer	O
Gesundheit	O
um	O
Rath	O
fragte	O
,	O
mochte	O
durch	O
seine	O
lange	O
Erfahrung	O
belehrt	O
worden	O
seyn	O
,	O
daß	O
bei	O
gebildeteren	O
empfänglicheren	O
Menschen	O
dem	O
Körper	RAUMMETAPHER
nicht	RAUMMETAPHER
aufzuhelfen	RAUMMETAPHER
ist	O
,	O
wenn	O
der	O
Seele	O
nicht	O
zugleich	O
auch	O
freundlich	O
die	RAUMMETAPHER
Hand	RAUMMETAPHER
geboten	RAUMMETAPHER
wird	O
;	O
und	O
dazu	O
glaubte	O
er	O
das	O
Mittel	O
gefunden	O
zu	O
haben	O
,	O
indem	O
er	O
ihr	O
anrieth	O
,	O
die	O
Geschichte	O
ihrer	O
Leiden	O
und	O
ihres	O
Unglücks	O
aufzuzeichnen	O
.	O
Da	O
es	O
ihrer	O
Fantasie	O
unmöglich	O
war	O
,	O
sich	O
von	O
den	O
schwarzen	O
Bildern	O
ihrer	O
Vergangenheit	O
zu	O
trennen	O
,	O
so	O
glaubte	O
er	O
solche	O
wenigstens	O
in	RAUMMETAPHER
gewisse	RAUMMETAPHER
Schranken	RAUMMETAPHER
bannen	RAUMMETAPHER
zu	O
können	O
,	O
wenn	O
sie	O
mit	O
dem	O
Verstande	O
zugleich	O
angestrengt	O
würde	O
,	O
aus	O
ihren	O
schwankenden	O
Vorstellungen	O
ein	O
wirkliches	O
und	O
zusammenhängendes	O
Ganzes	O
zu	O
bilden	O
.	O
Er	O
glaubte	O
vielleicht	O
,	O
daß	O
Luise	O
ihr	O
Schicksal	O
für	O
erträglicher	O
,	O
ihre	O
Wunden	O
für	O
weniger	O
unheilbar	O
ansehen	O
würde	O
,	O
wenn	O
sie	O
sich	O
selbst	O
eine	O
ungeheuchelte	O
Rechenschaft	O
,	O
von	O
allem	O
was	O
sie	O
betroffen	O
hätte	O
,	O
ablegte	O
.	O
Das	O
Mittel	O
war	O
gut	O
berechnet	O
,	O
aber	O
es	O
schlug	O
bei	O
einem	O
hartnäckigen	O
Übel	O
nicht	O
an	O
;	O
und	O
nachdem	O
sie	O
sich	O
,	O
mit	O
allen	O
Erinnerungen	O
ihres	O
unglücklichen	O
Lebens	O
,	O
so	O
vorschriftsmäßig	O
als	O
es	O
ihrer	O
schon	O
zu	O
tief	O
verwundeten	O
Seele	O
möglich	O
war	O
,	O
beschäftigt	O
hatte	O
,	O
verzweifelte	O
sie	O
mehr	O
als	O
jemals	O
,	O
diesseits	RELATION
des	O
Grabes	RAUMTHEMA
noch	O
Ruhe	O
zu	O
finden	O
.	O
Diese	O
Arbeit	O
grub	RAUMMETAPHER
vielmehr	O
den	O
Gedanken	O
und	O
die	O
Erwartung	O
des	O
Todes	O
tiefer	RAUMBESCHREIBUNG
in	RELATION
ihr	O
Herz	RAUMHINWEIS
,	O
und	O
es	O
ward	O
endlich	O
ihr	O
einziges	O
Ziel	O
,	O
in	O
derselben	O
ein	O
Denkmal	RAUMHINWEIS
zu	O
errichten	RELATIONALES VERB
,	O
das	O
denen	O
,	O
von	O
welchen	O
sie	O
sich	O
verlassen	RELATIONALES VERB
glaubt	O
,	O
sagen	O
sollte	O
,	O
wie	O
sie	O
litt	O
und	O
warum	O
sie	O
starb	O
;	O
das	O
ihren	O
Freunden	O
zurufen	RELATIONALES VERB
sollte	O
:	O
	O
Hier	ORT
ruht	O
sie	O
!	O
``	O
und	O
Fremden	O
:	O
	O
Lasset	O
die	O
nicht	O
einsam	O
und	O
hülflos	O
verschmachten	O
,	O
die	O
jetzt	O
leiden	O
wie	O
sie	O
einst	O
litt	O
!	O
``	O
Über	RELATION
Grabsteinen	RAUMTHEMA
schwebt	RELATIONALES VERB
Friede	O
und	O
Verzeihung	O
,	O
die	O
Stimme	O
des	O
Todes	O
regt	O
keine	O
Leidenschaft	O
mehr	O
auf	O
:	O
Friede	O
und	O
Verzeihung	O
erwartete	O
also	O
auch	O
Luise	O
,	O
die	O
sich	O
für	O
lebendig	O
todt	O
hielt	O
,	O
indem	O
sie	O
diese	O
Blätter	RAUMHINWEIS
in	RELATION
die	O
Hände	RAUMHINWEIS
eines	O
Mannes	O
lieferte	RELATIONALES VERB
,	O
den	O
sie	O
nicht	O
persönlich	O
kannte	O
,	O
für	O
welchen	O
sie	O
aber	O
Vertrauen	O
und	O
Achtung	O
genug	O
hatte	O
,	O
um	O
ihn	O
zur	O
Herausgabe	O
derselben	O
aufzufordern	O
.	O
Es	O
schien	O
mir	O
etwas	O
Heiliges	O
zu	O
haben	O
,	O
den	O
Wunsch	O
einer	O
so	O
gränzenlos	O
Unglücklichen	O
nicht	O
unerfüllt	O
zu	O
lassen	O
.	O
Ohne	O
indessen	O
von	O
den	O
in	O
dieser	O
Geschichte	O
auftretenden	O
Personen	O
eine	O
einzige	O
zu	O
kennen	O
,	O
ohne	O
also	O
im	O
Stande	O
zu	O
seyn	O
über	O
sie	O
zu	O
urtheilen	O
,	O
habe	O
ich	O
doch	O
die	O
klare	O
Überzeugung	O
,	O
daß	O
man	O
zwar	O
Luisen	O
alles	O
was	O
ihr	O
Unglück	O
betrifft	O
und	O
beweiset	O
,	O
auf	O
ihr	O
Wort	O
glauben	O
,	O
über	O
vieles	O
aber	O
was	O
das	O
ihr	O
gethane	O
Unrecht	O
anbelangt	O
,	O
sie	O
nicht	O
für	O
die	O
kompetenteste	O
Richterinn	O
annehmen	O
kann	O
.	O
So	O
geschah	O
es	O
,	O
nachdem	O
die	O
Arme	O
die	O
schreckliche	O
Epoche	O
ihrer	O
Verstandesverwirrung	O
überstanden	O
hatte	O
,	O
daß	O
man	O
auf	O
die	O
Meinung	O
hin	O
,	O
ihre	O
Vernunft	O
sei	O
nicht	O
wieder	O
hergestellt	O
,	O
manches	O
gegen	O
sie	O
that	O
,	O
das	O
während	O
ihrer	O
schwachen	O
Genesung	O
heftig	O
genug	O
auf	RELATION
sie	RAUMHINWEIS
wirkte	RELATIONALES VERB
,	O
um	O
Entschlüsse	O
in	RELATION
ihr	RAUMHINWEIS
hervorzubringen	RELATIONALES VERB
,	O
welche	O
,	O
so	O
hell	O
auch	O
ihr	O
eignes	O
Bewußtseyn	O
dabei	O
war	O
,	O
die	O
Personen	O
von	O
denen	O
sie	O
umgeben	RELATIONALES VERB
war	O
,	O
wiederum	O
in	O
ihren	O
Vorurtheilen	O
bestärken	O
mußten	O
.	O
In	O
diesem	O
und	O
manchem	O
ähnlichen	O
Fall	O
ist	O
es	O
unläugbar	O
,	O
daß	O
sie	O
Unrecht	O
litt	O
;	O
aber	O
zweifelhaft	O
ist	O
es	O
,	O
ob	O
man	O
ihr	O
Unrecht	O
that	O
?	O
Und	O
in	RAUMMETAPHER
einem	RAUMMETAPHER
solchen	RAUMMETAPHER
Labirinth	RAUMMETAPHER
trieb	RAUMMETAPHER
sie	RAUMMETAPHER
ihr	RAUMMETAPHER
grausames	RAUMMETAPHER
Schicksal	RAUMMETAPHER
mit	RAUMMETAPHER
den	RAUMMETAPHER
Menschen	RAUMMETAPHER
,	RAUMMETAPHER
die	RAUMMETAPHER
sie	RAUMMETAPHER
zunächst	RAUMMETAPHER
angingen	RAUMMETAPHER
,	RAUMMETAPHER
unaufhörlich	RAUMMETAPHER
herum	RAUMMETAPHER
.	O
Welche	O
Scenen	O
von	O
Verzweiflung	O
würden	O
,	O
zum	O
Beispiel	O
,	O
die	O
Geständnisse	O
ihres	O
Gemahls	O
enthüllen	O
,	O
wenn	O
dieser	O
die	O
Gewohnheit	O
gehabt	O
hätte	O
,	O
so	O
über	O
sich	O
zu	O
brüten	O
wie	O
seine	O
unglückliche	O
Frau	O
?	O
Sie	O
brütete	O
,	O
litt	O
,	O
weinte	O
:	O
und	O
er	O
war	O
schwerlich	O
glücklicher	O
,	O
indem	O
er	O
nach	O
seiner	O
Art	O
,	O
nach	O
der	O
Stimmung	O
seines	O
Karakters	O
fühlte	O
,	O
die	O
ihn	O
antrieb	O
zu	O
toben	O
,	O
oder	O
sich	O
auf	O
jede	O
Weise	O
von	O
der	O
Veranlassung	O
seines	O
Unglücks	O
zu	O
zerstreuen	O
,	O
oder	O
gar	O
sich	O
an	RELATION
ihr	RAUMHINWEIS
zu	O
rächen	O
;	O
während	O
Luise	O
mit	O
gleichem	O
,	O
wiewohl	O
noch	O
unvermeidlicherem	O
Egoismus	O
fortfuhr	O
,	O
nur	O
von	O
ihrem	O
Kummer	O
auszugehen	O
,	O
der	O
doch	O
,	O
durch	O
seinen	O
Einfluß	O
auf	RELATION
ihren	O
Karakter	RAUMHINWEIS
,	O
die	O
nächste	O
Ursache	O
des	O
Mißverhältnisses	O
war	O
.	O
So	O
behandelte	O
und	O
dachte	O
sie	O
die	O
Menschen	O
oft	O
besser	O
als	O
sie	O
waren	O
;	O
so	O
erblickte	RELATIONALES VERB
und	O
fühlte	O
sie	O
die	O
nämlichen	O
Menschen	O
eben	O
so	O
oft	O
schlimmer	O
als	O
sie	O
waren	O
;	O
so	O
gab	O
ihre	O
Güte	O
ihr	O
nie	O
diejenige	O
Kraft	O
,	O
welche	O
andre	O
im	RAUMMETAPHER
Zügel	RAUMMETAPHER
gehalten	RAUMMETAPHER
,	O
und	O
sie	O
darüber	O
hinweggesetzt	O
hätte	O
,	O
über	O
ihre	O
und	O
andrer	O
Handlungen	O
und	O
Motive	O
peinlich	O
zu	O
grübeln	O
;	O
so	O
stieß	RELATIONALES VERB
schwärmerische	O
Kleinlichkeit	O
in	RELATION
ihr	RAUMHINWEIS
,	O
unaufhörlich	O
gegen	RELATION
gewöhnlich	O
menschliche	O
und	O
gesellschaftliche	O
Kleinlichkeit	O
in	RELATION
Andern	RAUMHINWEIS
!	O
Die	O
oberflächlichsten	O
psychologischen	O
Kenntnisse	O
sind	O
hinreichend	O
,	O
um	O
auf	O
alle	O
,	O
von	O
ihren	O
Helden	O
selbst	O
verfaßten	O
Biographien	O
,	O
gewisse	O
allgemeine	O
Vorsichtsregeln	O
anzuwenden	O
;	O
und	O
wenn	O
eine	O
Unglückliche	O
,	O
mit	O
der	O
Erzählung	O
ihres	O
Lebens	O
,	O
fast	O
nur	O
eine	O
einzige	O
lange	O
Krankheitsgeschichte	O
vorträgt	O
,	O
muß	O
man	O
allerdings	O
noch	O
eine	O
besondre	O
Rücksicht	O
darauf	O
nehmen	O
:	O
in	O
wiefern	O
ihre	O
Vorstellungen	O
,	O
von	O
Menschen	O
und	O
Dingen	O
,	O
dem	O
Einfluß	O
ihres	O
individuellen	O
Zustandes	O
nothwendig	O
unterworfen	O
seyn	O
mußten	O
.	O
Wenn	O
aber	O
ein	O
Arzt	O
,	O
der	O
einen	O
Fieberkranken	O
besucht	RELATIONALES VERB
,	O
und	O
ihn	O
mit	O
Heftigkeit	O
versichern	O
hört	RELATIONALES VERB
,	O
daß	O
man	O
ein	O
eisernes	O
Band	RAUMHINWEIS
um	RELATION
seine	O
Schläfe	RAUMHINWEIS
gelegt	RELATIONALES VERB
habe	O
,	O
oder	O
ihm	O
boshafter	O
Weise	O
von	O
Zeit	O
zu	O
Zeit	O
die	O
Kehle	RAUMHINWEIS
zudrücke	RELATIONALES VERB
:	O
--	O
wenn	O
der	O
erfahrne	O
Arzt	O
auch	O
diese	O
Aussagen	O
nicht	O
für	O
Thatsachen	O
annimmt	O
,	O
so	O
wird	O
er	O
sich	O
doch	O
,	O
eben	O
so	O
wenig	O
,	O
auf	O
die	O
verdrießliche	O
Betheurung	O
der	O
Wärterinn	O
,	O
daß	O
dieses	O
alles	O
Fieberwahn	O
sey	O
,	O
schlechterdings	O
verlassen	O
;	O
er	O
wird	O
vielmehr	O
untersuchen	O
,	O
ob	O
des	O
Kranken	O
Kopfzeug	RAUMHINWEIS
nicht	O
zu	O
fest	O
um	RELATION
die	O
Schläfe	RAUMHINWEIS
gebunden	RELATIONALES VERB
ist	O
,	O
er	O
wird	O
dafür	O
sorgen	O
,	O
daß	O
man	O
ihm	O
einige	O
Kissen	RAUMHINWEIS
unterlege	RELATIONALES VERB
,	O
um	O
ihm	O
den	O
peinigenden	O
Zufluß	RAUMHINWEIS
des	O
Blutes	RAUMHINWEIS
nach	RELATION
dem	O
Kopfe	RAUMHINWEIS
zu	O
lindern	O
.	O
Eben	O
so	O
dürfen	O
wir	O
das	O
wunde	O
Gefühl	O
einer	O
Leidenden	O
,	O
die	O
uns	O
erzählt	O
was	O
sie	O
erduldete	O
,	O
nicht	O
mit	O
müßiger	O
Weisheit	O
verwerfen	O
,	O
indem	O
wir	O
sagen	O
:	O
	O
Bei	O
diesen	O
traurigen	O
physischen	O
Anlagen	O
,	O
nach	O
diesen	O
unglücklichen	O
Zufällen	O
,	O
bei	O
diesem	O
zerrütteten	O
Körper	RAUMHINWEIS
,	O
bei	O
diesem	O
angegriffenen	O
Geiste	O
,	O
konnte	O
sie	O
von	O
dem	O
,	O
was	O
ihr	O
begegnete	RELATIONALES VERB
,	O
nicht	O
urtheilen	O
!	O
``	O
sondern	O
der	O
Menschenfreund	O
wird	O
die	O
Klagende	O
verstehn	O
,	O
und	O
indem	O
er	O
sie	O
versteht	O
,	O
den	O
vielleicht	O
einzig	O
möglichen	O
Trost	O
ihr	O
gewähren	O
;	O
er	O
wird	O
seine	O
Menschenkenntniß	O
durch	O
sie	O
erweitert	O
fühlen	O
,	O
hier	O
helfen	O
so	O
weit	O
er	O
kann	O
,	O
--	O
denn	O
helfen	O
kann	O
man	O
selbst	O
Kranken	O
,	O
die	O
man	O
nicht	O
zu	O
heilen	O
vermag	O
,	O
--	O
und	O
Keime	O
ähnlichen	O
Unglücks	O
und	O
ähnlicher	O
Schuld	O
,	O
die	O
in	RELATION
so	O
manchem	O
Menschenzirkel	RAUMHINWEIS
verborgen	RELATIONALES VERB
seyn	O
mögen	O
,	O
vielleicht	O
noch	O
bei	O
Zeiten	O
auszurotten	O
oder	O
zu	O
verbessern	O
gelernt	O
haben	O
.	O
Luise	O
beklagt	O
sich	O
mit	O
vollem	O
Recht	O
,	O
verkannt	O
,	O
und	O
weil	O
sie	O
verkannt	O
wurde	O
,	O
mißhandelt	O
worden	O
zu	O
seyn	O
:	O
freilich	O
verkannte	O
auch	O
sie	O
alles	O
,	O
und	O
so	O
erschien	O
für	O
sie	O
keine	O
Rettung	O
,	O
aus	O
der	O
Verwirrung	O
ihres	O
Schicksals	O
.	O
Aber	O
die	O
sonst	O
ganz	O
gleich	O
aufgehende	O
Rechnung	O
von	O
Fehlern	O
und	O
Vorwürfen	O
,	O
zwischen	RELATION
ihr	RAUMHINWEIS
und	O
den	O
Menschen	RAUMHINWEIS
mit	O
welchen	O
sie	O
lebte	RELATIONALES VERB
,	O
würde	O
deshalb	O
vor	RAUMMETAPHER
einem	RAUMMETAPHER
höheren	RAUMMETAPHER
Richterstuhl	RAUMMETAPHER
nicht	O
für	O
abgeschlossen	O
gelten	O
:	O
weil	O
die	O
Gesunden	O
der	O
Kranken	O
,	O
die	O
Älteren	O
der	O
Jüngern	O
,	O
die	O
Vernünftigen	O
der	O
Schwärmerinn	O
,	O
die	O
Starken	O
der	O
Schwachen	O
,	O
die	O
Männer	O
dem	O
Weibe	O
,	O
mehr	O
schuldig	O
waren	O
,	O
als	O
diese	O
jenen	O
.	O
So	O
lange	O
daher	O
der	O
Tod	O
den	O
unglücklichen	O
Gläubiger	O
nicht	O
hinweggenommen	RELATIONALES VERB
hat	O
,	O
so	O
lange	O
sollte	O
,	O
und	O
so	O
lange	O
kann	O
an	O
der	O
Schuld	O
abgetragen	O
werden	O
,	O
die	O
,	O
trotz	O
aller	O
Umstände	O
welche	O
sie	O
erklären	O
,	O
entschuldigen	O
,	O
rechtfertigen	O
,	O
alsdann	O
doch	O
vielleicht	O
etwas	O
drückend	O
gefühlt	O
werden	O
möchte	O
.	O
Vielleicht	O
ist	O
es	O
mir	O
mit	O
den	O
bisher	O
gegebnen	O
Winken	O
schon	O
gelungen	O
,	O
den	O
Nutzen	O
vorzubereiten	O
,	O
welchen	O
ich	O
durch	O
die	O
Herausgabe	O
von	O
Luisens	O
Geschichte	O
zu	O
stiften	O
hofte	O
und	O
wünschte	O
.	O
Es	O
sey	O
mir	O
indessen	O
erlaubt	O
,	O
noch	O
einen	O
sehr	O
allgemeinen	O
Gesichtspunkt	O
zu	O
berühren	O
,	O
aus	O
welchem	O
,	O
wie	O
mich	O
dünkt	O
,	O
die	O
folgenden	O
Blätter	O
betrachtet	O
werden	O
können	O
.	O
Dieses	O
ganze	O
traurige	O
,	O
bald	O
matte	O
bald	O
grelle	O
Gemälde	O
,	O
ist	O
nur	O
ein	O
einzelnes	O
Blatt	O
aus	O
der	O
unseligen	O
Geschichte	O
der	O
Konvenienz	O
.	O
	O
Durchbrecht	RAUMMETAPHER
die	RAUMMETAPHER
Schranken	RAUMMETAPHER
der	RAUMMETAPHER
Konvenienz	RAUMMETAPHER
,	O
``	O
sagt	O
man	O
,	O
	O
und	O
Ihr	O
seid	O
unter	RELATION
lauter	O
Räubern	O
und	O
Mördern	O
!	O
``	O
Das	O
heißt	O
mit	O
andern	O
Worten	O
:	O
	O
Reißt	RAUMMETAPHER
die	RAUMMETAPHER
Larve	RAUMMETAPHER
herab	RAUMMETAPHER
,	O
mit	O
welcher	O
wir	O
unsre	O
sittliche	O
Herabwürdigung	O
zu	O
bedecken	RELATIONALES VERB
übereinkamen	O
,	O
und	O
ihr	O
werdet	O
uns	RAUMHINWEIS
sehen	RELATIONALES VERB
wie	O
wir	O
sind	O
.	O
``	O
Das	O
Elend	O
,	O
zu	O
dessen	O
Vertrauten	O
Luise	O
ihre	O
Leser	O
machen	O
wird	O
,	O
rührte	O
nicht	O
von	O
jener	O
großen	RAUMMETAPHER
Naturnothwendigkeit	RAUMMETAPHER
her	RAUMMETAPHER
,	RAUMMETAPHER
aus	RAUMMETAPHER
deren	RAUMMETAPHER
eisernen	RAUMMETAPHER
Banden	RAUMMETAPHER
kein	O
Sterblicher	O
sich	O
oder	O
seine	O
Brüder	O
zu	O
erlösen	O
vermag	O
:	O
die	O
ganze	O
Unvermeidlichkeit	O
desselben	O
lag	O
lediglich	O
,	O
in	RAUMMETAPHER
dem	RAUMMETAPHER
konventionellen	RAUMMETAPHER
Kreise	RAUMMETAPHER
,	RAUMMETAPHER
den	RAUMMETAPHER
die	RAUMMETAPHER
gute	RAUMMETAPHER
Gesellschaft	RAUMMETAPHER
um	RAUMMETAPHER
sich	RAUMMETAPHER
gezogen	RAUMMETAPHER
hat	RAUMMETAPHER
,	RAUMMETAPHER
und	RAUMMETAPHER
an	RAUMMETAPHER
dessen	RAUMMETAPHER
Schranken	RAUMMETAPHER
sich	RAUMMETAPHER
Einzelne	RAUMMETAPHER
den	RAUMMETAPHER
Kopf	RAUMMETAPHER
zerstoßen	RAUMMETAPHER
mögen	RAUMMETAPHER
,	RAUMMETAPHER
als	RAUMMETAPHER
kämpften	RAUMMETAPHER
sie	RAUMMETAPHER
gegen	RAUMMETAPHER
das	RAUMMETAPHER
Schicksal	RAUMMETAPHER
selbst	RAUMMETAPHER
.	O
Wie	O
viele	O
hundert	O
Familien	O
stehen	RELATIONALES VERB
in	O
ähnlichen	O
Verhältnissen	O
,	O
in	RELATION
ähnlichen	O
Verbindungen	RELATION
,	O
haben	O
,	O
für	O
das	O
gleichgültige	O
Publikum	O
,	O
einen	O
ähnlichen	O
Schein	O
von	O
Wohlstand	O
und	O
feinen	O
Sitten	O
,	O
wie	O
Luisens	O
Haus	ORT
:	O
indessen	O
sie	O
ein	O
ähnliches	O
Gewühl	O
von	O
Schwächen	O
und	O
kämpfenden	O
Leidenschaften	O
verschließen	RAUMMETAPHER
,	O
die	O
,	O
so	O
lange	O
sie	O
nur	O
leise	O
unter	RAUMMETAPHER
sich	RAUMMETAPHER
gähren	RAUMMETAPHER
,	O
nur	O
hie	ORT
und	O
da	ORT
eine	O
kleine	O
Schlechtigkeit	O
hervorbringen	RELATIONALES VERB
,	O
das	O
öffentliche	RAUMBESCHREIBUNG
Ansehen	O
nicht	O
schmälern	O
,	O
dessen	O
man	O
unter	O
jenen	O
Bedingungen	O
genießt	O
;	O
wenn	O
sie	O
aber	O
einmal	O
,	O
bei	O
lebhafter	O
organisirten	O
oder	O
sittlicheren	O
Menschen	O
,	O
sich	O
bis	O
zur	O
Raserei	O
oder	O
zum	O
Verbrechen	O
entzündet	O
haben	O
,	O
einstimmige	O
Proskription	O
auf	O
die	O
Unglücklichen	O
herabziehen	RELATIONALES VERB
,	O
deren	O
Beispiel	O
aus	O
den	O
Gewohnheiten	O
,	O
in	O
welchen	O
man	O
so	O
sanft	O
ruht	O
,	O
aufschrecken	RAUMMETAPHER
möchte	O
!	O
Denn	O
um	O
zu	O
bessern	O
straft	O
die	O
Konvenienz	O
nie	O
:	O
sie	O
straft	O
unerbittlich	O
,	O
schnell	O
,	O
und	O
ungehört	O
,	O
um	O
die	O
Quellen	RAUMMETAPHER
des	RAUMMETAPHER
Übels	RAUMMETAPHER
unaufgesucht	RAUMMETAPHER
,	O
um	O
das	O
Heiligthum	RAUMMETAPHER
von	RAUMMETAPHER
Verderbniß	RAUMMETAPHER
unangetastet	RAUMMETAPHER
zu	O
erhalten	O
.	O
Wenn	O
sich	O
solche	O
Verhältnisse	O
,	O
die	O
man	O
alsdann	O
nicht	O
für	O
traurig	O
,	O
nicht	O
für	O
schrecklich	O
,	O
nicht	O
für	O
unsittlich	O
,	O
sondern	O
für	O
ärgerlich	O
ansieht	O
,	O
in	RELATION
einer	O
Familie	RAUMHINWEIS
zu	O
offenbaren	O
anfangen	O
,	O
so	O
erstaunt	O
man	O
,	O
so	O
zischelt	RELATIONALES VERB
man	O
sich	O
solche	O
unter	RELATION
einander	RELATION
zu	RELATIONALES VERB
,	O
und	O
stellt	O
die	O
Sache	O
dem	O
waltenden	O
Schicksal	O
anheim	O
:	O
denn	O
,	O
außerdem	O
daß	O
sie	O
ein	O
Gegenstand	O
der	O
Gespräche	O
am	RELATION
Theetisch	RAUMHINWEIS
ist	O
,	O
hat	O
sie	O
für	O
niemanden	O
Interesse	O
.	O
Ist	O
es	O
dann	O
endlich	O
,	O
durch	O
die	O
diskrete	O
Behandlung	O
,	O
unter	RELATION
das	O
große	RAUMBESCHREIBUNG
Publikum	RAUMHINWEIS
gekommen	RELATIONALES VERB
,	O
daß	O
Mademoiselle	O
N.	O
sterblich	O
in	O
Herrn	O
N.	O
N.	O
verliebt	O
ist	O
,	O
daß	O
aber	O
ihre	O
Eltern	O
die	O
Neigung	O
mißbilligen	O
,	O
das	O
es	O
sehr	O
lebhafte	O
Auftritte	O
gibt	O
,	O
daß	O
Mademoiselle	O
heute	O
mit	O
rothgeweinten	O
Augen	RAUMHINWEIS
in	RELATION
diese	O
oder	O
jene	O
Gesellschaft	RAUMHINWEIS
gekommen	RELATIONALES VERB
ist	O
,	O
oder	O
daß	O
sie	O
wirklich	O
den	O
Verstand	O
verloren	O
hat	O
,	O
daß	O
der	O
Mann	O
,	O
den	O
sie	O
auf	O
Überredung	O
ihrer	O
Familie	O
genommen	O
,	O
sich	O
nicht	O
um	O
sie	O
bekümmert	O
,	O
daß	O
man	O
sie	O
einer	O
Wärterinn	O
überläßt	O
,	O
die	O
sie	O
mit	O
Ruthen	RAUMHINWEIS
peitscht	RELATIONALES VERB
,	O
verhungern	O
läßt	O
,	O
u.s.w.	O
--	O
so	O
empfindet	O
zwar	O
die	O
Familie	O
,	O
Unschuldige	O
wie	O
Schuldige	O
,	O
eine	O
gewisse	O
nachtheilige	O
Wirkung	O
dieser	O
Gerüchte	O
in	RELATION
der	O
öffentlichen	RAUMBESCHREIBUNG
Meinung	RAUMHINWEIS
,	O
die	O
zu	O
versöhnen	O
sie	O
indessen	O
ein	O
unfehlbares	O
,	O
aber	O
einziges	O
Mittel	O
hat	O
,	O
sobald	O
sie	O
das	O
geschehene	O
Übel	O
wieder	O
unter	RAUMMETAPHER
etwas	RAUMMETAPHER
äußeren	RAUMMETAPHER
Anstand	RAUMMETAPHER
zu	RAUMMETAPHER
vergraben	RAUMMETAPHER
weiß	RAUMMETAPHER
,	O
wo	RAUMMETAPHER
es	RAUMMETAPHER
dann	RAUMMETAPHER
rettungslos	RAUMMETAPHER
austoben	RAUMMETAPHER
mag	RAUMMETAPHER
;	O
dahingegen	O
jeder	O
mögliche	O
Schritt	O
,	O
es	O
zu	O
verbessern	O
,	O
das	O
allgemeine	O
Skandal	O
nur	O
vermehren	O
,	O
und	O
auch	O
in	O
der	O
That	O
,	O
durch	O
die	O
Konvenienz	O
,	O
wesentlich	O
unwirksam	O
gemacht	O
würde	O
.	O
Wenn	O
einzelne	O
feinere	O
Seelen	O
sich	O
entsetzen	O
,	O
daß	O
unter	RELATION
solchen	O
Menschen	RAUMHINWEIS
solche	O
Gräuel	O
vorgehn	O
,	O
wenn	O
sie	O
gar	O
dem	O
Schein	O
von	O
Schwärmerei	O
und	O
Bizarrerie	O
,	O
von	O
Don	O
Quixottismus	O
,	O
genug	O
trotzen	O
um	O
helfen	O
zu	O
wollen	O
,	O
so	O
finden	O
sie	O
doch	O
gar	O
bald	O
,	O
daß	O
dieser	O
Schein	O
nicht	O
umsonst	O
auf	RAUMMETAPHER
ihr	RAUMMETAPHER
Bestreben	RAUMMETAPHER
geworfen	RAUMMETAPHER
ist	RAUMMETAPHER
,	O
daß	O
er	O
deswegen	O
da	ORT
ist	O
,	O
damit	O
es	O
ihnen	O
unmöglich	O
sey	O
,	O
in	O
solchen	O
Dingen	O
etwas	O
gut	O
zu	O
machen	O
.	O
Und	O
die	O
kleinere	O
Anzahl	O
von	O
vertrauten	O
Freunden	O
oder	O
Angehörigen	O
des	O
Hauses	ORT
,	O
denen	O
selbst	O
das	O
Publikum	O
das	O
Recht	O
zugestehen	O
würde	O
,	O
sich	O
um	O
die	O
Angelegenheiten	O
desselben	ORT
zu	O
bekümmern	O
:	O
--	O
o	O
wie	O
wenig	O
hätte	O
die	O
Konvenienz	O
ihren	O
Vortheil	O
verstanden	O
,	O
wenn	O
sie	O
nicht	O
auch	O
deren	O
Recht	O
so	O
beschränkt	O
und	O
verklausulirt	O
hätte	O
,	O
daß	O
es	O
ihrer	O
Herrschaft	O
nicht	O
gefährlich	O
würde	O
!	O
Schwerlich	O
wird	O
ein	O
unbefangener	O
Leser	O
der	O
folgenden	O
Geschichte	O
sich	O
entbrechen	O
auszurufen	RELATIONALES VERB
:	O
War	O
denn	O
kein	O
Mensch	O
barmherzig	O
genug	O
,	O
um	O
Luisen	O
aus	RAUMMETAPHER
den	RAUMMETAPHER
Händen	RAUMMETAPHER
ihrer	O
Henker	O
zu	O
erlösen	O
?	O
Hätte	O
man	O
der	O
Mutter	O
,	O
welche	O
mit	O
alrer	O
Zärtlichkeit	O
für	O
ihre	O
Tochter	O
sie	O
ihrem	O
Stolze	O
aufgeopfert	O
hatte	O
,	O
und	O
von	O
den	O
Ruthen	RAUMHINWEIS
fühlloser	O
Miethlinge	O
zerreißen	RELATIONALES VERB
ließ	O
,	O
da	O
ihr	O
Zustand	O
sie	O
der	O
Nachsicht	O
,	O
der	O
Pflege	O
die	O
man	O
keinem	O
Säuglinge	O
versagt	O
,	O
bedürftig	O
machte	O
,	O
hätte	O
man	O
ihr	O
nicht	O
ihre	O
Pflicht	O
mit	O
strengem	O
Ernst	O
vorhalten	O
sollen	O
?	O
Konnte	O
denn	O
kein	O
einfaches	O
vernünftiges	O
Weib	O
schon	O
vorher	O
,	O
zur	O
rechten	O
Zeit	O
,	O
zu	RELATION
Luisen	RAUMHINWEIS
sagen	O
:	O
	O
Junge	O
Frau	O
,	O
mit	O
dieser	O
romanhaften	O
Zärtlichkeit	O
,	O
dieser	O
Ebbe	RAUMMETAPHER
und	RAUMMETAPHER
Fluth	RAUMMETAPHER
von	RAUMMETAPHER
Gefühlen	RAUMMETAPHER
,	RAUMMETAPHER
fesselt	RAUMMETAPHER
man	O
wohl	O
einen	O
jungen	O
unbärtigen	O
Liebhaber	O
;	O
aber	O
sie	O
beglückt	O
keinen	O
Ehemann	O
,	O
der	O
nicht	O
von	O
Zeit	O
zu	O
Zeit	O
Sonn	O
-	O
und	O
Festtagskost	O
,	O
sondern	O
in	RELATION
seinem	O
Hause	ORT
täglich	O
seine	O
behagliche	O
physische	O
und	O
moralische	O
Existenz	O
sucht	O
,	O
und	O
fordern	O
darf	O
?	O
``	O
Giebt	O
es	O
für	O
diejenigen	O
,	O
die	O
den	O
platonischen	O
Vertrag	O
zwischen	RELATION
Luisen	RAUMHINWEIS
und	O
ihrem	O
Gemahl	RAUMHINWEIS
kannten	O
,	O
und	O
ein	O
Recht	O
hatten	O
drein	O
zu	O
sprechen	O
,	O
eine	O
Entschuldigung	O
,	O
daß	O
sie	O
ihn	O
jemals	O
zugaben	O
?	O
Daß	O
Blachfeld	O
ihn	O
einging	O
,	O
war	O
so	O
natürlich	O
,	O
daß	O
er	O
ein	O
fühlloser	O
Wilder	O
gewesen	O
wäre	O
,	O
wenn	O
er	O
es	O
nicht	O
gethan	O
hätte	O
;	O
aber	O
ein	O
Thor	O
,	O
oder	O
etwas	O
,	O
selbst	O
nach	O
platonischen	O
Begriffen	O
die	O
das	O
Verdienst	O
doch	O
wohl	O
in	O
der	O
Überwindung	O
setzen	O
,	O
höchst	O
verdienstloses	O
wäre	O
er	O
gewesen	O
,	O
wenn	O
er	O
nicht	O
,	O
indem	O
er	O
sein	O
Wort	O
gab	O
,	O
sicher	O
gerechnet	O
hätte	O
,	O
daß	O
Natur	O
Liebe	O
und	O
Pflicht	O
ihn	O
vor	O
Ablauf	O
der	O
Frist	O
davon	O
lossprechen	O
würden	O
.	O
War	O
aber	O
die	O
Veranlassung	O
zu	O
diesem	O
Vertrag	O
unwiderruflich	O
in	RELATION
Luisens	O
Karakter	RAUMHINWEIS
,	O
vielleicht	O
gar	O
in	RELATION
ihren	O
physischen	RAUMHINWEIS
Anlagen	RAUMHINWEIS
gegründet	O
,	O
so	O
war	O
die	O
Ehe	O
ihre	O
Bestimmung	O
nicht	O
,	O
und	O
man	O
mußte	O
sie	O
nicht	O
verheirathen	O
:	O
war	O
sie	O
blos	O
die	O
Geburt	O
überspannter	O
Gefühle	O
,	O
verkehrter	O
Begriffe	O
von	O
Liebe	O
und	O
Glück	O
,	O
oder	O
falscher	O
Besorgnisse	O
wegen	O
ihrer	O
Gesundheit	O
,	O
so	O
mußte	O
das	O
unerfahrne	O
Mädchen	O
eines	O
Bessern	O
belehrt	O
werden	O
,	O
ehe	O
ihr	O
erlaubt	O
wurde	O
Pflichten	O
zu	O
übernehmen	O
,	O
die	O
für	O
sie	O
um	O
so	O
schwerer	O
und	O
heiliger	O
waren	O
,	O
als	O
weder	O
Neigung	O
noch	O
Vernunft	O
,	O
sondern	O
Eitelkeit	O
und	O
Konvenienzen	O
die	O
Heirath	O
schlossen	O
;	O
und	O
also	O
weder	O
Kopf	RAUMHINWEIS
noch	O
Herz	RAUMHINWEIS
,	O
sondern	O
der	O
kahle	O
dürre	O
Buchstabe	O
bürgerlicher	O
Pflicht	O
,	O
über	O
das	O
Glück	O
dieser	O
Ehe	O
zu	O
wachen	O
hatte	O
.	O
Das	O
Ansehen	O
,	O
welches	O
die	O
gute	O
Luise	O
am	O
meisten	O
ehrte	O
,	O
mischte	O
sich	O
gerade	O
hierin	O
nicht	O
:	O
die	O
Stimme	O
der	O
Freundschaft	O
,	O
--	O
Leidet	O
die	O
Konvenienz	O
denn	O
Freundschaft	O
?	O
Unter	O
Jünglingen	O
trifft	RELATIONALES VERB
man	O
zuweilen	O
noch	O
eine	O
Spur	RAUMHINWEIS
von	O
dem	O
Urbilde	O
der	O
Freundschaft	O
,	O
gegenseitiges	O
Mittheilen	O
,	O
und	O
Beistehen	O
mit	O
Geist	O
Herz	RAUMHINWEIS
und	O
Beutel	RAUMHINWEIS
:	O
aber	O
das	O
reifere	O
Alter	O
,	O
welches	O
uns	O
immer	O
als	O
das	O
Ziel	O
der	O
Weisheit	O
angerühmt	O
wird	O
,	O
und	O
welches	O
die	O
Konvenienz	O
zum	O
Grabe	RAUMMETAPHER
der	RAUMMETAPHER
schönen	RAUMMETAPHER
Menschlichkeit	RAUMMETAPHER
gemacht	O
hat	O
,	O
trennt	RAUMMETAPHER
dieses	RAUMMETAPHER
Band	RAUMMETAPHER
.	O
Ein	O
vernünftiger	O
Mann	O
hat	O
keine	O
Freunde	O
mehr	O
,	O
er	O
hat	O
Kollegen	O
,	O
er	O
hat	O
standesmäßigen	O
Umgang	O
,	O
und	O
wenn	O
die	O
Frau	O
barmherzig	O
ist	O
,	O
so	O
darf	O
er	O
wohl	O
gar	O
Tisch	RAUMHINWEIS
-	O
und	O
Trinkgenossen	O
haben	O
,	O
aber	O
einen	O
Freund	O
?	O
--	O
welch	O
ein	O
Romanenbegriff	O
!	O
Wenn	O
man	O
Weib	O
und	O
Kinder	O
hat	O
,	O
vergeht	O
einem	O
das	O
schon	O
von	O
selbst	O
.	O
Weiberfreundschaften	O
aber	O
tragen	O
nicht	O
einmal	O
eine	O
Jugendblüthe	O
;	O
sie	O
sind	O
die	O
Geburt	O
des	O
elterlichen	O
Drucks	O
,	O
der	O
Eitelkeit	O
,	O
der	O
Gewohnheit	O
,	O
der	O
leeren	O
Empfindelei	O
,	O
öfters	O
der	O
Intriguensucht	O
,	O
und	O
je	O
größer	O
der	O
Ort	ORT
,	O
je	O
höher	RAUMMETAPHER
der	O
Stand	O
,	O
je	O
reifer	O
das	O
Alter	O
,	O
desto	O
seelen	O
-	O
und	O
herzloser	O
werden	O
sie	O
.	O
Wie	O
würde	O
das	O
Tribunal	O
der	O
guten	O
Gesellschaft	RAUMHINWEIS
sich	O
empört	O
haben	O
,	O
wenn	O
ein	O
wohlmeinendes	O
Weib	O
sich	O
Luisens	O
noch	O
vor	O
ihrer	O
Heirath	O
angenommen	O
,	O
und	O
zu	RELATION
ihr	RAUMHINWEIS
gesagt	RELATIONALES VERB
hätte	O
:	O
	O
Prüfen	O
Sie	O
sich	O
,	O
und	O
finden	O
Sie	O
sich	O
stark	O
genug	O
,	O
um	O
Ihrer	O
Mutter	O
Mißfallen	O
zu	O
ertragen	O
,	O
finden	O
Sie	O
,	O
daß	O
es	O
blos	O
Vorurtheil	O
und	O
Hochmuth	O
ist	O
,	O
was	O
sich	O
der	O
Wahl	O
Ihres	O
Herzens	RAUMHINWEIS
entgegen	O
setzt	O
,	O
so	O
bleiben	O
Sie	O
bei	O
dieser	O
,	O
beweisen	O
Sie	O
durch	O
das	O
Glück	O
Ihrer	O
Ehe	O
,	O
durch	O
Ihre	O
Verdienste	O
als	O
Weib	O
,	O
daß	O
ihre	O
Eltern	O
irrten	O
,	O
zwingen	O
Sie	O
so	O
Ihre	O
gute	O
Mutter	O
,	O
sich	O
Ihres	O
Glückes	O
zu	O
erfreuen	O
;	O
wo	O
nicht	O
,	O
so	O
müssen	O
Sie	O
doch	O
immer	O
mit	O
Ernst	O
und	O
Kraft	O
jedes	O
Mittel	O
erforschen	O
und	O
anwenden	O
,	O
um	O
auch	O
in	O
diesem	O
Verhältniß	O
nicht	O
unglücklich	O
zu	O
seyn	O
;	O
so	O
dürfen	O
Sie	O
nicht	O
leiden	O
,	O
und	O
indem	O
Sie	O
sich	O
für	O
Ihre	O
Mutter	O
zu	O
opfern	O
wähnen	O
,	O
sie	O
durch	O
Märtirerthum	O
für	O
den	O
Zwang	O
,	O
den	O
sie	O
Ihnen	O
anthat	O
,	O
strafen	O
!	O
``	O
Wehe	O
der	O
Kühnen	O
,	O
die	O
eine	O
solche	O
Alternative	O
aufgestellt	O
hätte	O
!	O
der	O
Stab	RAUMMETAPHER
ward	RAUMMETAPHER
über	RAUMMETAPHER
sie	RAUMMETAPHER
gebrochen	RAUMMETAPHER
.	O
Als	O
nun	O
aber	O
Luise	O
zu	O
ihrer	O
Heirath	O
beredet	O
war	O
,	O
hätte	O
man	O
ihr	O
nicht	O
auch	O
dann	O
noch	O
richtigere	O
Begriffe	O
von	O
der	O
Autorität	O
ihrer	O
Mutter	O
,	O
von	O
dem	O
Einfluß	O
ihrer	O
übrigen	O
Familie	O
auf	O
ihr	O
eignes	O
Thun	O
,	O
beibringen	O
können	O
?	O
Hätte	O
man	O
sie	O
nicht	O
belehren	O
können	O
,	O
daß	O
sie	O
als	O
Gattin	O
und	O
Mutter	O
ihrem	O
Gemahl	O
,	O
dem	O
Vater	O
ihrer	O
Kinder	O
,	O
aber	O
in	O
nichts	O
,	O
das	O
ihre	O
Ehe	O
beträfe	O
,	O
ihrer	O
Familie	O
mehr	O
angehörte	O
?	O
Hätte	O
man	O
ihr	O
nicht	O
den	O
Muth	O
geben	O
können	O
,	O
das	O
ehrwürdige	O
Vorurtheil	O
ihrer	O
kindlichen	O
Liebe	O
mit	O
der	O
Fackel	O
wahrer	O
Sittlichkeit	O
zu	O
beleuchten	O
?	O
--	O
Können	O
!	O
Als	O
ob	O
der	O
Begrif	O
,	O
was	O
Freunde	O
thun	O
können	O
,	O
nicht	O
schon	O
längst	O
dem	O
verzehrenden	O
Hauche	O
der	O
Konvenienz	O
hätte	O
unterliegen	O
müssen	O
,	O
um	O
auch	O
hier	O
das	O
Wort	O
auf	RAUMMETAPHER
den	RAUMMETAPHER
Trümmern	RAUMMETAPHER
der	RAUMMETAPHER
Sache	RAUMMETAPHER
herrschen	RAUMMETAPHER
zu	O
lassen	O
!	O
	O
Aber	O
was	O
wollt	O
Ihr	O
?	O
Es	O
bleibt	O
doch	O
beim	O
Alten	O
!	O
So	O
laßt	O
auch	O
Ihr	O
es	O
dabei	O
!	O
``	O
--	O
Und	O
wie	O
alt	O
ist	O
denn	O
das	O
Alte	O
?	O
Nein	O
,	O
es	O
war	O
nicht	O
von	O
jeher	O
so	O
,	O
und	O
es	O
kann	O
und	O
wird	O
nicht	O
immer	O
so	O
bleiben	O
.	O
Man	O
darf	O
es	O
denen	O
,	O
die	O
das	O
Gegentheil	O
behaupten	O
,	O
kühn	O
überlassen	O
,	O
es	O
zu	O
beweisen	O
.	O
Zuverläßig	O
giebt	O
es	O
unter	O
den	O
Leiden	O
,	O
welche	O
diese	O
Unglückliche	O
betrafen	O
,	O
nicht	O
ein	O
einziges	O
,	O
das	O
nicht	O
abgewendet	O
worden	O
wäre	O
,	O
wenn	O
der	O
Kreis	RAUMMETAPHER
von	RAUMMETAPHER
Indolenz	RAUMMETAPHER
,	RAUMMETAPHER
von	RAUMMETAPHER
Rücksichten	RAUMMETAPHER
,	RAUMMETAPHER
von	RAUMMETAPHER
Furchtsamkeit	RAUMMETAPHER
,	O
von	O
allen	O
Verneinungen	O
aller	O
Tugenden	O
,	O
den	O
man	O
unter	O
dem	O
Namen	O
Konvenienz	O
der	O
gesellschaftlichen	O
Menschheit	O
als	O
oberstes	O
Gesetz	O
aufgedrungen	O
hat	O
,	O
sie	O
nicht	O
umschlossen	RAUMMETAPHER
hätte	O
.	O
Wenn	O
also	O
Ein	O
Leser	O
von	O
Luisens	O
Geschichte	O
dadurch	O
veranlaßt	O
wird	O
,	O
Ein	O
Mittel	O
zu	O
finden	RELATIONALES VERB
,	O
um	O
sich	O
durch	RAUMMETAPHER
die	RAUMMETAPHER
Verschanzungen	RAUMMETAPHER
der	RAUMMETAPHER
Konvenienz	RAUMMETAPHER
durchzustehlen	RAUMMETAPHER
,	O
und	O
Eines	O
ihrer	O
zahllosen	O
Übel	O
zu	O
verhüten	O
,	O
so	O
ist	O
die	O
Herausgabe	O
dieser	O
Blätter	O
gut	O
gewesen	O
.	O
-LSB-	O
Luise	O
-RSB-	O
Luise	O
war	O
die	O
Tochter	O
eines	O
Mannes	O
,	O
welcher	O
in	RELATION
der	O
Residenz	ORT
des	O
Fürsten	O
von	O
**	ORT
,	O
nicht	O
weit	RELATION
von	RELATION
der	O
Hauptstadt	ORT
S	ORT
eine	O
ansehnliche	O
Stelle	O
bekleidete	O
.	O
Ihr	O
Vater	O
einer	O
von	O
den	O
Menschen	O
,	O
welche	O
die	O
Natur	O
nur	O
selten	O
hervorbringt	RELATIONALES VERB
.	O
Wenig	O
Bedürfnissen	O
unterworfen	O
,	O
blieb	O
er	O
von	RAUMMETAPHER
Geitz	RAUMMETAPHER
und	RAUMMETAPHER
von	RAUMMETAPHER
Habsucht	RAUMMETAPHER
gleich	RAUMMETAPHER
entfernt	RAUMMETAPHER
;	O
ausschließend	O
mit	O
den	O
abstraktesten	O
Wissenschaften	O
beschäftigt	O
,	O
widmete	O
er	O
ihnen	O
die	O
ganze	O
Zeit	O
,	O
die	O
seine	O
Amtspflichten	O
ihm	O
übrig	O
ließen	O
.	O
Ohne	O
Enthusiasmus	O
,	O
kalt	O
aus	O
Temperament	O
,	O
kannte	O
er	O
weder	O
Eitelkeit	O
noch	O
Ehrgeitz	O
;	O
aber	O
eben	O
deswegen	O
war	O
er	O
auch	O
jedes	O
gespannteren	O
feinen	O
Gefühls	O
unfähig	O
.	O
Seine	O
Tochter	O
glich	O
ihm	O
zu	O
ihrem	O
Unglück	O
nur	O
zu	O
wenig	O
;	O
sie	O
betete	RELATIONALES VERB
ihren	O
Vater	O
an	RELATIONALES VERB
,	O
ohne	O
es	O
ihm	O
sagen	O
zu	O
dürfen	O
;	O
denn	O
wenig	O
mittheilend	O
wie	O
er	O
war	O
,	O
bot	O
er	O
ihr	O
keine	O
Gelegenheit	O
dazu	O
;	O
und	O
ungeachtet	O
seiner	O
tiefen	O
Menschenkenntniß	O
,	O
blieb	O
ihm	O
das	O
Herz	RAUMMETAPHER
seiner	RAUMMETAPHER
Tochter	RAUMMETAPHER
verborgen	RAUMMETAPHER
.	O
Er	O
wollte	O
ihr	O
Glück	O
,	O
verfehlte	O
aber	O
die	O
Mittel	O
.	O
Aus	O
Furcht	O
vor	O
der	O
Ansteckung	O
des	O
Zeitalters	O
,	O
schloß	O
er	O
sie	O
von	O
allem	O
Umgange	RAUMHINWEIS
mit	O
andern	O
jungen	O
Leuten	O
aus	O
.	O
Sein	O
hohes	O
Alter	O
und	O
eine	O
schwache	O
Gesundheit	O
dienten	O
ihm	O
selbst	O
zum	O
Vorwande	O
,	O
keine	O
Besuche	RAUMTHEMA
anzunehmen	RELATIONALES VERB
;	O
und	O
obgleich	O
der	O
Geschmack	O
seiner	O
Frau	O
in	O
diesem	O
Stücke	O
sehr	O
von	O
dem	O
seinigen	O
abging	O
,	O
so	O
war	O
sie	O
doch	O
vernünftig	O
genug	O
,	O
sich	O
darin	O
zu	O
finden	O
,	O
und	O
beschäftigte	O
sich	O
einzig	O
und	O
allein	O
mit	O
ihrer	O
Wirthschaft	RAUMHINWEIS
.	O
Auf	O
diese	O
Weise	O
blieb	O
Luisen	O
keine	O
andere	O
Gesellschaft	RAUMHINWEIS
,	O
als	O
die	O
Bücher	O
Sammlung	O
ihres	O
Vaters	O
,	O
die	O
sie	O
ohne	O
alle	O
Wahl	O
mit	O
heissem	O
Eifer	O
durchlas	O
.	O
Bey	O
einem	O
von	O
Natur	O
zur	O
Schwermuth	O
geneigten	O
Karakter	O
,	O
ergriff	O
sie	O
alles	O
was	O
ihre	O
Melancholie	O
nähren	O
konnte	O
.	O
Youngs	O
Nachtgedanken	O
,	O
Heloisens	O
Brief	O
an	O
Abälard	O
,	O
Clarisse	O
,	O
Sethos	O
,	O
waren	O
ihre	O
Lieblingsschriften	O
,	O
und	O
brachten	RELATIONALES VERB
bald	O
ein	O
Chaos	O
in	RELATION
ihrem	O
Kopfe	RAUMHINWEIS
hervor	RELATIONALES VERB
,	O
aus	RELATION
welchem	RAUMHINWEIS
sich	O
der	O
einzige	O
feste	O
Begriff	O
entspann	O
,	O
daß	O
die	O
Tugend	O
in	RELATION
dieser	O
Welt	ORT
auf	O
kein	O
Glück	O
zu	O
rechnen	O
habe	O
.	O
Ihr	O
Gefühl	O
führte	O
sie	O
zur	O
Frömmigkeit	O
an	O
:	O
allein	O
dieser	O
heilige	O
Trieb	O
,	O
welchen	O
der	O
Schöpfer	O
zum	O
Trost	O
,	O
und	O
zur	O
Erleuchtung	O
in	RELATION
des	O
Menschen	O
Herz	RAUMHINWEIS
legte	RELATIONALES VERB
,	O
ward	O
ein	O
Feuer	O
für	O
sie	O
,	O
das	O
an	RAUMMETAPHER
ihrer	RAUMMETAPHER
Seele	RAUMMETAPHER
nagte	RAUMMETAPHER
,	O
ohne	O
sie	O
zu	O
erhellen	O
.	O
Da	O
sie	O
ohne	O
einen	O
andern	O
Führer	O
als	O
die	O
zarteste	O
Gewissenscheu	O
,	O
verschiedene	O
strenge	O
Religions-Bücher	O
gelesen	O
hatte	O
,	O
ward	O
sie	O
von	O
Reue	O
gepeinigt	O
,	O
ehe	O
ihre	O
Seele	O
die	O
Schuld	O
kannte	O
;	O
und	O
die	O
Ruhe	O
der	O
Unschuld	O
war	O
bei	O
dem	O
reinsten	O
Herzen	RAUMHINWEIS
fern	RELATION
von	RELATION
ihr	RAUMHINWEIS
.	O
Ihre	O
Mutter	O
,	O
welche	O
ihrem	O
Hauswesen	RAUMHINWEIS
aus	O
Geschmack	O
und	O
mit	O
vollkommner	O
Sachkenntniß	O
vorstand	O
,	O
ließ	O
sich	O
von	O
Luisen	O
wenig	O
dabey	O
helfen	O
,	O
und	O
der	O
Vater	O
,	O
weit	RAUMMETAPHER
entfernt	RAUMMETAPHER
sie	O
von	O
ihrem	O
Geschmack	O
an	O
den	O
Wissenschaften	O
abzubringen	O
,	O
hatte	O
vielmehr	O
seine	O
Freude	O
daran	O
.	O
Luise	O
machte	O
auch	O
wirklich	O
einige	O
Fortschritte	O
,	O
die	O
aber	O
ihrer	O
Gesundheit	O
nachtheilig	O
waren	O
,	O
und	O
ihren	O
angebornen	O
Hang	O
zur	O
Schwermuth	O
noch	O
vermehrten	O
.	O
Auch	O
glaubt	O
sie	O
,	O
daß	O
ein	O
unglücklicher	O
Fall	RAUMTHEMA
,	O
den	O
sie	O
in	O
der	O
damaligen	O
Zeit	O
that	O
,	O
den	O
Grund	O
zu	O
ihrer	O
nachherigen	O
schrecklichen	O
Krankheit	O
,	O
und	O
zu	O
dem	O
daraus	O
erfolgten	O
Elend	O
ihres	O
Lebens	O
gelegt	O
haben	O
mag	O
.	O
Sie	O
stürzte	RELATIONALES VERB
nämlich	O
in	O
ihrem	O
funfzehnten	O
Jahre	O
rücklings	O
zwei	O
Treppen	RAUMTHEMA
herunter	RELATION
in	RELATION
einen	O
Keller	ORT
,	O
mit	O
dem	O
Kopf	RAUMHINWEIS
auf	RELATION
die	O
Steine	RAUMHINWEIS
;	O
ihr	O
Vater	O
war	O
sehr	O
um	O
sie	O
besorgt	O
,	O
und	O
obwohl	O
keine	O
sichtbare	O
Beschädigung	O
zurückblieb	O
,	O
obwohl	O
jene	O
Krankheit	O
erst	O
zehn	O
Jahre	O
darauf	O
entstand	O
,	O
so	O
empfand	O
sie	O
seitdem	O
doch	O
immer	O
,	O
bei	O
jeder	O
anhaltenden	O
Beschäftigung	O
des	O
Geistes	O
,	O
oder	O
bei	O
äusserlichen	O
Erschütterungen	O
,	O
wie	O
z.B.	O
vom	O
Fahren	RELATIONALES VERB
,	O
Schmerzen	O
,	O
die	O
den	O
bei	O
ihrem	O
Falle	RAUMTHEMA
ausgestandenen	O
ähnlich	O
waren	O
.	O
Luisens	O
Vater	O
ward	O
bald	O
genöthiget	O
,	O
seines	O
hohen	O
Alters	O
wegen	O
,	O
sein	O
Amt	O
aufzugeben	O
;	O
allein	O
mit	O
dem	O
persönlichen	O
Zutrauen	O
seines	O
gütigen	O
Herrn	O
beehrt	O
,	O
blieb	RELATIONALES VERB
er	O
in	RELATION
dessen	O
Nähe	RELATION
,	O
und	O
überließ	RELATIONALES VERB
sich	O
nun	O
einzig	O
seinen	O
Lieblingswissenschaften	O
.	O
Seinen	O
sehr	O
eingeschränkten	O
häuslichen	RAUMBESCHREIBUNG
Umgang	RAUMTHEMA
vermehrte	O
damals	O
ein	O
Mann	O
,	O
der	O
zu	RELATION
einer	O
erledigten	O
geistlichen	O
Stelle	RAUMHINWEIS
berufen	RELATIONALES VERB
worden	O
war	O
,	O
und	O
dessen	O
ganze	O
Familie	O
Luisen	O
sehr	O
interessiren	O
mußte	O
.	O
Der	O
Mann	O
sowohl	O
als	O
seine	O
Gattinn	O
zeichneten	O
sich	O
durch	O
Geist	O
und	O
Kenntnisse	O
aus	O
,	O
und	O
beschäftigten	O
sich	O
mit	O
der	O
Erziehung	O
von	O
drey	O
Kindern	O
,	O
an	RAUMMETAPHER
welchen	RAUMMETAPHER
Luise	RAUMMETAPHER
bald	RAUMMETAPHER
so	RAUMMETAPHER
zärtlich	RAUMMETAPHER
hieng	RAUMMETAPHER
,	O
als	O
hätte	O
die	O
Natur	O
sie	O
zu	O
ihrer	O
Mutter	O
gemacht	O
.	O
Sich	O
mit	RELATION
ihnen	RAUMHINWEIS
beschäftigen	O
,	O
ihre	O
Spiele	O
theilen	O
,	O
sie	O
liebkosen	O
,	O
waren	O
die	O
süssesten	O
Freuden	O
dieser	O
liebenden	O
Seele	O
,	O
die	O
endlich	O
ihre	O
rechte	O
Bestimmung	O
entdeckt	RELATIONALES VERB
hatte	O
.	O
Wenn	O
sie	O
sich	O
mit	O
den	O
Kindern	O
gefiel	O
,	O
so	O
unterrichtete	O
sie	O
sich	O
bey	RELATION
den	O
Eltern	RAUMHINWEIS
,	O
und	O
versäumte	O
keine	O
Gelegenheit	O
sie	RAUMHINWEIS
zu	O
sehn	RELATIONALES VERB
.	O
Ihr	O
junges	O
Herz	RAUMHINWEIS
war	O
geschmeichelt	O
,	O
sich	O
bei	RELATION
Menschen	RAUMHINWEIS
von	O
so	O
viel	O
reiferem	O
Alter	O
,	O
von	O
so	O
anerkanntem	O
Verdienste	O
,	O
als	O
Freundinn	O
aufgenommen	RELATIONALES VERB
zu	O
sehn	RELATIONALES VERB
.	O
Diesem	O
Reize	O
widersteht	O
man	O
in	O
der	O
Jugend	O
nicht	O
;	O
es	O
war	O
für	O
sie	O
die	O
reinste	O
,	O
die	O
entzückendste	O
Empfindung	O
,	O
die	O
aber	O
nicht	O
lange	O
ungetrübt	O
blieb	O
:	O
Luise	O
sog	RAUMMETAPHER
unter	RELATION
diesem	O
gastfreyen	O
Dach	RAUMHINWEIS
ein	O
langsames	RAUMMETAPHER
aber	RAUMMETAPHER
tödliches	RAUMMETAPHER
Gift	RAUMMETAPHER
ein	RAUMMETAPHER
.	O
Das	O
Glück	O
dieser	O
beyden	O
Gatten	O
stellte	O
zum	O
erstenmal	O
,	O
und	O
unter	O
einer	O
mehr	O
rührenden	O
als	O
wahren	O
Gestalt	RAUMHINWEIS
,	O
das	O
Bild	O
einer	O
ehelichen	O
Verbindung	RAUMTHEMA
vor	RELATION
ihre	O
Augen	RAUMHINWEIS
.	O
Nach	O
einer	O
sechsjährigen	O
Ehe	O
war	O
der	O
Mann	O
noch	O
immer	O
der	O
Liebhaber	O
seiner	O
Frau	O
.	O
Da	O
weder	O
Ehrgeiz	O
noch	O
Eigennutz	O
dieses	O
Band	RAUMMETAPHER
geknüpft	O
hatten	O
,	O
so	O
fanden	O
die	O
Ursachen	O
seines	O
Wohlgefallens	O
an	RELATION
ihr	RAUMHINWEIS
immer	O
noch	O
statt	O
:	O
und	O
überdem	O
war	O
er	O
nicht	O
,	O
wie	O
die	O
meisten	O
Männer	O
,	O
von	O
seiner	O
Gestalt	RAUMHINWEIS
und	O
seinen	O
Verdiensten	O
,	O
so	O
vorzüglich	O
diese	O
auch	O
waren	O
,	O
eingenommen	O
;	O
sondern	O
gestand	O
es	O
ein	O
,	O
daß	O
ein	O
Mann	O
,	O
wie	O
glänzend	O
seine	O
Eigenschaften	O
auch	O
seyn	O
möchten	O
,	O
einem	O
Weibe	O
immer	O
Dank	O
schuldig	O
sey	O
,	O
die	O
oft	O
mit	O
nicht	O
geringeren	O
Talenten	O
,	O
ihr	O
Leben	O
kleinlichen	O
Beschäftigungen	O
widmet	O
,	O
seine	O
Suppe	O
kocht	O
,	O
für	O
seine	O
Wäsche	O
,	O
seine	O
Kleidung	O
sorgt	O
,	O
und	O
ihm	O
auf	O
Kosten	O
ihrer	O
Gesundheit	O
von	O
Zeit	O
zu	O
Zeit	O
den	O
Genuß	O
verschaft	O
,	O
ein	O
Kind	O
zu	O
liebkosen	O
,	O
das	O
er	O
nur	O
in	O
den	O
schönsten	O
Augenblicken	O
sieht	RELATIONALES VERB
,	O
indeß	O
die	O
Mutter	O
allein	O
alle	O
Sorgen	O
,	O
alle	O
Last	O
,	O
alle	O
Gefahren	O
erträgt	O
,	O
die	O
von	O
ihrer	O
Lage	O
unzertrennlich	O
sind	O
.	O
Diese	O
Betrachtungen	O
bewogen	O
Luisens	O
Freund	O
,	O
seine	O
Frau	O
mit	O
noch	O
mehr	O
Achtsamkeit	O
und	O
Sorgfalt	O
zu	O
behandeln	O
,	O
wie	O
er	O
als	O
Liebhaber	O
gethan	O
hatte	O
;	O
denn	O
damals	O
,	O
pflegte	O
er	O
zu	O
sagen	O
,	O
hatte	O
sie	O
noch	O
nichts	O
für	O
mich	O
gethan	O
,	O
und	O
konnte	O
thun	O
und	O
lassen	O
,	O
was	O
ihr	O
gefiel	O
;	O
ich	O
habe	O
wirklich	O
zu	O
viel	O
Eigenliebe	O
,	O
setzte	O
er	O
lachend	O
hinzu	O
,	O
um	O
sie	O
den	O
Verlust	RAUMTHEMA
dieser	O
Freyheit	RAUMTHEMA
bedauern	O
zu	O
lassen	O
.	O
Diese	O
Worte	O
machten	O
einen	O
tiefen	O
Eindruck	O
auf	RELATION
Luisen	RAUMHINWEIS
:	O
unwillkührlich	O
wünschte	O
sie	O
,	O
ihr	O
Schicksal	O
möchte	O
dem	O
ihrer	O
Freundin	O
gleichen	O
;	O
und	O
die	O
Unmöglichkeit	O
,	O
diesen	O
Wunsch	O
erfüllt	O
zu	O
sehn	O
,	O
brachte	RELATIONALES VERB
jene	O
schmachtende	O
Stimmung	O
in	RELATION
ihr	RAUMHINWEIS
hervor	RELATION
,	O
welche	O
die	O
Seele	O
durch	O
Unthätigkeit	O
entnervt	O
,	O
und	O
indem	O
sie	O
immer	O
nach	O
einem	O
geliebten	O
Hirngespinnst	O
strebt	O
,	O
solche	O
gegen	O
alles	O
wirkliche	O
Gute	O
was	O
sie	O
umgiebt	RELATIONALES VERB
,	O
mit	O
Widerwillen	O
erfüllt	RELATIONALES VERB
.	O
Luise	O
hatte	O
nun	O
das	O
Alter	O
erreicht	O
,	O
wo	O
junge	O
Leute	O
ihrer	O
Religion	O
gewöhnlich	O
die	O
erste	O
Kommunion	O
empfangen	RELATIONALES VERB
.	O
Ihr	O
Freund	O
ward	O
ihr	O
Lehrer	O
und	O
Beichtvater	O
;	O
er	O
hatte	O
eine	O
vorzügliche	O
Gabe	O
zum	O
Unterricht	O
der	O
Jugend	O
.	O
Außer	O
der	O
Kunst	O
sich	O
ganz	O
nach	O
ihrer	O
Fassungskraft	O
zu	O
richten	O
,	O
besaß	O
er	O
die	O
glückliche	O
Gabe	O
der	O
hinreissendsten	O
Überredung	O
.	O
Seine	O
Schüler	O
ehrten	O
ihn	O
wie	O
das	O
Ebenbild	O
des	O
Gottes	O
.	O
den	O
er	O
ihnen	O
predigte	O
,	O
und	O
liebten	O
ihn	O
wie	O
einen	O
Vater	O
.	O
Näher	O
als	O
manche	O
seiner	O
Amtsgenossen	O
mit	O
den	O
menschlichen	O
Schwächen	O
bekannt	O
,	O
bezeugte	O
er	O
ihnen	O
mehr	O
Theilnehmung	O
.	O
Man	O
denke	O
sich	O
die	O
erhabensten	O
Tugenden	O
der	O
Religion	O
von	O
einem	O
Manne	O
vorgetragen	RELATIONALES VERB
,	O
der	O
selbst	O
von	O
ihrem	O
wichtigen	O
Einflusse	O
auf	O
unser	O
Glück	O
heilig	O
überzeugt	O
war	O
,	O
und	O
dessen	O
ganzes	O
Leben	O
diesen	O
Wahrheiten	O
zum	O
Belege	O
diente	O
;	O
man	O
denke	O
sich	O
,	O
sage	O
ich	O
,	O
die	O
Wirkung	O
welche	O
dieser	O
lebendige	O
Unterricht	O
auf	RELATION
Luisens	O
Herz	RAUMHINWEIS
haben	O
mußte	O
.	O
Ihr	O
war	O
kein	O
reines	O
Glück	O
beschieden	O
.	O
Indem	O
ihre	O
Mutter	O
und	O
ihre	O
Brüder	O
sie	O
über	O
den	O
Enthusiasmus	O
,	O
mit	O
welchem	O
sie	O
von	O
ihrem	O
Freunde	O
sprach	O
,	O
aufzogen	O
,	O
versetzten	O
sie	O
ihrer	O
Ruhe	O
einen	O
tödlichen	O
Streich	O
;	O
sie	O
wurde	O
mißtrauisch	O
gegen	O
diese	O
unschuldigste	O
Leidenschaft	O
,	O
und	O
der	O
Frieden	O
wich	RELATIONALES VERB
aus	RELATION
ihrer	O
Seele	RAUMHINWEIS
.	O
Ein	O
kleiner	O
Vorfall	O
trug	O
noch	O
mehr	O
dazu	O
bey	O
,	O
sie	O
in	O
diesem	O
unglücklichen	O
Irrthume	O
zu	O
bestärken	O
.	O
Luise	O
hatte	O
ihren	O
Freund	O
in	O
Pastell	O
gemahlt	O
:	O
eines	O
Tages	O
zeigte	RELATIONALES VERB
sie	O
dieses	O
Bild	O
einer	O
ihrer	O
Bekannten	O
,	O
einer	O
Frau	O
von	O
vielem	O
Geist	O
,	O
und	O
der	O
einzigen	O
mit	O
welcher	O
ihr	O
Vater	O
ihr	O
gestattete	O
umzugehn	RELATIONALES VERB
.	O
Indem	O
jemand	O
aus	RELATION
der	O
Gesellschaft	RAUMHINWEIS
die	O
Bemerkung	O
machte	O
,	O
wie	O
Schade	O
es	O
sey	O
,	O
daß	O
diese	O
Art	O
Mahlerey	O
so	O
schnell	O
verlösche	O
,	O
näherte	RELATIONALES VERB
sich	O
Madame	O
E	O
**	O
,	O
der	O
sie	O
das	O
Gemählde	O
zuerst	O
gezeigt	RELATIONALES VERB
hatte	O
,	O
Luisens	O
Ohr	RAUMHINWEIS
,	O
und	O
sagte	O
:	O
	O
Ich	O
weiß	O
nicht	O
,	O
ob	O
die	O
Zeit	O
etwas	O
über	O
dieses	O
Bild	O
vermag	O
;	O
wäre	O
ich	O
aber	O
Ihr	O
Liebhaber	O
,	O
so	O
würde	O
ich	O
es	O
kaum	O
hoffen	O
.	O
``	O
Luise	O
schlug	RELATIONALES VERB
erröthend	O
die	O
Augen	RAUMHINWEIS
nieder	RELATION
;	O
dieser	O
Moment	O
ließ	O
sie	O
einen	O
schrecklichen	O
Blick	RAUMHINWEIS
in	RELATION
ihr	O
Inneres	RAUMHINWEIS
werfen	RELATIONALES VERB
.	O
Der	O
Ruf	O
ihres	O
Vaters	O
zog	RELATIONALES VERB
viele	O
junge	O
Leute	O
in	RELATION
ihr	O
Haus	ORT
;	O
manche	O
von	O
ihnen	O
hatten	O
Luisen	O
mit	O
schmeichelhafter	O
Auszeichnung	O
behandelt	O
,	O
sie	O
war	O
äusserst	O
gleichgültig	O
dagegen	RELATION
gewesen	O
,	O
und	O
hatte	O
sich	O
bis	O
jetzt	O
dessen	O
gerühmt	O
;	O
jetzt	O
glaubte	O
sie	O
die	O
Ursache	O
davon	O
errathen	O
zu	O
haben	O
,	O
und	O
schauderte	O
vor	O
Schrecken	O
zurück	RELATION
.	O
Die	O
finstersten	O
Gedanken	RAUMMETAPHER
stürmten	RAUMMETAPHER
auf	RAUMMETAPHER
sie	RAUMMETAPHER
ein	RAUMMETAPHER
;	O
sie	O
durfte	O
die	O
Augen	RAUMHINWEIS
nicht	O
mehr	O
zu	RELATION
der	O
Gattin	RAUMHINWEIS
ihres	O
Lehrers	O
aufschlagen	RELATIONALES VERB
;	O
sie	O
durfte	O
seine	O
Kinder	O
nicht	O
mehr	O
liebkosen	O
;	O
wie	O
Kain	O
floh	RELATIONALES VERB
sie	O
die	O
Menschen	O
,	O
und	O
hatte	O
keine	O
Ruhe	O
mehr	O
.	O
Dem	O
Anschein	O
nach	O
floß	RAUMMETAPHER
Luisens	RAUMMETAPHER
Leben	RAUMMETAPHER
wie	RAUMMETAPHER
ein	RAUMMETAPHER
Bach	RAUMMETAPHER
zwischen	RAUMMETAPHER
blühenden	RAUMMETAPHER
Ufern	RAUMMETAPHER
hin	RAUMMETAPHER
;	O
aber	O
ihre	O
traurige	O
Stimmung	O
ungerechnet	O
,	O
hatte	O
sie	O
auch	O
schon	O
nagenden	O
Kummer	O
gekannt	O
.	O
Ihre	O
Mutter	O
,	O
deren	O
herrschender	O
Hang	O
Mitleid	O
und	O
Wohlthun	O
war	O
,	O
hatte	O
ein	O
Weib	O
aufgenommen	RELATIONALES VERB
,	O
die	O
mit	O
dem	O
falschesten	O
Herzen	O
alle	O
Fehler	O
einer	O
niedrigen	O
knechtischen	O
Erziehung	O
verband	O
.	O
Diese	O
Person	O
hatte	O
sich	O
in	RAUMMETAPHER
das	RAUMMETAPHER
Vertrauen	RAUMMETAPHER
der	RAUMMETAPHER
Madame	RAUMMETAPHER
N.	RAUMMETAPHER
einzuschleichen	RAUMMETAPHER
,	O
und	O
sich	O
unentbehrlich	O
zu	O
machen	O
gewußt	O
,	O
indem	O
sie	O
doch	O
ihre	O
Wohlthäterin	O
von	RELATION
mehr	O
als	O
einer	O
Seite	RELATION
betrog	O
.	O
Luise	O
hatte	O
das	O
Alter	O
erreicht	O
,	O
wo	O
sie	O
ihren	O
Eltern	O
die	O
Augen	RAUMMETAPHER
hätte	RAUMMETAPHER
öffnen	RAUMMETAPHER
können	O
,	O
das	O
Weib	O
fürchtete	O
und	O
haßte	O
sie	O
also	O
in	O
gleichem	O
Grade	O
;	O
sie	O
fand	O
es	O
ihrem	O
Interesse	O
gemäß	O
,	O
Luisen	O
das	O
Vertrauen	O
ihrer	O
Mutter	O
,	O
das	O
theuerste	O
Gut	O
welches	O
sie	O
besaß	O
,	O
zu	O
entziehen	RELATIONALES VERB
.	O
Sie	O
dachte	O
über	O
ihre	O
Handlungen	O
nicht	O
nach	O
;	O
und	O
so	O
unermüdet	O
sie	O
Luisen	O
verfolgte	RELATIONALES VERB
,	O
so	O
fehlte	O
es	O
ihr	O
doch	O
an	O
Verstand	O
,	O
um	O
zu	O
fühlen	O
,	O
wie	O
satanisch	O
ihr	O
Betragen	O
war	O
.	O
Gescheute	O
Leute	O
können	O
manchmal	O
bei	O
dem	O
Bösen	O
das	O
sie	O
thun	O
,	O
inne	O
halten	O
:	O
Dummköpfe	O
blicken	RAUMMETAPHER
nie	RAUMMETAPHER
hinter	RAUMMETAPHER
sich	RAUMMETAPHER
,	O
um	O
das	O
Übel	O
zu	O
übersehen	RELATIONALES VERB
,	O
das	O
sie	O
veranlassen	O
.	O
So	O
böse	O
dieses	O
Weib	O
war	O
,	O
so	O
konnte	O
sie	O
doch	O
keinen	O
Armen	O
,	O
Nackten	O
sehen	RELATIONALES VERB
,	O
ohne	O
ihm	O
beyzustehen	O
,	O
oder	O
ihn	O
zu	O
kleiden	O
.	O
Wenn	O
sie	O
Luisen	O
in	O
solchem	O
Zustande	O
gesehn	RELATIONALES VERB
hätte	O
,	O
würde	O
sie	O
ihr	O
ihren	O
letzten	O
Rock	RAUMHINWEIS
gegeben	RELATIONALES VERB
haben	O
;	O
aber	O
in	O
einer	O
Lage	O
,	O
die	O
ihr	O
weit	O
eher	O
Neid	O
als	O
Mitleid	O
zu	O
verdienen	O
schien	O
,	O
glaubte	O
sie	O
ihr	O
allen	O
Kummer	O
und	O
Verdruß	O
anthun	O
zu	O
können	O
.	O
Sie	O
hatte	O
sich	O
durch	O
ihre	O
Talente	O
,	O
kleine	RAUMBESCHREIBUNG
Kinder	O
zu	O
pflegen	O
,	O
und	O
der	O
Wirthschaft	RAUMHINWEIS
vorzustehn	O
,	O
nun	O
funfzehn	O
Jahre	O
in	RELATION
diesem	O
Hause	ORT
erhalten	RELATIONALES VERB
,	O
und	O
sie	O
konnte	O
Luisen	O
um	O
so	O
mehr	O
Kummer	O
machen	O
,	O
als	O
diese	O
jetzt	O
in	O
das	O
Alter	O
trat	O
,	O
wo	O
man	O
zu	O
furchtsam	O
ist	O
,	O
sich	O
zu	O
beklagen	O
,	O
und	O
zu	O
wenig	O
Erfahrung	O
hat	O
,	O
um	O
zu	O
wissen	O
,	O
daß	O
dem	O
Bösen	O
wie	O
dem	O
Guten	O
ein	O
Ziel	O
gesetzt	O
ist	O
.	O
In	O
späteren	O
Jahren	O
hatte	O
Luise	O
die	O
Genugthuung	O
,	O
ihre	O
Mutter	O
,	O
durch	O
das	O
eigene	O
Geständniß	O
dieser	O
Frau	O
auf	RELATION
ihrem	O
Todtbette	RAUMHINWEIS
,	O
von	O
ihrem	O
Mißtrauen	O
gegen	RELATION
sie	O
zurückkommen	RELATIONALES VERB
zu	O
sehen	RELATIONALES VERB
.	O
Die	O
Sterbende	O
klagte	O
sich	O
ihrer	O
Härte	O
und	O
Verfolgungssucht	O
,	O
als	O
des	O
größten	O
Verbrechens	O
ihres	O
Lebens	O
an	O
,	O
und	O
Luise	O
genoß	O
das	O
Vergnügen	O
,	O
ihre	O
Mutter	O
zu	O
besänftigen	O
,	O
welche	O
im	O
Begriff	O
stand	O
,	O
ihr	O
harte	O
Vorwürfe	O
zu	O
machen	O
.	O
Aber	O
was	O
ist	O
Kummer	O
und	O
Verfolgung	RAUMTHEMA
gegen	O
den	O
nagenden	O
Zahn	O
des	O
Gewissens	O
?	O
Luise	O
nahte	O
sich	O
jetzt	O
dem	O
Augenblicke	O
,	O
der	O
sie	O
in	RAUMMETAPHER
den	RAUMMETAPHER
Schooß	RAUMMETAPHER
der	RAUMMETAPHER
Kirche	RAUMMETAPHER
,	O
in	RELATION
die	O
Gemeinschaft	RAUMHINWEIS
der	O
Gläubigen	O
aufnehmen	RELATIONALES VERB
sollte	O
:	O
aber	O
sie	O
durchdrang	RELATIONALES VERB
nicht	O
das	O
Zutrauen	O
eines	O
zärtlich	O
gehorsamen	O
Kindes	O
,	O
sondern	O
der	O
Schrecken	O
des	O
Schuldigen	O
,	O
welcher	O
sich	O
der	O
Gnade	O
unwerth	O
fühlt	O
,	O
die	O
ihm	O
sein	O
Richter	O
verheißt	O
.	O
Wenige	O
Zeit	O
nach	O
dieser	O
feyerlichen	O
Handlung	O
,	O
starb	O
einer	O
der	O
vornehmsten	O
Schullehrer	O
an	RELATION
dem	O
Orte	ORT
wo	RELATION
Luise	O
lebte	RELATIONALES VERB
.	O
Da	O
sich	O
kein	O
tüchtiger	O
Mann	O
zur	O
Besetzung	O
seiner	O
Stelle	RAUMHINWEIS
in	RELATION
dem	O
Ländchen	ORT
fand	RELATIONALES VERB
,	O
lud	RELATIONALES VERB
der	O
Fürst	O
einen	O
Mann	O
aus	RELATION
**	ORT
zu	RELATION
sich	RAUMHINWEIS
ein	RELATIONALES VERB
,	O
der	O
ihm	O
von	O
vielen	O
sehr	O
achtungswerthen	O
Personen	O
empfohlen	O
war	O
.	O
Wenig	O
große	RAUMMETAPHER
Herren	O
haben	O
so	O
vielen	O
Eifer	O
für	O
die	O
Erziehung	O
ihrer	O
Unterthanen	O
,	O
als	O
der	O
Fürst	O
von	RELATION
**	ORT
.	O
Er	O
fand	O
das	O
gegenwärtige	O
Geschlecht	O
sehr	O
weit	O
zurück	O
,	O
und	O
wollte	O
daher	O
für	O
den	O
Unterricht	O
des	O
nächstfolgenden	O
,	O
besonders	O
aber	O
für	O
die	O
Milderung	O
ihrer	O
Sitten	O
sorgen	O
.	O
In	RELATION
einem	O
kleinen	RAUMBESCHREIBUNG
Orte	ORT
erregt	O
alles	O
Aufmerksamkeit	O
.	O
Die	O
Nachricht	O
von	O
der	O
Ankunft	RAUMTHEMA
eines	O
neuen	O
Schullehrers	O
beschäftigte	O
Jedermann	O
.	O
Die	O
Dame	O
,	O
deren	O
ich	O
schon	O
einmal	O
erwähnt	O
habe	O
,	O
las	RELATIONALES VERB
Luisen	O
einen	O
Brief	O
dieses	O
erwarteten	O
Fremden	O
an	RELATION
ihren	O
Mann	O
vor	RELATIONALES VERB
.	O
Er	O
war	O
schön	O
geschrieben	O
.	O
Luise	O
brachte	RELATIONALES VERB
den	O
Abend	O
bei	RELATION
ihrem	O
Freunde	RAUMHINWEIS
zu	RELATIONALES VERB
,	O
und	O
sprach	O
mit	O
Beyfall	O
von	O
diesem	O
Briefe	O
.	O
	O
Meine	O
Frau	O
und	O
ich	O
,	O
sagte	O
dieser	O
,	O
haben	O
oft	O
bemerkt	O
,	O
daß	O
in	RELATION
unserer	O
Nähe	RELATION
kein	O
Mann	O
zu	O
finden	RELATIONALES VERB
ist	O
,	O
der	O
unsre	O
liebenswürdige	O
Luise	O
verdient	O
.	O
Ich	O
schmeichle	O
mir	O
fast	O
,	O
daß	O
dieser	O
Fremde	O
eine	O
Ausnahme	O
machen	O
wird	O
.	O
``	O
Luise	O
antwortete	O
nicht	O
,	O
aber	O
sie	O
erröthete	O
auch	O
nicht	O
.	O
Der	O
Gedanke	O
an	O
einen	O
Gatten	O
zwingt	O
der	O
Unschuld	O
keine	O
Röthe	O
ab	O
.	O
Bey	O
der	O
beständigen	O
Furcht	O
,	O
von	O
einer	O
strafbaren	O
Neigung	O
sich	O
bemeistern	O
zu	O
lassen	O
,	O
ergriff	O
Luise	O
eifrig	O
jede	O
Zerstreuung	O
,	O
ohngeachtet	O
die	O
Denkungsart	O
ihres	O
Vaters	O
wenig	O
Gelegenheit	O
dazu	O
darbot	O
.	O
Die	O
beyden	O
einzigen	O
Häuser	ORT
,	O
welche	O
sie	O
besuchen	RELATIONALES VERB
durfte	O
,	O
waren	O
das	ORT
der	O
Madame	O
E	O
**	O
,	O
und	O
die	O
Familie	O
ihres	O
geistlichen	O
Lehrers	O
.	O
Der	O
ersten	O
verdankte	O
sie	O
einen	O
Theil	O
ihrer	O
Erziehung	O
,	O
und	O
nach	O
ihrer	O
Mutter	O
liebte	O
sie	O
niemanden	O
mehr	O
wie	O
sie	O
.	O
In	O
gewisser	O
Rücksicht	O
harmonirten	O
ihre	O
beyden	O
Karaktere	O
sogar	O
besser	O
:	O
und	O
Luise	O
warf	O
es	O
sich	O
oft	O
vor	O
,	O
die	O
Gesellschaft	RAUMHINWEIS
einer	O
Fremden	O
ihrer	O
Mutter	O
vorzuziehen	O
.	O
Ihr	O
eignes	O
Haus	ORT
hatte	O
wenig	O
anziehendes	O
für	O
sie	O
.	O
Ihr	O
Vater	O
,	O
der	O
sich	O
,	O
ungeachtet	O
seines	O
hohen	O
Alters	O
,	O
noch	O
immer	O
mit	O
den	O
abstraktesten	O
Wissenschaften	O
beschäftigte	O
,	O
sprach	O
wenig	O
,	O
und	O
hatte	O
nach	O
und	O
nach	O
der	O
ganzen	O
Familie	O
diese	O
Gewohnheit	O
beygebracht	O
.	O
Luisens	O
Brüder	O
waren	O
ihr	O
so	O
unähnlich	O
,	O
daß	O
ihr	O
Hang	O
zur	O
lärmenden	O
Freude	O
eben	O
so	O
die	O
Gränzen	RAUMMETAPHER
überschritt	RAUMMETAPHER
,	O
wie	O
der	O
Schwester	O
Neigung	O
zur	O
Melancholie	O
.	O
Sie	O
sah	RELATIONALES VERB
alle	O
Dinge	O
nur	O
von	O
der	O
traurigen	O
Seite	RELATION
,	O
--	O
die	O
Brüder	O
faßten	O
nur	O
die	O
lächerlichen	O
auf	O
:	O
und	O
statt	O
Luisen	O
zu	O
schonen	O
,	O
machten	O
sie	O
sich	O
ein	O
Fest	O
daraus	O
,	O
sie	O
unbarmherzig	O
aufzuziehn	O
.	O
Diese	O
Auftritte	RAUMHINWEIS
endigten	O
auf	RELATION
Luisens	O
Seite	RELATION
mit	O
Thränen	O
und	O
Gewissensvorwürfen	O
;	O
denn	O
sie	O
machte	O
sich	O
deren	O
bey	O
allen	O
Veranlassungen	O
:	O
dessen	O
ohngeachtet	O
hatte	O
sie	O
die	O
zärtlichste	O
Liebe	O
für	O
ihre	O
Brüder	O
,	O
und	O
ein	O
hartes	O
Wort	O
von	O
ihnen	O
that	O
ihr	O
weher	O
,	O
als	O
alles	O
was	O
andere	O
ihr	O
sagen	O
konnten	O
.	O
Die	O
Brüder	O
liebten	O
sie	O
auch	O
,	O
aber	O
kannten	O
sie	O
nicht	O
:	O
und	O
ohne	O
sich	O
die	O
Mühe	O
zu	O
geben	O
,	O
einen	O
Karakter	O
zu	O
erforschen	O
,	O
den	O
sie	O
für	O
unerklärlich	O
hielten	O
,	O
trieben	O
sie	O
ihren	O
Scherz	O
damit	O
.	O
Sie	O
kannten	O
das	O
Leben	O
nur	O
von	RAUMMETAPHER
seiner	RAUMMETAPHER
lachenden	RAUMMETAPHER
Seite	RAUMMETAPHER
.	O
Ihr	O
Vater	O
,	O
der	O
sie	O
für	O
die	O
Welt	ORT
bestimmte	O
,	O
wollte	O
sie	O
frühzeitig	O
zur	O
Unabhängigkeit	O
gewöhnen	O
,	O
damit	O
sie	O
späterhin	O
keinen	O
Misbrauch	O
davon	O
machten	O
.	O
Sie	O
liefen	RELATIONALES VERB
den	O
ganzen	O
Tag	O
mit	O
ihren	O
Freunden	O
umher	RELATION
.	O
Ihre	O
Mutter	O
betete	RELATIONALES VERB
sie	O
an	RELATIONALES VERB
,	O
und	O
diente	O
ihnen	O
oft	O
bey	RELATION
dem	O
Vater	RAUMHINWEIS
zum	O
Dollmetscher	O
,	O
wenn	O
sie	O
nicht	O
Muth	O
hatten	O
,	O
ihre	O
thörigten	O
Einfälle	O
selbst	O
vorzutragen	RELATIONALES VERB
.	O
Bey	O
den	O
glücklichsten	O
natürlichen	O
Anlagen	O
machte	O
ihnen	O
das	O
Lernen	O
wenig	O
Mühe	O
,	O
und	O
füllte	O
einen	O
desto	O
kleineren	O
Theil	O
ihrer	O
Zeit	O
.	O
Der	O
Rest	O
derselben	O
ward	O
zu	O
körperlichen	O
Übungen	O
angewandt	O
.	O
Es	O
giengen	O
ganze	O
Tage	O
hin	O
,	O
wo	O
sie	O
Luise	O
nur	O
aus	RELATION
ihrem	O
Fenster	RAUMTHEMA
sah	RELATIONALES VERB
,	O
wie	O
sie	O
ihre	O
Pferde	O
sattelten	O
oder	O
einspannten	RELATIONALES VERB
,	O
und	O
von	O
einer	O
unbestimmten	O
Unruhe	O
verzehrt	O
,	O
blickte	RELATIONALES VERB
sie	O
dann	O
sehnsuchtsvoll	O
in	RELATION
die	O
Gegend	ORT
hin	RELATION
,	O
wo	RELATION
sie	O
ihrem	O
Auge	RAUMHINWEIS
entschwanden	RELATIONALES VERB
.	O
Es	O
ist	O
nicht	O
genug	O
,	O
daß	O
man	O
die	O
Mädchen	O
in	RELATION
der	O
Einsamkeit	RAUMTHEMA
erzieht	O
;	O
man	O
muß	O
sie	O
auch	O
lehren	O
,	O
Gefallen	O
daran	O
zu	O
finden	O
:	O
und	O
zu	O
diesem	O
Endzweck	O
muß	O
man	O
sie	O
ohne	O
Aufhören	O
beschäftigen	O
,	O
durch	O
alle	O
möglichen	O
häuslichen	O
Freuden	O
erheitern	O
,	O
und	O
,	O
durch	O
die	O
Wahl	O
und	O
Abwechselung	O
ihrer	O
Beschäftigungen	O
,	O
vor	O
Überdruß	O
schützen	O
.	O
Bey	O
so	O
vielen	O
Unannehmlichkeiten	O
in	O
ihrer	O
häuslichen	RAUMBESCHREIBUNG
Lage	O
war	O
es	O
sehr	O
natürlich	O
,	O
daß	O
Luise	O
,	O
bei	O
ihrer	O
Zurückkunft	RAUMTHEMA
von	RELATION
ihrem	O
Freunde	RAUMHINWEIS
,	O
den	O
Vortheilen	O
nachdachte	O
,	O
welche	O
sie	O
bei	O
einer	O
Verbindung	RELATION
mit	RELATION
dem	O
neuen	O
Schullehrer	O
finden	RELATIONALES VERB
könnte	O
.	O
Von	O
der	O
Zucht	O
einer	O
alten	O
bößlaunigten	O
Magd	O
befreyt	RAUMTHEMA
,	O
einem	O
eignen	O
Hauswesen	RAUMHINWEIS
vorzustehen	RELATIONALES VERB
,	O
diese	O
Aussicht	O
mußte	O
einem	O
thätigen	O
Geiste	O
schmeicheln	O
.	O
Sie	O
sah	O
sich	O
schon	O
an	RELATION
der	O
Spitze	RAUMHINWEIS
ihrer	O
kleinen	RAUMBESCHREIBUNG
Republik	RAUMHINWEIS
.	O
Mit	O
einiger	O
Betriebsamkeit	O
war	O
es	O
leicht	O
,	O
ihrem	O
Manne	O
alle	O
Annehmlichkeiten	O
des	O
Lebens	O
zu	O
verschaffen	RELATIONALES VERB
,	O
die	O
Kunst	O
ihm	O
zu	O
gefallen	O
sogar	O
zu	O
verfeinern	O
,	O
und	O
dabey	O
noch	O
Nothleidenden	O
zu	O
helfen	O
,	O
Glückliche	O
zu	O
machen	O
:	O
Welch	O
ein	O
Glück	O
für	O
Luisen	O
!	O
Bald	O
studirte	O
sie	O
mit	RELATION
ihrem	O
Manne	RAUMHINWEIS
,	O
bald	O
besuchten	RELATIONALES VERB
sie	O
beyde	O
ihre	O
Eltern	RAUMHINWEIS
,	O
und	O
die	O
Frauenwürde	O
hatte	O
Luisen	O
zu	O
dem	O
Range	O
einer	O
Freundin	O
bey	RELATION
ihrem	O
Vater	RAUMHINWEIS
,	O
ihrer	O
Mutter	O
erhoben	O
;	O
sie	O
liebkosete	O
sie	O
,	O
sie	O
führte	RELATIONALES VERB
ihnen	O
ihre	O
Kinder	O
zu	RELATIONALES VERB
,	O
und	O
beyde	O
genossen	O
und	O
theilten	O
ihr	O
Glück	O
.	O
Mehrere	O
Wochen	O
verflossen	O
unter	O
diesen	O
süßen	O
Träumen	O
.	O
Eines	O
Abends	O
,	O
wie	O
der	O
Geistliche	O
und	O
seine	O
Frau	O
bey	RELATION
Luisens	O
Eltern	RAUMHINWEIS
speisten	O
,	O
meldete	O
man	O
den	O
Besuch	RAUMTHEMA
des	O
eben	O
angekommenen	RELATIONALES VERB
Schullehrers	O
;	O
er	O
tritt	RELATIONALES VERB
ein	RELATIONALES VERB
,	O
Luise	O
steht	RELATIONALES VERB
auf	RELATIONALES VERB
um	O
ihn	RAUMHINWEIS
zu	O
begrüßen	RELATIONALES VERB
,	O
blickt	RELATIONALES VERB
ihn	O
an	RELATIONALES VERB
,	O
--	O
und	O
ihr	O
Traum	O
verschwindet	RELATIONALES VERB
.	O
Sie	O
fand	RELATIONALES VERB
ein	O
kaltes	O
,	O
abgemeßnes	O
Wesen	O
,	O
unregelmäßige	O
Züge	O
;	O
kurz	O
,	O
nichts	O
was	O
dem	O
Bilde	O
entsprach	O
,	O
das	O
ihrer	O
Fantasie	O
vorgeschwebt	O
hatte	O
.	O
Sie	O
setzte	RELATIONALES VERB
sich	O
wieder	O
an	RELATION
ihren	O
Platz	RAUMHINWEIS
,	O
und	O
wie	O
sie	O
ihn	O
kaltblütiger	O
beobachtete	RELATIONALES VERB
,	O
fiel	O
ihr	O
Urtheil	O
günstiger	O
aus	O
.	O
Er	O
hatte	O
die	O
Art	O
von	RELATION
Welt	ORT
,	O
welche	O
Männer	O
nur	O
durch	O
Reisen	RAUMTHEMA
erlangen	O
,	O
und	O
die	O
bis	O
jetzt	O
Luisen	O
noch	O
ziemlich	O
unbekannt	O
war	O
;	O
eine	O
lehrreiche	O
Unterhaltung	O
,	O
die	O
um	O
so	O
angenehmer	O
wurde	O
,	O
wenn	O
er	O
mit	RELATION
Frauenzimmern	RAUMHINWEIS
sprach	RELATIONALES VERB
,	O
weil	O
er	O
sie	O
zu	O
unterrichten	O
wußte	O
,	O
ohne	O
sie	O
zu	O
demüthigen	O
.	O
Der	O
Abend	O
verstrich	O
Luisen	O
wie	O
ein	O
Augenblick	O
;	O
und	O
dieser	O
Mann	O
,	O
den	O
sie	O
nur	O
mit	O
dem	O
äußersten	O
Widerwillen	O
geheirathet	O
hätte	O
,	O
schien	O
ihr	O
dennoch	O
sehr	O
liebenswürdig	O
.	O
Luise	O
hatte	O
an	O
demselben	O
Tage	O
häuslichen	RAUMBESCHREIBUNG
Verdruß	O
gehabt	O
;	O
ihre	O
Augen	RAUMHINWEIS
waren	O
von	O
Weinen	O
geschwollen	RELATIONALES VERB
;	O
es	O
war	O
gar	O
nicht	O
zu	O
verwundern	O
,	O
daß	O
sie	O
keinen	O
Eindruck	O
auf	RELATION
Herrn	RAUMHINWEIS
O.	O
machte	O
:	O
er	O
suchte	O
daher	O
eben	O
so	O
wenig	O
ihr	O
zu	O
gefallen	O
,	O
sein	O
übrigens	O
sehr	O
geistreiches	O
Gesicht	O
belebte	O
sich	O
nicht	O
.	O
Sie	O
sahen	RELATIONALES VERB
sich	O
nachmals	O
wieder	O
,	O
sie	O
wollte	O
seine	O
Aufmerksamkeit	O
nicht	O
anziehen	RELATIONALES VERB
;	O
indessen	O
war	O
es	O
in	RELATION
den	O
Gesellschaften	RAUMHINWEIS
,	O
wo	RELATION
sie	O
zusammen	RELATION
kamen	RELATIONALES VERB
,	O
natürlich	O
,	O
daß	O
ihr	O
mit	O
einiger	O
Auszeichnung	O
begegnet	RELATIONALES VERB
wurde	O
.	O
Mehr	O
that	O
auch	O
Herr	O
O.	O
nicht	O
,	O
aber	O
er	O
wußte	O
diesen	O
kleinen	O
Bemühungen	O
eine	O
Wendung	O
zu	O
geben	O
,	O
welche	O
sie	O
,	O
für	O
ein	O
Mädchen	O
von	O
Luisens	O
zartem	O
Gefühl	O
,	O
schmeichelhaft	O
machte	O
.	O
Man	O
hatte	O
ihr	O
oft	O
angenehme	O
Dinge	O
gesagt	O
,	O
aber	O
nie	O
waren	O
sie	O
so	O
wohl	O
angebracht	O
,	O
so	O
geistreich	O
gewesen	O
.	O
Er	O
behandelte	O
sie	O
nicht	O
wie	O
ein	O
hübsches	O
Mädchen	O
,	O
sondern	O
wie	O
ein	O
vernünftiges	O
Wesen	O
,	O
dessen	O
Unterhaltung	O
man	O
schätzt	O
;	O
ein	O
Unterschied	O
für	O
welchen	O
Luise	O
ihm	O
wohl	O
Dank	O
wußte	O
.	O
Eines	O
Morgens	O
,	O
wie	O
sie	O
der	O
Gattinn	O
ihres	O
Freundes	O
einen	O
Besuch	RAUMTHEMA
abstatten	RELATIONALES VERB
wollte	O
,	O
fand	RELATIONALES VERB
sie	O
diese	O
mit	RELATION
ihrer	O
ganzen	O
Familie	RAUMHINWEIS
und	O
Herrn	RAUMHINWEIS
O.	O
im	O
Begriff	O
nach	RELATION
***	ORT
zu	RELATION
einer	O
Madame	RAUMHINWEIS
R.	O
zu	O
fahren	RELATIONALES VERB
.	O
Man	O
schlug	O
ihr	O
vor	O
,	O
von	O
der	O
Gesellschaft	RAUMHINWEIS
zu	O
seyn	O
,	O
worauf	O
sie	O
die	O
Nothwendigkeit	O
ihrer	O
Eltern	O
Erlaubniß	O
zu	O
erhalten	O
einwendete	O
.	O
Herr	O
O.	O
eilte	RELATIONALES VERB
fort	RELATION
,	O
und	O
brachte	RELATIONALES VERB
diese	O
Erlaubniß	O
zurück	RELATION
.	O
Solche	O
Dienste	O
sind	O
von	O
großer	O
Würkung	O
.	O
Ein	O
anderer	O
hätte	O
sich	O
mit	O
der	O
faden	O
Bemerkung	O
begnügt	O
,	O
daß	O
ihre	O
Eltern	O
sich	O
freuen	O
würden	O
,	O
sie	O
in	RELATION
so	O
guter	O
Gesellschaft	RAUMHINWEIS
zu	O
wissen	O
,	O
daß	O
sie	O
eine	O
so	O
liebenswürdige	O
Tochter	O
zu	O
sehr	O
schätzten	O
,	O
um	O
ihr	O
dieses	O
Vergnügen	O
zu	O
versagen	O
,	O
und	O
dergleichen	O
.	O
Man	O
fuhr	RELATIONALES VERB
ab	RELATION
,	O
indem	O
Herr	O
O.	O
,	O
um	O
die	O
Frauenzimmer	O
nicht	O
im	RELATION
Wagen	RAUMTHEMA
zu	O
belästigen	O
,	O
zu	RELATION
Fuß	RAUMHINWEIS
voraus	RELATION
gieng	RELATIONALES VERB
.	O
Man	O
langt	RELATIONALES VERB
an	RELATIONALES VERB
,	O
geht	RELATIONALES VERB
spatzieren	RAUMTHEMA
,	O
und	O
Herr	O
O.	O
bietet	RELATIONALES VERB
Luisen	O
den	O
Arm	RAUMHINWEIS
an	RELATIONALES VERB
.	O
Das	O
furchtsame	O
Mädchen	O
schlägt	O
ihn	O
aus	O
.	O
Er	O
ist	O
erstaunt	O
,	O
beleidigt	O
,	O
und	O
giebt	RELATIONALES VERB
ihn	RAUMHINWEIS
einer	O
andern	RAUMHINWEIS
,	O
mit	O
diesen	O
Worten	O
:	O
	O
Ich	O
hoffe	O
,	O
daß	O
ich	O
nicht	O
noch	O
eine	O
Weigerung	O
erfahren	O
werde	O
.	O
``	O
So	O
läßt	O
er	O
Luisen	O
zur	O
Strafe	O
ihrer	O
Prüderie	O
allein	O
im	RELATION
Sande	RAUMHINWEIS
waten	RELATIONALES VERB
.	O
Und	O
er	O
that	O
ihr	O
Unrecht	O
:	O
es	O
war	O
nicht	O
Prüderie	O
.	O
Sie	O
war	O
die	O
jüngste	O
der	O
Gesellschaft	RAUMHINWEIS
;	O
sie	O
war	O
bescheiden	O
,	O
und	O
fürchtete	O
,	O
sich	O
in	RELATION
den	O
Augen	RAUMHINWEIS
der	O
übrigen	O
Frauenzimmer	O
lächerlich	O
zu	O
machen	O
,	O
wenn	O
sie	O
Herrn	O
O.	O
auf	O
diese	O
Weise	O
in	O
Beschlag	O
nähme	RELATIONALES VERB
.	O
Die	O
Furcht	O
ihn	O
beleidigt	O
zu	O
haben	O
,	O
beunruhigte	O
sie	O
indessen	O
.	O
Sie	O
fühlte	O
daß	O
es	O
ihr	O
an	RELATION
Welt	ORT
fehlte	RELATIONALES VERB
;	O
sie	O
ahndete	O
,	O
wie	O
kindisch	O
sie	O
in	RELATION
seinen	O
Augen	RAUMHINWEIS
erscheinen	RELATIONALES VERB
müßte	O
,	O
wie	O
sehr	O
er	O
ihr	O
überlegen	O
wäre	O
.	O
Als	O
sie	O
ihn	O
vor	RELATION
sich	RAUMHINWEIS
hergehen	RELATIONALES VERB
sah	RELATIONALES VERB
,	O
und	O
den	O
Anstand	O
seiner	O
Gestalt	RAUMHINWEIS
bemerkte	O
,	O
konnte	O
sie	O
nicht	O
umhin	O
,	O
schmerzlich	O
darüber	O
nachzudenken	O
.	O
Er	O
war	O
wohl	O
gebaut	RELATIONALES VERB
,	O
und	O
sehr	O
groß	RAUMBESCHREIBUNG
:	O
ein	O
Vortheil	O
der	O
dem	O
Weibe	O
immer	O
den	O
Begriff	O
giebt	O
,	O
Schutz	O
und	O
Vertheidigung	O
bey	RELATION
so	O
einem	O
Manne	RAUMHINWEIS
zu	O
finden	RELATIONALES VERB
.	O
Herr	O
O.	O
war	O
diesen	O
Tag	O
sehr	O
munter	O
;	O
er	O
wollte	O
sich	O
geltend	O
machen	O
,	O
und	O
es	O
gelang	O
ihm	O
.	O
Nachmittags	O
streifte	RELATIONALES VERB
man	O
wieder	O
umher	RELATION
.	O
Luise	O
nahm	RELATIONALES VERB
seinen	O
Arm	RAUMHINWEIS
an	RELATIONALES VERB
;	O
man	O
verirrte	RELATIONALES VERB
sich	O
,	O
blieb	RELATIONALES VERB
lange	O
unterwegs	RAUMTHEMA
.	O
Herrn	O
O.	O
s	O
Unterhaltung	O
war	O
unendlich	O
abwechselnd	O
,	O
aber	O
immer	O
gleich	O
interessant	O
;	O
seine	O
Sprache	O
war	O
schön	O
,	O
seine	O
Stimme	O
wohlklingend	O
und	O
sanft	O
;	O
sie	O
fand	RELATIONALES VERB
die	O
schwache	O
Seite	RELATION
von	O
Luisens	O
Herzen	RAUMHINWEIS
.	O
Die	O
Gewissensbisse	O
wegen	O
ihrer	O
Neigung	O
für	O
ihren	O
Freund	O
verschwanden	O
,	O
sie	O
fing	O
an	O
,	O
Liebe	O
von	O
Freundschaft	O
zu	O
unterscheiden	O
:	O
aber	O
sie	O
ahndete	O
nicht	O
,	O
daß	O
diese	O
neue	O
Erkenntniß	O
ihr	O
die	O
Ruhe	O
des	O
Lebens	O
kosten	O
würde	O
.	O
Ihr	O
kam	O
nun	O
alles	O
darauf	O
an	O
,	O
zu	O
wissen	O
ob	O
sie	O
geliebt	O
wäre	O
.	O
Es	O
ist	O
nicht	O
bekannt	O
,	O
ob	O
Herr	O
O.	O
dieses	O
Nachforschen	O
bemerkte	O
,	O
aber	O
gewiß	O
ist	O
es	O
,	O
daß	O
er	O
nicht	O
für	O
gut	O
hielt	O
,	O
ihr	O
darüber	O
einen	O
Aufschluß	O
zu	O
geben	O
.	O
Luise	O
hatte	O
sich	O
nie	O
verstellen	O
können	O
:	O
ihre	O
Eltern	O
wurden	O
ihre	O
Neigung	O
bald	O
gewahr	O
.	O
Sie	O
stand	O
der	O
Familie	O
nicht	O
an	O
.	O
Der	O
Vater	O
setzte	O
sich	O
mit	O
Strenge	O
die	O
Mutter	O
mit	O
Heftigkeit	O
dagegen	RELATION
,	O
die	O
Brüder	O
griffen	RELATIONALES VERB
sie	O
mit	O
dem	O
bittersten	O
Spott	O
an	RELATIONALES VERB
.	O
Das	O
väterliche	O
Haus	ORT
wurde	O
ihr	O
zur	RELATION
Hölle	RAUMMETAPHER
.	O
Ihr	O
furchtsames	O
Gewissen	O
verrieth	O
sich	O
jedesmal	O
,	O
wenn	O
sie	O
Herrn	O
O.	O
gesehen	RELATIONALES VERB
hatte	O
,	O
und	O
es	O
kam	O
endlich	O
so	O
weit	O
,	O
daß	O
sie	O
nicht	O
mehr	O
über	RELATION
die	O
Schwelle	RAUMHINWEIS
gehen	RELATIONALES VERB
durfte	O
.	O
Bei	O
der	O
furchtsamen	O
zärtlichen	O
Liebe	O
,	O
welche	O
Luise	O
für	O
ihre	O
Mutter	O
hatte	O
,	O
mußte	O
es	O
ihr	O
unendlich	O
weh	O
thun	O
,	O
ihre	O
Neigung	O
in	O
einem	O
so	O
hartnäckigen	O
Streit	O
mit	O
den	O
Wünschen	O
der	O
Madame	O
N.	O
zu	O
finden	RELATIONALES VERB
.	O
Sie	O
las	O
einmal	O
im	O
Tom	O
Jones	O
,	O
und	O
kam	RELATIONALES VERB
an	RELATION
die	O
Stelle	RAUMHINWEIS
,	O
wo	RELATION
Madame	O
Miller	O
zum	O
erstenmal	O
die	O
Freude	O
hat	O
,	O
ihre	O
Tochter	O
als	O
Mistreß	O
Nightingale	O
zu	O
begrüßen	RELATIONALES VERB
.	O
Fielding	O
schildert	O
die	O
Empfindung	O
dieser	O
zärtlichen	O
Mutter	O
,	O
mit	O
der	O
ihm	O
eignen	O
unnachahmlichen	O
Wahrheit	O
,	O
und	O
in	RELATION
Luisen	RAUMHINWEIS
erwachte	O
dabei	O
die	O
peinliche	O
Erinnerung	O
,	O
daß	O
ihre	O
Mutter	O
,	O
außer	O
allen	O
ihren	O
triftigeren	O
Gründen	O
gegen	O
diese	O
Verbindung	O
,	O
auch	O
einen	O
entschiednen	O
Abscheu	O
vor	O
dem	O
Namen	O
des	O
Mannes	O
hatte	O
,	O
den	O
Luisens	O
Herz	RAUMHINWEIS
begünstigte	O
.	O
Sie	O
stellte	O
sich	O
vor	O
,	O
wie	O
ihrer	O
Mutter	O
die	O
Freude	O
,	O
ihr	O
Kind	O
verheirathet	O
zu	O
sehen	RELATIONALES VERB
,	O
schon	O
durch	O
diesen	O
Umstand	O
verbittert	O
werden	O
würde	O
.	O
Sie	O
bat	O
Gott	O
kniend	O
und	O
mit	O
Thränen	O
,	O
ihr	O
Gemüth	O
von	O
einem	O
Gegenstande	RAUMHINWEIS
abzulenken	RELATIONALES VERB
,	O
der	O
ihrer	O
Mutter	O
unangenehm	O
war	O
;	O
sie	O
verbrannte	O
einen	O
Schattenriß	O
des	O
Mannes	O
,	O
den	O
sie	O
ohne	O
sein	O
Wissen	O
besaß	RELATIONALES VERB
;	O
und	O
nahm	O
sich	O
ernstlicher	O
wie	O
jemals	O
vor	O
,	O
den	O
Absichten	O
ihrer	O
Eltern	O
zu	O
willfahren	O
.	O
Herr	O
O.	O
suchte	RELATIONALES VERB
sie	O
nicht	O
auf	RELATIONALES VERB
,	O
sie	O
sah	RELATIONALES VERB
ihn	O
also	O
nicht	O
mehr	O
,	O
aber	O
er	O
wich	RELATIONALES VERB
nicht	O
aus	RELATION
ihrem	O
Gedächtnisse	RAUMHINWEIS
.	O
Indessen	O
that	O
man	O
Luisen	O
Heirathsvorschläge	O
,	O
die	O
weit	O
über	O
ihre	O
Erwartung	O
waren	O
,	O
und	O
ihrer	O
Mutter	O
sehr	O
gefielen	O
:	O
sie	O
kamen	RELATIONALES VERB
von	O
einem	O
Manne	RAUMHINWEIS
,	O
der	O
Luisen	O
nicht	O
mißfallen	O
konnte	O
;	O
aber	O
sie	O
liebte	O
Herrn	O
O.	O
,	O
und	O
würdigte	O
den	O
Vorschlag	O
keiner	O
Aufmerksamkeit	O
.	O
Der	O
Mann	O
bekleidete	O
eine	O
ansehnliche	O
Stelle	RAUMHINWEIS
,	O
deren	O
Aufwand	O
er	O
durch	RELATION
die	O
Gewißheit	O
einer	O
reichen	O
Erbschaft	O
bestreiten	O
konnte	O
.	O
Luisens	O
Mutter	O
verzieh	O
ihr	O
diese	O
Weigerung	O
nie	O
,	O
und	O
warf	O
sie	O
ihr	O
,	O
hinter	RELATION
dem	O
Rücken	RAUMHINWEIS
des	O
Vaters	O
,	O
oft	O
als	O
einen	O
Beweiß	O
ihrer	O
romantischen	O
Neigung	O
für	O
Herrn	O
O.	O
vor	O
.	O
Luise	O
bereute	O
sie	O
indessen	O
nicht	O
.	O
Bald	O
hernach	O
erhielt	RELATIONALES VERB
Herr	O
O.	O
einen	O
auswärtigen	RELATION
Ruf	RAUMHINWEIS
:	O
er	O
reiste	RAUMTHEMA
ab	RAUMTHEMA
,	O
und	O
Luise	O
hat	O
seinen	O
Verlust	O
empfunden	O
,	O
bis	O
der	O
Tod	O
ihres	O
Vaters	O
,	O
durch	O
wirklichen	O
Kummer	O
,	O
diesen	O
eingebildeten	O
verlöschte	O
.	O
Luise	O
ward	O
von	O
ihrem	O
Vater	O
zärtlich	O
geliebt	O
,	O
keine	O
Heirath	O
schien	O
ihm	O
vortheilhaft	O
genug	O
,	O
und	O
,	O
so	O
lange	O
er	O
lebte	O
,	O
versagte	O
er	O
sie	O
allen	O
Freyern	O
.	O
Die	O
Mutter	O
dachte	O
anders	O
:	O
sie	O
fürchtete	O
so	O
sehr	O
,	O
daß	O
Luise	O
wegen	O
dessen	O
was	O
sie	O
romantische	O
Denkungsart	O
nannte	O
,	O
in	O
ihrer	O
Wahl	O
die	O
Konvenienz	O
beleidigen	O
möchte	O
,	O
daß	O
sie	O
herzlich	O
wünschte	O
,	O
sich	O
dieser	O
Sorge	O
,	O
durch	O
eine	O
schickliche	O
Heirath	O
,	O
zu	O
entledigen	O
.	O
Um	O
ihrentwillen	O
begünstigte	O
Luise	O
zuweilen	O
Anträge	O
,	O
welche	O
ihres	O
Vaters	O
Rath	O
,	O
und	O
Herrn	O
O.	O
s	O
Andenken	O
sie	O
nachmals	O
verwerfen	O
machten	O
.	O
Das	O
väterliche	O
Haus	ORT
mißfiel	O
ihr	O
indessen	O
;	O
und	O
ob	O
sie	O
gleich	O
nicht	O
wagte	O
sich	O
es	O
zu	O
gestehen	O
,	O
wünschte	O
sie	O
sich	O
doch	O
aus	RELATION
demselben	ORT
heraus	RELATION
.	O
Die	O
Familie	O
brachte	RELATIONALES VERB
,	O
seitdem	O
der	O
Vater	O
sein	O
Amt	O
abgegeben	RELATIONALES VERB
hatte	O
,	O
acht	O
Monathe	O
des	O
Jahres	O
in	RELATION
einem	O
kleinen	RAUMBESCHREIBUNG
Dorfe	ORT
zu	RELATIONALES VERB
,	O
dem	O
kein	O
Mann	O
sich	O
näherte	RELATIONALES VERB
,	O
außer	O
wenn	O
Freunde	O
von	O
Luisens	O
Brüdern	O
hinkamen	RELATIONALES VERB
,	O
und	O
dann	O
trieben	O
sie	O
unter	RELATION
einander	RELATION
Spiele	O
,	O
an	O
denen	O
Luise	O
nicht	O
theilnehmen	RELATIONALES VERB
konnte	O
,	O
oder	O
machten	O
so	O
weite	RELATION
Spatziergänge	RAUMTHEMA
,	O
daß	O
es	O
ihr	O
unmöglich	O
war	O
ihnen	O
zu	O
folgen	RELATIONALES VERB
.	O
Sie	O
sah	RELATIONALES VERB
sie	O
also	O
nur	O
bey	RELATION
Tische	RAUMHINWEIS
,	O
wo	RELATION
sie	O
sich	O
zuweilen	O
mit	O
witzigen	O
Einfällen	O
und	O
kleinen	O
Neckereien	O
belustigten	O
;	O
sobald	O
aber	O
die	O
Unterhaltung	O
lärmend	O
ward	O
,	O
pflegte	O
der	O
Vater	O
Stillschweigen	O
zu	O
gebieten	O
.	O
So	O
traurig	O
für	O
Luisen	O
diese	O
Einsamkeit	RAUMTHEMA
war	O
,	O
so	O
schien	O
sie	O
es	O
ihr	O
doch	O
nicht	O
so	O
sehr	O
,	O
als	O
das	O
Schicksal	O
,	O
einem	O
Manne	O
,	O
den	O
sie	O
nicht	O
schätzte	O
,	O
ihre	O
Hand	RAUMMETAPHER
zu	RAUMMETAPHER
geben	RAUMMETAPHER
.	O
Dieser	O
Gedanke	O
quälte	O
sie	O
um	O
so	O
mehr	O
,	O
als	O
die	O
Begriffe	O
ihrer	O
Mutter	O
,	O
in	O
diesem	O
Punkte	O
,	O
von	O
den	O
ihrigen	O
sehr	O
verschieden	O
waren	O
.	O
Eines	O
Tages	O
,	O
als	O
diese	O
traurigen	O
Bilder	O
sie	O
beschäftigten	O
,	O
erhielt	RELATIONALES VERB
sie	O
einen	O
Brief	RAUMHINWEIS
von	RELATION
einem	O
Manne	RAUMHINWEIS
,	O
für	O
den	O
sie	O
viel	O
Hochachtung	O
hatte	O
.	O
Sie	O
wußte	O
,	O
daß	O
ihre	O
Eltern	O
ihn	O
ebenfalls	O
außerordentlich	O
schätzten	O
:	O
dieser	O
Mann	O
bat	O
um	RAUMMETAPHER
ihre	RAUMMETAPHER
Hand	RAUMMETAPHER
.	O
Er	O
war	O
nicht	O
jung	O
:	O
aber	O
anstatt	O
darüber	O
zu	O
erschrecken	O
,	O
dankte	O
Luise	O
der	O
Vorsehung	O
mit	O
glühendem	O
Eifer	O
,	O
sie	O
so	O
wunderbar	O
von	O
ihrer	O
Furcht	O
erlöst	O
zu	O
haben	O
.	O
Triumphirend	O
brachte	RELATIONALES VERB
sie	O
ihrer	O
Mutter	O
diesen	O
Brief	RAUMHINWEIS
;	O
wurde	O
aber	O
sehr	O
in	O
ihrer	O
Erwartung	O
getäuscht	O
,	O
als	O
Madame	O
N.	O
ihr	O
ungefähr	O
dieselbe	O
Antwort	O
gab	O
,	O
die	O
sie	O
bey	O
Gelegenheit	O
des	O
Herrn	O
O.	O
von	O
ihr	O
gehört	RELATIONALES VERB
hatte	O
.	O
	O
Aber	O
,	O
liebe	O
Mutter	O
,	O
``	O
rief	RELATIONALES VERB
die	O
erstaunte	O
Luise	O
,	O
	O
ehemals	O
sagten	O
Sie	O
,	O
wenn	O
es	O
dieser	O
wäre	O
,	O
den	O
du	O
liebtest	O
,	O
so	O
könnte	O
ich	O
es	O
dir	O
noch	O
verzeihen	O
.	O
``	O
--	O
	O
Das	O
kann	O
seyn	O
,	O
``	O
antwortete	O
Madame	O
N.	O
,	O
	O
aber	O
die	O
Umstände	O
sind	O
verändert	O
:	O
du	O
bist	O
jetzt	O
reicher	O
,	O
und	O
deine	O
Brüder	O
würden	O
es	O
ausserdem	O
nicht	O
gern	O
sehn	RELATIONALES VERB
.	O
``	O
Luise	O
unterwarf	O
sich	O
noch	O
einmal	O
dem	O
Willen	O
ihrer	O
Mutter	O
,	O
die	O
über	O
diese	O
Nachgiebigkeit	O
so	O
gerührt	O
ward	O
,	O
daß	O
sie	O
,	O
auf	O
den	O
Rath	O
der	O
Ärzte	O
,	O
ihrem	O
Manne	O
den	O
Vorschlag	O
that	O
,	O
Luisen	O
in	RELATION
ein	O
Bad	ORT
zu	O
schicken	RELATIONALES VERB
,	O
um	O
die	O
Hypochondrie	O
,	O
von	O
welcher	O
sie	O
seit	O
Herrn	O
O.	O
s	O
Abreise	RAUMTHEMA
litt	O
,	O
zu	O
heilen	O
.	O
Luisens	O
Vater	O
trennte	RELATIONALES VERB
sich	O
ungern	O
von	RELATION
ihr	RAUMHINWEIS
;	O
er	O
mochte	O
sie	O
nicht	O
einmal	O
gern	O
einen	O
ganzen	O
Nachmittag	O
außer	RELATION
dem	O
Hause	ORT
wissen	O
:	O
da	O
aber	O
ihre	O
Mutter	O
das	O
Beispiel	O
eines	O
ihrer	O
Brüder	O
hatte	O
,	O
welcher	O
dem	O
Bade	ORT
seine	O
Gesundheit	O
verdankte	O
,	O
so	O
foderte	O
sie	O
für	O
Luisen	O
die	O
Erlaubniß	O
dahin	RELATION
zu	O
reisen	RAUMTHEMA
.	O
Indem	O
sich	O
ihre	O
Eltern	O
bemühten	O
eine	O
Reisegesellschaft	RAUMTHEMA
für	O
sie	O
zu	O
finden	RELATIONALES VERB
,	O
besuchte	RELATIONALES VERB
sie	O
ein	O
Verwandter	O
ihres	O
Vaters	O
,	O
der	O
in	RELATION
B	ORT
.	O
.	O
lebte	O
.	O
Er	O
wollte	O
im	O
Frühjahr	O
wieder	O
dahin	RELATION
zurückkehren	RELATIONALES VERB
,	O
und	O
that	O
einer	O
Dame	O
,	O
deren	O
Schwester	O
in	RELATION
diesem	O
Lande	ORT
verheirathet	O
war	O
,	O
den	O
Vorschlag	O
,	O
ihn	O
zu	O
begleiten	RELATIONALES VERB
,	O
um	O
ihren	O
Verwandten	O
bey	O
dieser	O
Gelegenheit	O
einen	O
Besuch	RAUMTHEMA
abzustatten	RELATIONALES VERB
.	O
Man	O
sprach	O
in	RELATION
Gegenwart	RAUMHINWEIS
von	O
Luisens	O
Mutter	O
über	O
diesen	O
Plan	O
:	O
und	O
da	O
der	O
Arzt	O
wenige	O
Tage	O
vorher	O
gegen	RELATION
sie	O
geäußert	O
hatte	O
,	O
die	O
Reise	RAUMTHEMA
würde	O
Luisen	O
noch	O
mehr	O
Vortheil	O
bringen	O
als	O
der	O
Gebrauch	O
des	O
Bades	ORT
,	O
so	O
überredete	O
man	O
sie	O
,	O
diese	O
Gelegenheit	O
für	O
ihre	O
Tochter	O
zu	O
benutzen	O
.	O
Das	O
arme	O
Mädchen	O
hatte	O
es	O
nicht	O
gewagt	O
daran	O
zu	O
denken	O
:	O
sie	O
nahm	O
den	O
Vorschlag	O
mit	O
Entzücken	O
und	O
Dank	O
auf	O
.	O
Kaum	O
war	O
diese	O
Reise	RAUMTHEMA
beschlossen	O
,	O
so	O
zeigte	RELATIONALES VERB
sich	O
ein	O
neuer	O
Freyer	O
für	O
Luisen	O
.	O
Dieser	O
hatte	O
die	O
Eigenschaften	O
,	O
welche	O
Luisens	O
Mutter	O
an	RELATION
einem	O
Schwiegersohn	RAUMHINWEIS
wünschte	O
:	O
allein	O
sie	O
konnte	O
doch	O
eine	O
Reise	RAUMTHEMA
nicht	O
rückgängig	O
machen	O
,	O
die	O
auf	O
ihre	O
Veranlassung	O
unternommen	RELATIONALES VERB
,	O
und	O
von	O
den	O
Ärzten	O
als	O
unentbehrlich	O
für	O
Luisens	O
Wiederherstellung	O
angesehen	O
wurde	O
.	O
Luise	O
freute	O
sich	O
,	O
ihrer	O
Mutter	O
die	O
schmeichelhafte	O
Aussicht	O
einer	O
Heirath	O
nach	O
ihren	O
Wünschen	O
zu	O
geben	O
:	O
sie	O
versicherte	O
,	O
wenn	O
die	O
Reise	RAUMTHEMA
sie	O
so	O
weit	O
herstellte	O
,	O
daß	O
sie	O
die	O
Frau	O
eines	O
Mannes	O
wie	O
Blachfeld	O
werden	O
könnte	O
,	O
der	O
nicht	O
Vermögen	O
genug	O
hatte	O
,	O
um	O
für	O
eine	O
kranke	O
Frau	O
zu	O
sorgen	O
,	O
so	O
wollte	O
sie	O
ernsthaft	O
darauf	O
denken	O
.	O
Die	O
Mutter	O
fürchtete	O
immer	O
,	O
Luise	O
möchte	O
auf	RELATION
dieser	O
Reise	RAUMTHEMA
Herrn	O
O.	O
sehen	RELATIONALES VERB
,	O
und	O
wünschte	O
herzlich	O
,	O
daß	O
sie	O
sich	O
vor	O
ihrer	O
Abreise	RAUMTHEMA
verloben	O
möchte	O
.	O
Das	O
junge	O
Mädchen	O
hatte	O
eine	O
unüberwindliche	O
Abneigung	O
vor	O
diesem	O
Schritte	O
.	O
Sie	O
wollte	O
bei	O
dem	O
Antritt	O
ihrer	O
Reise	RAUMTHEMA
ungebunden	RAUMMETAPHER
seyn	O
,	O
und	O
eine	O
alte	O
Tante	O
bestärkte	O
sie	O
darinn	O
,	O
indem	O
sie	O
ihr	O
sagte	O
:	O
	O
Liebes	O
Kind	O
,	O
man	O
muß	O
die	O
Welt	ORT
nicht	O
durchziehen	RELATIONALES VERB
,	O
wenn	O
man	O
nicht	O
frey	RAUMTHEMA
wie	O
ein	O
Vogel	O
ist	O
.	O
``	O
Luisens	O
Mutter	O
hatte	O
neben	O
den	O
edelsten	O
Eigenschaften	O
,	O
neben	O
dem	O
reinsten	O
Herzen	RAUMHINWEIS
,	O
der	O
mildthätigsten	O
,	O
mitleidigsten	O
Denkart	O
,	O
einen	O
Fehler	O
,	O
den	O
man	O
ihrem	O
Geschlechte	O
vorwirft	O
:	O
sie	O
drehte	RAUMMETAPHER
sich	RAUMMETAPHER
beständig	RAUMMETAPHER
,	RAUMMETAPHER
auf	RAUMMETAPHER
tausenderley	RAUMMETAPHER
Weisen	RAUMMETAPHER
,	RAUMMETAPHER
immer	RAUMMETAPHER
um	RAUMMETAPHER
denselben	RAUMMETAPHER
Gedanken	RAUMMETAPHER
herum	RAUMMETAPHER
.	O
Wenn	O
die	O
Familie	O
versammelt	RELATIONALES VERB
war	O
,	O
erklärte	O
sie	O
feyerlich	O
,	O
sie	O
habe	O
ihrem	O
Manne	O
versprochen	O
,	O
Luisen	O
nicht	O
zu	O
zwingen	O
,	O
und	O
ihre	O
Wahl	O
sey	O
also	O
frey	RAUMTHEMA
;	O
war	O
sie	O
mit	O
ihrer	O
Tochter	O
allein	O
,	O
so	O
wiederholte	O
sie	O
ihr	O
unaufhörlich	O
:	O
	O
Wenn	O
du	O
keinen	O
Widerwillen	O
gegen	RELATION
ihn	O
hast	O
,	O
solltest	O
du	O
ihm	O
doch	O
etwas	O
sagen	O
,	O
das	O
ihn	O
wegen	O
deiner	O
Reise	RAUMTHEMA
beruhigte	O
,	O
das	O
ihn	O
einigermaßen	O
bände	RELATIONALES VERB
,	O
damit	O
man	O
dir	O
ihn	O
nicht	O
abspenstig	O
macht	O
.	O
``	O
--	O
	O
Aber	O
desto	O
besser	O
,	O
liebe	O
Mutter	O
:	O
wenn	O
man	O
ihn	O
abspenstig	O
machen	O
kann	O
,	O
so	O
ist	O
es	O
ja	O
ein	O
Zeichen	O
,	O
daß	O
er	O
auch	O
nachher	O
seinen	O
Sinn	O
ändern	O
könnte	O
;	O
ich	O
will	O
frey	RAUMTHEMA
seyn	O
,	O
es	O
ist	O
billig	O
,	O
daß	O
er	O
es	O
auch	O
bleibe	O
.	O
``	O
Darauf	O
beschuldigte	O
die	O
Mutter	O
sie	O
,	O
daß	O
sie	O
noch	O
Herrn	O
O.	O
zu	O
begegnen	RELATIONALES VERB
,	O
und	O
seine	O
Liebe	O
zu	O
gewinnen	O
hoffe	O
;	O
machte	O
ihr	O
die	O
grausamsten	O
Vorwürfe	O
;	O
und	O
sagte	O
,	O
sie	O
möchte	O
ihn	O
nur	O
heirathen	O
,	O
aber	O
es	O
würde	O
ihrer	O
Mutter	O
das	O
Leben	O
kosten	O
.	O
Zu	O
andern	O
Zeiten	O
schimpfte	O
sie	O
auf	O
Luisens	O
Freunde	O
,	O
und	O
beschuldigte	O
sie	O
,	O
an	O
ihren	O
romantischen	O
Grillen	O
,	O
und	O
ihrem	O
Widerwillen	O
gegen	RELATION
Blachfeld	O
,	O
Schuld	O
zu	O
seyn	O
.	O
Luise	O
welche	O
sich	O
der	O
Unschuld	O
ihrer	O
Freunde	O
bewußt	O
war	O
,	O
grämte	O
sich	O
über	O
diesen	O
Verdacht	O
,	O
bestand	O
aber	O
bis	O
zu	O
ihrer	O
Abreise	RAUMTHEMA
unerschütterlich	O
auf	O
ihren	O
Entschluß	O
.	O
Hierauf	O
schrieb	O
sie	O
ihrer	O
Mutter	O
einen	O
rührenden	O
Brief	RAUMHINWEIS
,	O
in	RELATION
welchem	RAUMHINWEIS
sie	O
ihr	O
ganzes	O
Herz	RAUMMETAPHER
aufschloß	RAUMMETAPHER
,	O
und	O
fügte	RELATIONALES VERB
einen	O
abgesonderten	RELATIONALES VERB
Zettel	RAUMHINWEIS
hinzu	RELATIONALES VERB
,	O
worin	RELATION
sie	O
Blachfeld	RAUMMETAPHER
ihre	RAUMMETAPHER
Hand	RAUMMETAPHER
versprach	RAUMMETAPHER
,	O
und	O
zugleich	O
erklärte	O
--	O
-LRB-	O
denn	O
das	O
hatte	O
Madame	O
N.	O
zu	O
Beruhigung	O
ihres	O
Gewissens	O
verlangt	O
,	O
-RRB-	O
daß	O
sie	O
nicht	O
dazu	O
gezwungen	O
wäre	O
.	O
Kaum	O
war	O
Luise	O
in	RELATION
B	ORT
.	O
.	O
angelangt	RELATIONALES VERB
,	O
wo	RELATION
sie	O
die	O
Verwandten	O
ihres	O
Vaters	O
kennen	RELATIONALES VERB
lernte	RELATIONALES VERB
,	O
welcher	O
zu	O
einer	O
ansehnlichen	O
Familie	O
dieses	O
Landes	ORT
gehörte	RELATIONALES VERB
,	O
als	O
ihr	O
verschiedne	O
vortheilhafte	O
Vorschläge	O
gethan	O
wurden	O
.	O
Einer	O
darunter	O
war	O
von	O
einem	O
Manne	O
,	O
den	O
ihr	O
Herz	RAUMHINWEIS
auszeichnete	O
.	O
Er	O
war	O
einziger	O
Sohn	O
,	O
besaß	RELATIONALES VERB
ein	O
artiges	O
Vermögen	O
,	O
eine	O
höchst	O
intereßante	O
Gestalt	RAUMHINWEIS
,	O
und	O
über	O
alles	O
dieses	O
ein	O
vortrefliches	O
Herz	RAUMHINWEIS
,	O
das	O
durch	O
häusliches	RAUMBESCHREIBUNG
Leiden	O
gebildet	O
war	O
.	O
Seine	O
Jugend	O
war	O
so	O
unglücklich	O
wie	O
Luisens	O
frühere	O
Jahre	O
gewesen	O
:	O
und	O
Unglück	O
das	O
man	O
durch	O
eigene	O
Erfahrung	O
kennt	O
,	O
flößt	RELATIONALES VERB
immer	O
lebhafteres	O
Mitleid	O
ein	RELATIONALES VERB
.	O
Blachfeld	O
hingegen	O
war	O
seinem	O
väterlichen	O
Hause	ORT
immer	O
fremd	RAUMBESCHREIBUNG
geblieben	O
;	O
von	RAUMMETAPHER
der	RAUMMETAPHER
Wiege	RAUMMETAPHER
an	RAUMMETAPHER
sein	O
eigner	O
Herr	O
,	O
ward	O
sein	O
Herz	RAUMHINWEIS
durch	O
das	O
Kriegs-Handwerk	O
verhärtet	O
;	O
er	O
kannte	O
weder	O
das	O
Leiden	O
einer	O
fühlenden	O
Seele	O
,	O
noch	O
die	O
Bande	RAUMMETAPHER
des	RAUMMETAPHER
häuslichen	RAUMMETAPHER
Lebens	RAUMMETAPHER
.	O
Ein	O
Freund	O
machte	O
Luisen	O
darauf	O
aufmerksam	O
,	O
und	O
bat	O
sie	O
mit	O
Eifer	O
,	O
sich	O
nicht	O
durch	O
einen	O
misverstandenen	O
Heroismus	O
unglücklich	O
zu	O
machen	O
.	O
Er	O
stellte	O
ihr	O
vor	O
,	O
daß	O
ein	O
Mann	O
,	O
der	O
wie	O
Blachfeld	O
sich	O
an	O
den	O
Umgang	RAUMHINWEIS
einer	O
Frau	O
gewöhnt	O
hatte	O
,	O
die	O
als	O
Gesellschafterin	O
und	O
Magd	O
mit	RELATION
ihm	RAUMHINWEIS
lebte	RELATIONALES VERB
,	O
sich	O
nie	O
würde	O
in	O
die	O
Achtung	O
finden	O
können	O
,	O
die	O
man	O
einem	O
Weibe	O
von	O
Luisens	O
Erziehung	O
schuldig	O
wäre	O
.	O
Das	O
Beyspiel	O
des	O
Herrn	O
,	O
sagte	O
man	O
ihr	O
,	O
wirkt	O
auf	O
die	O
Bedienten	O
:	O
er	O
wird	O
Ihnen	O
nie	O
Ehrfurcht	O
verschaffen	O
,	O
er	O
wird	O
Ihnen	O
nie	O
in	RELATION
seinem	O
Hause	ORT
den	O
Platz	RAUMHINWEIS
anzuweisen	RELATIONALES VERB
wissen	O
,	O
der	O
Ihnen	O
gebührt	O
.	O
Es	O
ward	O
Luisen	O
schwer	O
,	O
einen	O
Entschluß	O
zu	O
fassen	O
:	O
aber	O
war	O
sie	O
einmal	O
dazu	O
geschritten	O
,	O
so	O
konnte	O
sie	O
die	O
Furcht	O
der	O
höchsten	O
Strafe	O
nicht	O
zurückbringen	RELATIONALES VERB
.	O
Jene	O
Versuchung	O
ihr	O
Wort	O
zurückzunehmen	O
,	O
ward	O
indessen	O
,	O
während	O
ihres	O
Aufenthalts	RAUMTHEMA
in	RELATION
B	ORT
.	O
.	O
,	O
durch	O
die	O
nahe	RELATION
Gegenwart	RAUMHINWEIS
des	O
liebenswürdigen	O
Mannes	O
oft	O
so	O
stark	O
,	O
daß	O
sie	O
aller	O
ihrer	O
Festigkeit	O
bedurfte	O
,	O
um	O
seine	O
Wünsche	O
zurückzuweisen	RELATIONALES VERB
.	O
Auf	RELATION
einem	O
Spatziergange	RAUMTHEMA
,	O
den	O
sie	O
an	O
einem	O
schönen	O
Sommerabende	O
mit	RELATION
Herrn	RAUMHINWEIS
**	O
und	O
einer	O
Freundin	RAUMHINWEIS
machte	O
,	O
führte	O
sie	O
ihr	O
Rückweg	RAUMTHEMA
über	RELATION
einen	O
Dorfkirchhof	ORT
.	O
Die	O
Stille	O
der	O
Nacht	O
,	O
das	O
zauberische	O
Mondlicht	O
,	O
das	O
die	O
Schatten	O
der	O
schwarzen	O
Kreuze	RAUMHINWEIS
längs	RELATION
auf	RELATION
dem	O
grünen	O
Rasen	ORT
hinmahlte	RELATIONALES VERB
,	O
oder	O
auf	RELATION
den	O
weißen	O
Grabsteinen	RAUMHINWEIS
das	O
zitternde	O
Laub	O
großer	RAUMBESCHREIBUNG
Lindenbäume	RAUMHINWEIS
abbildete	RELATIONALES VERB
,	O
deren	O
blühende	O
Zweige	RAUMHINWEIS
die	O
Luft	RAUMHINWEIS
mit	O
dem	O
süßesten	O
Duft	O
erfüllten	RELATIONALES VERB
,	O
die	O
Ruhe	O
der	O
Natur	ORT
mit	O
dem	O
Schweigen	O
des	O
Todes	O
vereint	O
,	O
ergriffen	O
Luisens	O
gefühlvolles	O
Herz	RAUMHINWEIS
.	O
Ihre	O
Begleiterin	O
äußerte	O
eine	O
kindische	O
Furcht	O
vor	O
diesem	O
schauerlichen	O
Aufenthalt	RAUMTHEMA
,	O
und	O
eilte	RELATIONALES VERB
nach	RELATION
Hause	ORT
zu	O
kommen	RELATIONALES VERB
;	O
der	O
junge	O
Mann	O
ging	RELATIONALES VERB
ihr	O
nach	RELATION
,	O
um	O
sie	O
zurückzuführen	RELATIONALES VERB
;	O
und	O
dieser	O
Augenblick	O
von	O
Einsamkeit	RAUMTHEMA
öfnete	RAUMTHEMA
plötzlich	O
Luisens	O
Augen	RAUMHINWEIS
über	O
die	O
Gefahren	O
,	O
mit	O
denen	O
dieser	O
Ort	ORT
und	O
die	O
Schwäche	O
ihres	O
Herzens	RAUMHINWEIS
sie	O
jezt	O
bedrohten	O
.	O
Sie	O
erschrak	O
über	O
die	O
Unvorsichtigkeit	O
,	O
nicht	O
sogleich	O
ihrer	O
Freundin	O
gefolgt	RELATIONALES VERB
zu	O
seyn	O
;	O
sie	O
fiel	RELATIONALES VERB
auf	RELATION
ihre	O
Knie	RAUMHINWEIS
,	O
und	O
indem	O
sie	O
fest	O
gelobte	O
,	O
künftig	O
jede	O
ähnliche	O
Gefahr	O
zu	O
meiden	RELATIONALES VERB
,	O
flehte	O
sie	O
den	O
Himmel	RAUMMETAPHER
um	O
Beistand	O
,	O
solche	O
diesmal	O
zu	O
überstehen	O
.	O
Ueberraschung	O
der	O
Sinne	O
war	O
es	O
nicht	O
,	O
was	O
ihr	O
reines	O
Herz	RAUMHINWEIS
fürchtete	O
;	O
aber	O
sie	O
zitterte	O
vor	O
einem	O
Augenblicke	O
,	O
wo	O
die	O
Liebenswürdigkeit	O
des	O
Mannes	O
,	O
der	O
um	O
sie	O
warb	O
,	O
sie	O
die	O
Heiligkeit	O
ihres	O
Versprechens	O
vergessen	O
lassen	O
möchte	O
.	O
Wenigstens	O
hatte	O
sie	O
Blachfelden	O
zu	O
hoffen	O
erlaubt	O
,	O
und	O
das	O
wäre	O
genug	O
gewesen	O
,	O
um	O
selbst	O
in	RAUMMETAPHER
den	RAUMMETAPHER
Armen	RAUMMETAPHER
der	RAUMMETAPHER
Liebe	RAUMMETAPHER
ihr	O
Gewissen	O
auf	O
immer	O
zu	O
vergiften	O
.	O
Es	O
war	O
Herrn	O
**	O
nicht	O
gelungen	O
,	O
Luisens	O
Freundin	O
zurückzubringen	RELATIONALES VERB
,	O
er	O
kam	RELATIONALES VERB
allein	O
wieder	RELATION
,	O
und	O
wie	O
er	O
Luisen	O
in	O
ihrer	O
flehenden	O
Stellung	RAUMHINWEIS
fand	RELATIONALES VERB
,	O
kniete	RELATIONALES VERB
er	O
neben	RELATION
ihr	RAUMHINWEIS
nieder	RELATION
.	O
Sie	O
verbarg	RELATIONALES VERB
ihm	O
die	O
Ursache	O
ihrer	O
Bewegung	O
nicht	O
.	O
Was	O
würden	O
Sie	O
thun	O
,	O
sagte	O
sie	O
mit	O
Thränen	O
,	O
wenn	O
ein	O
Anderer	O
Ihnen	O
das	O
Mädchen	RAUMHINWEIS
entrisse	RELATIONALES VERB
,	O
auf	O
welches	O
Sie	O
Ansprüche	O
hätten	O
,	O
oder	O
wenigstens	O
zu	O
haben	O
glaubten	O
?	O
--	O
	O
Sie	O
wollen	O
meine	O
Ehre	O
in	RAUMMETAPHER
s	RAUMMETAPHER
Spiel	RAUMMETAPHER
ziehen	RAUMMETAPHER
,	O
antwortete	O
Herr	O
**	O
indem	O
er	O
sogleich	O
aufstand	RELATIONALES VERB
,	O
und	O
es	O
soll	O
Ihnen	O
gelingen	O
.	O
Möchten	O
Sie	O
nur	O
glücklich	O
seyn	O
!	O
Aber	O
bei	O
Ihrer	O
Art	O
zu	O
denken	O
und	O
zu	O
fühlen	O
,	O
scheinen	O
Ihnen	O
die	O
Umstände	O
kein	O
Glück	O
zu	O
versprechen	O
.	O
``	O
--	O
Wohlan	O
,	O
unterbrach	O
ihn	O
Luise	O
;	O
lieber	O
will	O
ich	O
unglücklich	O
seyn	O
,	O
als	O
mein	O
Glück	O
auf	O
Kosten	O
eines	O
Mannes	O
erkaufen	O
,	O
der	O
selbst	O
gesagt	O
hat	O
,	O
daß	O
ihm	O
bis	O
jezt	O
auf	RELATION
der	O
Welt	ORT
noch	O
nichts	O
gelungen	O
ist	O
.	O
Sie	O
haben	O
Freiheit	RAUMTHEMA
zu	O
wählen	O
,	O
Sie	O
sind	O
jung	O
,	O
Sie	O
können	O
warten	O
:	O
wenn	O
es	O
wahr	O
ist	O
,	O
was	O
sie	O
oft	O
zu	O
mir	O
sagten	O
,	O
wenn	O
ich	O
Talente	O
zur	O
Erziehung	O
habe	O
,	O
so	O
verspreche	O
ich	O
Ihnen	O
meine	O
Tochter	O
.	O
--	O
	O
Sie	O
waren	O
das	O
einzige	O
Weib	O
,	O
der	O
ich	O
mein	O
Leben	O
hätte	O
weihen	O
mögen	O
;	O
aber	O
ich	O
bin	O
nicht	O
überspannt	O
:	O
und	O
da	O
sich	O
Ihr	O
Gewissen	O
nun	O
einmal	O
Ungeheuer	O
schaft	O
um	O
sie	O
hernach	O
zu	O
bekämpfen	O
,	O
so	O
ziehe	O
ich	O
Ihre	O
Ruhe	O
der	O
Befriedigung	O
meiner	O
Wünsche	O
vor	O
.	O
Aber	O
mit	O
Ihrem	O
Trost	O
verschonen	O
Sie	O
mich	O
,	O
setzte	O
er	O
mit	O
stolzem	O
Lächeln	O
hinzu	O
;	O
ich	O
wollte	O
Luise	O
N.	O
zur	O
Gattin	O
,	O
nicht	O
Blachfelds	O
Tochter	O
.	O
``	O
Sie	O
hatte	O
in	RELATION
B.	ORT
noch	O
mehrere	O
Veranlassungen	O
,	O
ihre	O
Standhaftigkeit	O
zu	O
zeigen	RELATIONALES VERB
.	O
Sie	O
liebte	O
das	O
Landleben	RAUMHINWEIS
;	O
der	O
Verwandte	O
mit	O
welchem	O
sie	O
reiste	RAUMTHEMA
,	O
führte	RELATIONALES VERB
sie	O
auf	RELATION
ein	O
sehr	O
schönes	O
Gut	ORT
.	O
dessen	O
Eigenthümer	O
er	O
war	O
,	O
und	O
versprach	O
es	O
auf	O
sie	O
zu	O
übertragen	O
,	O
wenn	O
sie	O
seine	O
Gattinn	O
werden	O
wollte	O
.	O
Ich	O
bin	O
nicht	O
jung	O
,	O
sagte	O
er	O
,	O
aber	O
ich	O
habe	O
Grundsätze	O
,	O
Sie	O
können	O
sich	O
auf	O
die	O
Unwandelbarkeit	O
meiner	O
Neigung	O
verlassen	O
,	O
wenn	O
auch	O
Krankheit	O
Ihre	O
Züge	O
entstellte	O
;	O
ja	O
wäre	O
es	O
auch	O
möglich	O
,	O
daß	O
meine	O
Liebe	O
je	O
aufhörte	O
,	O
so	O
würde	O
ich	O
es	O
doch	O
immer	O
für	O
meine	O
Pflicht	O
halten	O
,	O
jedem	O
Ihrer	O
Wünsche	O
zuvor	O
zu	O
kommen	O
.	O
	O
Das	O
heißt	O
,	O
sagte	O
Luise	O
lachend	O
,	O
Sie	O
wollten	O
mich	O
um	O
Gotteswillen	O
lieben	O
.	O
``	O
--	O
Dieser	O
Scherz	O
verwundete	O
ein	O
zartes	O
uneigennütziges	O
Herz	RAUMHINWEIS
,	O
und	O
Luise	O
büßte	O
hart	O
dafür	O
;	O
denn	O
Blachfeld	O
ließ	O
sie	O
erfahren	O
,	O
wie	O
glücklich	O
sie	O
gewesen	O
wäre	O
,	O
wenn	O
er	O
,	O
nachdem	O
der	O
Rausch	O
der	O
Leidenschaft	O
verraucht	O
war	O
,	O
sich	O
hätte	O
bewegen	O
lassen	O
,	O
sie	O
um	O
Gotteswillen	O
zu	O
lieben	O
.	O
--	O
Wir	O
thun	O
aber	O
besser	O
,	O
den	O
Faden	RAUMMETAPHER
der	RAUMMETAPHER
Geschichte	RAUMMETAPHER
wieder	RAUMMETAPHER
aufzunehmen	RAUMMETAPHER
,	O
und	O
Luisen	O
auf	RELATION
ihrer	O
Rückkehr	RAUMTHEMA
nach	RELATION
ihrer	O
Heimath	ORT
zu	O
folgen	RELATIONALES VERB
.	O
Luise	O
war	O
nicht	O
romanhaft	O
;	O
sie	O
konnte	O
sich	O
aufopfern	O
,	O
aber	O
über	O
das	O
,	O
was	O
ihr	O
die	O
Aufopferung	O
kostete	O
,	O
sich	O
täuschen	O
,	O
konnte	O
sie	O
nicht	O
;	O
sie	O
erröthete	O
auch	O
nicht	O
über	O
ihren	O
Schmerz	O
,	O
allein	O
er	O
führte	O
sie	O
nie	O
so	O
weit	O
,	O
eine	O
schöne	O
Handlung	O
zu	O
zu	O
bereuen	O
.	O
Ihr	O
Weg	ORT
führte	RELATIONALES VERB
sie	O
durch	RELATION
M	ORT
***	ORT
Blachfelds	O
Garnison	ORT
.	O
Hier	ORT
soll	O
ich	O
also	O
wohnen	RELATIONALES VERB
,	O
sagte	O
sie	O
seufzend	O
,	O
indem	O
sie	O
das	O
redende	O
Bild	O
einer	O
traurigen	O
Kriegszucht	O
vor	RELATION
sich	RAUMHINWEIS
sah	RELATIONALES VERB
:	O
leere	RAUMBESCHREIBUNG
Straßen	ORT
,	O
geschmückte	RELATIONALES VERB
Kasernen	ORT
,	O
deren	O
Fenster	RAUMTHEMA
mit	O
den	O
elenden	O
Lumpen	O
ihrer	O
Bewohner	O
behangen	RELATIONALES VERB
waren	O
.	O
Diese	O
Mauern	RAUMTHEMA
sollen	O
mich	O
also	O
auf	O
immer	O
einschließen	RAUMTHEMA
;	O
in	RELATION
einer	O
dieser	O
menschenleeren	RAUMBESCHREIBUNG
Straßen	ORT
soll	O
ich	O
ein	O
ungesundes	O
Haus	ORT
bewohnen	RELATIONALES VERB
;	O
ich	O
,	O
der	O
es	O
frey	O
stand	O
unter	RELATION
den	O
reizendsten	RAUMBESCHREIBUNG
Wohnungen	ORT
zu	O
wählen	RELATIONALES VERB
:	O
statt	O
der	O
auserlesensten	RAUMBESCHREIBUNG
Bibliothek	ORT
,	O
werde	O
ich	O
ein	O
paar	O
Tröster	O
herumliegen	RELATIONALES VERB
haben	O
,	O
und	O
statt	O
des	O
angenehmen	O
Zirkels	O
in	RELATION
dem	O
Hause	ORT
des	O
Mannes	O
,	O
der	O
mir	O
den	O
Nahmen	O
seiner	O
Schwiegertochter	O
anbot	RELATIONALES VERB
,	O
werde	O
ich	O
auf	RELATION
die	O
Gesellschaft	RAUMHINWEIS
meines	O
Gesindes	O
eingeschränkt	RAUMTHEMA
,	O
kein	O
wichtigeres	O
Geschäft	O
haben	O
,	O
als	O
meinem	O
Mann	O
ein	O
Mittagsessen	O
zu	O
kochen	O
,	O
das	O
er	O
vielleicht	O
mit	O
Widerwillen	O
verzehren	O
wird	O
.	O
Unter	O
diesen	O
traurigen	O
Betrachtungen	O
hielt	RELATIONALES VERB
der	O
Wagen	RAUMTHEMA
vor	RELATION
dem	O
Hause	ORT
ihrer	O
Freundin	O
.	O
Die	O
Hofnung	O
dieses	O
Wiedersehens	RAUMTHEMA
machte	O
sie	O
alles	O
vergessen	O
.	O
Blachfeld	O
reichte	RELATIONALES VERB
ihr	O
beim	O
Aussteigen	RELATIONALES VERB
mit	O
allem	O
Entzücken	O
der	O
Leidenschaft	O
die	O
Hand	RAUMHINWEIS
.	O
Sie	O
blickt	RELATIONALES VERB
auf	RELATION
ihn	RAUMHINWEIS
,	O
sein	O
Gesicht	O
flammt	O
,	O
Luise	O
schlägt	RELATIONALES VERB
die	O
Augen	RAUMHINWEIS
nieder	RELATIONALES VERB
,	O
und	O
beschuldigt	O
sich	O
der	O
Undankbarkeit	O
.	O
Sie	O
wollte	O
wenigstens	O
ihre	O
Schuld	O
durch	O
keine	O
