Ich	O
erzähle	O
eine	O
Begebenheit	O
,	O
die	O
vielen	O
unglaublich	O
scheinen	O
wird	O
,	O
und	O
von	O
der	O
ich	O
großenteils	O
selbst	O
Augenzeuge	O
war	O
.	O
Den	O
wenigen	O
,	O
welche	O
von	O
einem	O
gewissen	O
politischen	O
Vorfalle	O
unterrichtet	O
sind	O
,	O
wird	O
sie	O
--	O
wenn	O
anders	O
diese	O
Blätter	O
sie	O
noch	O
am	O
Leben	O
finden	RELATIONALES VERB
--	O
einen	O
willkommenen	O
Aufschluß	O
darüber	O
geben	O
;	O
und	O
auch	O
ohne	O
diesen	O
Schlüssel	O
wird	O
sie	O
den	O
übrigen	O
,	O
als	O
ein	O
Beitrag	O
zur	O
Geschichte	O
des	O
Betrugs	O
und	O
der	O
Verirrungen	O
des	O
menschlichen	O
Geistes	O
,	O
vielleicht	O
wichtig	O
sein	O
.	O
Man	O
wird	O
über	O
die	O
Kühnheit	O
des	O
Zwecks	O
erstaunen	O
,	O
den	O
die	O
Bosheit	O
zu	O
entwerfen	O
und	O
zu	O
verfolgen	O
imstande	O
ist	O
;	O
man	O
wird	O
über	O
die	O
Seltsamkeit	O
der	O
Mittel	O
erstaunen	O
,	O
die	O
sie	O
aufzubieten	O
vermag	O
,	O
um	O
sich	O
dieses	O
Zwecks	O
zu	O
versichern	O
.	O
Reine	O
,	O
strenge	O
Wahrheit	O
wird	O
meine	O
Feder	O
leiten	O
;	O
denn	O
wenn	O
diese	O
Blätter	O
in	RELATION
die	O
Welt	ORT
treten	RELATIONALES VERB
,	O
bin	O
ich	O
nicht	O
mehr	O
und	O
werde	O
durch	O
den	O
Bericht	O
,	O
den	O
ich	O
abstatte	O
,	O
weder	O
zu	O
gewinnen	O
noch	O
zu	O
verlieren	O
haben	O
.	O
Es	O
war	O
auf	RELATION
meiner	O
Zurückreise	RAUMTHEMA
nach	RELATION
Kurland	ORT
,	O
im	O
Jahr	O
17	O
**	O
um	O
die	O
Karnevalszeit	O
,	O
als	O
ich	O
den	O
Prinzen	O
von	O
**	O
in	RELATION
Venedig	ORT
besuchte	RELATIONALES VERB
.	O
Wir	O
hatten	O
uns	O
in	RELATION
**	O
schen	O
Kriegsdiensten	RAUMTHEMA
kennenlernen	RELATIONALES VERB
und	O
erneuerten	O
hier	ORT
eine	O
Bekanntschaft	O
,	O
die	O
der	O
Friede	O
unterbrochen	O
hatte	O
.	O
Weil	O
ich	O
ohnedies	O
wünschte	O
,	O
das	O
Merkwürdige	O
dieser	O
Stadt	ORT
zu	O
sehen	RELATIONALES VERB
,	O
und	O
der	O
Prinz	O
nur	O
noch	O
Wechsel	O
erwartete	RELATIONALES VERB
,	O
um	O
nach	RELATION
**	ORT
zurückzureisen	RAUMTHEMA
,	O
so	O
beredete	O
er	O
mich	O
leicht	O
,	O
ihm	O
Gesellschaft	RAUMHINWEIS
zu	O
leisten	O
und	O
meine	O
Abreise	RAUMTHEMA
solange	O
zu	O
verschieben	O
.	O
Wir	O
kamen	O
überein	O
,	O
uns	O
nicht	O
voneinander	RELATION
zu	O
trennen	RELATIONALES VERB
,	O
solange	O
unser	O
Aufenthalt	RAUMTHEMA
in	RELATION
Venedig	ORT
dauern	O
würde	O
,	O
und	O
der	O
Prinz	O
war	O
so	O
gefällig	O
,	O
mir	O
seine	O
eigne	O
Wohnung	ORT
im	RELATION
“	O
Mohren	ORT
``	O
anzubieten	RELATIONALES VERB
.	O
Er	O
lebte	O
hier	ORT
unter	O
dem	O
strengsten	O
Inkognito	O
,	O
weil	O
er	O
sich	O
selbst	O
leben	O
wollte	O
und	O
seine	O
geringe	O
Apanage	O
ihm	O
auch	O
nicht	O
verstattet	O
hätte	O
,	O
die	O
Hoheit	O
seines	O
Rangs	O
zu	O
behaupten	O
.	O
Zwei	O
Kavaliere	O
,	O
auf	O
deren	O
Verschwiegenheit	O
er	O
sich	O
vollkommen	O
verlassen	O
konnte	O
,	O
waren	O
nebst	O
einigen	O
treuen	O
Bedienten	O
sein	O
ganzes	O
Gefolge	O
.	O
Den	O
Aufwand	O
vermied	O
er	O
,	O
mehr	O
aus	O
Temperament	O
als	O
aus	O
Sparsamkeit	O
.	O
Er	O
floh	RELATIONALES VERB
die	O
Vergnügungen	O
;	O
in	O
einem	O
Alter	O
von	O
fünfunddreißig	O
Jahren	O
hatte	O
er	O
allen	O
Reizungen	O
dieser	O
wollüstigen	O
Stadt	ORT
widerstanden	O
.	O
Das	O
schöne	O
Geschlecht	O
war	O
ihm	O
bis	O
jetzt	O
gleichgültig	O
gewesen	O
.	O
Tiefer	O
Ernst	O
und	O
eine	O
schwärmerische	O
Melancholie	O
herrschten	O
in	O
seiner	O
Gemütsart	O
.	O
Seine	O
Neigungen	O
waren	O
still	O
,	O
aber	O
hartnäckig	O
bis	O
zum	O
Übermaß	O
,	O
seine	O
Wahl	O
langsam	O
und	O
schüchtern	O
,	O
seine	O
Anhänglichkeit	O
warm	O
und	O
ewig	O
.	O
Mitten	RELATION
in	RELATION
einem	O
geräuschvollen	O
Gewühle	RAUMHINWEIS
von	O
Menschen	RAUMHINWEIS
ging	RELATIONALES VERB
er	O
einsam	O
;	O
in	O
seine	O
Phantasienwelt	O
verschlossen	O
,	O
war	O
er	O
sehr	O
oft	O
ein	O
Fremdling	O
in	RELATION
der	O
wirklichen	ORT
.	O
Niemand	O
war	O
mehr	O
dazu	O
geboren	O
,	O
sich	O
beherrschen	O
zu	O
lassen	O
,	O
ohne	O
schwach	O
zu	O
sein	O
.	O
Dabei	O
war	O
er	O
unerschrocken	O
und	O
zuverlässig	O
,	O
sobald	O
er	O
einmal	O
gewonnen	O
war	O
,	O
und	O
besaß	O
gleich	O
großen	O
Mut	O
,	O
ein	O
erkanntes	O
Vorurteil	O
zu	O
bekämpfen	O
und	O
für	O
ein	O
anderes	O
zu	O
sterben	O
.	O
Als	O
der	O
dritte	O
Prinz	O
seines	O
Hauses	ORT
hatte	O
er	O
keine	O
wahrscheinliche	O
Aussicht	O
zur	O
Regierung	O
.	O
Sein	O
Ehrgeiz	O
war	O
nie	O
erwacht	O
,	O
seine	O
Leidenschaften	O
hatten	O
eine	O
andere	O
Richtung	O
genommen	O
.	O
Zufrieden	O
,	O
von	O
keinem	O
fremden	O
Willen	O
abzuhängen	O
,	O
fühlte	O
er	O
keine	O
Versuchung	O
,	O
über	O
andere	O
zu	O
herrschen	O
:	O
die	O
ruhige	O
Freiheit	RAUMTHEMA
des	O
Privatlebens	O
und	O
der	O
Genuß	O
eines	O
geistreichen	O
Umgangs	O
begrenzten	O
alle	O
seine	O
Wünsche	O
.	O
Er	O
las	O
viel	O
,	O
doch	O
ohne	O
Wahl	O
;	O
eine	O
vernachlässigte	O
Erziehung	O
und	O
frühe	O
Kriegsdienste	RAUMTHEMA
hatten	O
seinen	O
Geist	O
nicht	O
zur	O
Reife	O
kommen	O
lassen	O
.	O
Alle	O
Kenntnisse	O
,	O
die	O
er	O
nachher	O
schöpfte	O
,	O
vermehrten	O
nur	O
die	O
Verwirrung	O
seiner	O
Begriffe	O
,	O
weil	O
sie	O
auf	O
keinen	O
festen	O
Grund	O
gebauet	O
waren	O
.	O
Er	O
war	O
Protestant	O
,	O
wie	O
seine	O
ganze	O
Familie	O
--	O
durch	O
Geburt	O
,	O
nicht	O
nach	O
Untersuchung	O
,	O
die	O
er	O
nie	O
angestellt	O
hatte	O
,	O
ob	O
er	O
gleich	O
in	O
einer	O
Epoche	O
seines	O
Lebens	O
religiöser	O
Schwärmer	O
gewesen	O
war	O
.	O
Freimäurer	O
ist	O
er	O
,	O
soviel	O
ich	O
weiß	O
,	O
nie	O
geworden	O
.	O
Eines	O
Abends	O
,	O
als	O
wir	O
nach	O
Gewohnheit	O
in	RELATION
tiefer	RAUMBESCHREIBUNG
Maske	RAUMHINWEIS
und	O
abgesondert	RELATIONALES VERB
auf	RELATION
dem	O
St.	ORT
Markusplatz	ORT
spazieren	RAUMTHEMA
gingen	RELATIONALES VERB
--	O
es	O
fing	O
an	O
,	O
spät	O
zu	O
werden	O
,	O
und	O
das	O
Gedränge	RAUMHINWEIS
hatte	O
sich	O
verloren	RELATIONALES VERB
--	O
bemerkte	O
der	O
Prinz	O
,	O
daß	O
eine	O
Maske	RAUMHINWEIS
uns	O
überall	ORT
folgte	RELATIONALES VERB
.	O
Die	O
Maske	O
war	O
ein	O
Armenier	O
und	O
ging	RELATIONALES VERB
allein	O
.	O
Wir	O
beschleunigten	O
unsere	O
Schritte	RAUMHINWEIS
und	O
suchten	O
sie	O
durch	O
öftere	O
Veränderung	O
unseres	O
Weges	ORT
irre	O
zu	O
machen	O
--	O
umsonst	O
,	O
die	O
Maske	RAUMHINWEIS
blieb	RELATIONALES VERB
immer	O
dicht	RAUMBESCHREIBUNG
hinter	RELATION
uns	RAUMHINWEIS
.	O
	O
Sie	O
haben	O
doch	O
keine	O
Intrige	O
hier	ORT
gehabt	O
?	O
``	O
sagte	O
endlich	O
der	O
Prinz	O
zu	RELATION
mir	RAUMHINWEIS
.	O
	O
Die	O
Ehemänner	O
in	RELATION
Venedig	ORT
sind	O
gefährlich	O
.	O
``	O
--	O
	O
Ich	O
stehe	O
mit	O
keiner	O
einzigen	O
Dame	O
in	RELATION
Verbindung	RAUMHINWEIS
``	O
,	O
gab	O
ich	O
zur	O
Antwort	O
.	O
--	O
	O
Wir	O
wollen	O
uns	O
hier	ORT
niedersetzen	RELATIONALES VERB
und	O
deutsch	O
sprechen	O
``	O
,	O
fuhr	O
er	O
fort	O
.	O
	O
Ich	O
bilde	O
mir	O
ein	O
,	O
man	O
verkennt	O
uns	O
.	O
``	O
Wir	O
setzten	RELATIONALES VERB
uns	O
auf	RELATION
eine	O
steinerne	RAUMBESCHREIBUNG
Bank	RAUMHINWEIS
und	O
erwarteten	RELATIONALES VERB
,	O
daß	O
die	O
Maske	RAUMHINWEIS
vorübergehen	RELATIONALES VERB
sollte	O
.	O
Sie	O
kam	RELATIONALES VERB
gerade	O
auf	RELATION
uns	RAUMHINWEIS
zu	RELATION
und	O
nahm	RELATIONALES VERB
ihren	O
Platz	RAUMHINWEIS
dicht	RAUMBESCHREIBUNG
an	RELATION
der	O
Seite	RELATION
des	O
Prinzen	O
.	O
Er	O
zog	RELATIONALES VERB
die	O
Uhr	RAUMHINWEIS
heraus	RELATION
und	O
sagte	O
mir	O
laut	O
auf	O
französisch	O
,	O
indem	O
er	O
aufstand	RELATIONALES VERB
:	O
	O
Neun	O
Uhr	O
vorbei	O
.	O
Kommen	RELATIONALES VERB
Sie	O
.	O
Wir	O
vergessen	O
,	O
daß	O
man	O
uns	O
im	RELATION
,	O
Louvre	ORT
`	O
erwartet	RELATIONALES VERB
.	O
``	O
Dies	O
sagte	O
er	O
nur	O
,	O
um	O
die	O
Maske	RAUMHINWEIS
von	RELATION
unserer	O
Spur	RAUMHINWEIS
zu	O
entfernen	RELATIONALES VERB
.	O
	O
Neun	O
Uhr	O
``	O
,	O
wiederholte	O
sie	O
in	O
eben	O
der	O
Sprache	O
nachdrücklich	O
und	O
langsam	O
.	O
	O
Wünschen	O
Sie	O
sich	O
Glück	O
,	O
Prinz	O
``	O
-LRB-	O
indem	O
sie	O
ihn	O
bei	O
seinem	O
wahren	O
Namen	O
nannte	O
-RRB-	O
.	O
	O
Um	O
neun	O
Uhr	O
ist	O
er	O
gestorben	O
.	O
``	O
Damit	O
stand	RELATIONALES VERB
sie	RAUMHINWEIS
auf	RELATIONALES VERB
und	O
ging	RELATIONALES VERB
.	O
Wir	O
sahen	RELATIONALES VERB
uns	O
bestürzt	O
an	RELATIONALES VERB
.	O
--	O
	O
Wer	O
ist	O
gestorben	O
?	O
``	O
sagte	O
endlich	O
der	O
Prinz	O
nach	O
einer	O
langen	O
Stille	O
.	O
--	O
	O
Lassen	O
Sie	O
uns	O
ihr	RAUMHINWEIS
nachgehen	RELATIONALES VERB
``	O
,	O
sagte	O
ich	O
,	O
	O
und	O
eine	O
Erklärung	O
fordern	O
.	O
``	O
Wir	O
durchkrochen	RELATIONALES VERB
alle	O
Winkel	ORT
des	O
Markusplatzes	ORT
--	O
die	O
Maske	RAUMHINWEIS
war	O
nicht	O
mehr	O
zu	O
finden	RELATIONALES VERB
.	O
Unbefriedigt	O
kehrten	RELATIONALES VERB
wir	O
nach	RELATION
unserm	O
Gasthof	ORT
zurück	RELATION
.	O
Der	O
Prinz	O
sagte	O
mir	O
unterweges	ORT
nicht	O
ein	O
Wort	O
,	O
sondern	O
ging	RELATIONALES VERB
seitwärts	RELATION
und	O
allein	O
und	O
schien	O
einen	O
gewaltsamen	O
Kampf	O
zu	O
kämpfen	O
,	O
wie	O
er	O
mir	O
auch	O
nachher	O
gestanden	O
hat	O
.	O
Als	O
wir	O
zu	RELATION
Hause	ORT
waren	O
,	O
öffnete	RAUMTHEMA
er	O
zum	O
ersten	O
Male	O
wieder	O
den	O
Mund	RAUMHINWEIS
.	O
	O
Es	O
ist	O
doch	O
lächerlich	O
``	O
,	O
sagte	O
er	O
,	O
	O
daß	O
ein	O
Wahnsinniger	O
die	O
Ruhe	O
eines	O
Mannes	O
mit	O
zwei	O
Worten	O
erschüttern	O
soll	O
.	O
``	O
Wir	O
wünschten	O
uns	O
eine	O
gute	O
Nacht	O
,	O
und	O
sobald	O
ich	O
auf	RELATION
meinem	O
Zimmer	ORT
war	O
,	O
merkte	O
ich	O
mir	O
in	RELATION
meiner	O
Schreibtafel	RAUMHINWEIS
den	O
Tag	O
und	O
die	O
Stunde	O
,	O
wo	RELATION
es	O
geschehen	O
war	O
.	O
Es	O
war	O
ein	O
Donnerstag	O
.	O
Am	O
folgenden	O
Abend	O
sagte	O
mir	O
der	O
Prinz	O
:	O
	O
Wollen	O
wir	O
nicht	O
einen	O
Gang	RAUMHINWEIS
über	RELATION
den	O
Markusplatz	ORT
machen	O
und	O
unsern	O
geheimnisvollen	O
Armenier	O
aufsuchen	RELATIONALES VERB
?	O
Mich	O
verlangt	O
doch	O
nach	O
der	O
Entwickelung	O
dieser	O
Komödie	O
.	O
``	O
Ich	O
wars	O
zufrieden	O
.	O
Wir	O
blieben	RELATIONALES VERB
bis	O
eilf	O
Uhr	O
auf	RELATION
dem	O
Platze	ORT
.	O
Der	O
Armenier	O
war	O
nirgends	ORT
zu	O
sehen	RELATIONALES VERB
.	O
Das	O
nämliche	O
wiederholten	O
wir	O
die	O
vier	O
folgenden	O
Abende	O
,	O
und	O
mit	O
keinem	O
bessern	O
Erfolge	O
.	O
Als	O
wir	O
am	O
sechsten	O
Abend	O
unser	O
Hotel	ORT
verließen	RELATIONALES VERB
,	O
hatte	O
ich	O
den	O
Einfall	O
--	O
ob	O
unwillkürlich	O
oder	O
aus	O
Absicht	O
,	O
besinne	O
ich	O
mich	O
nicht	O
mehr	O
--	O
,	O
den	O
Bedienten	O
zu	O
hinterlassen	RELATIONALES VERB
,	O
wo	RELATION
wir	O
zu	O
finden	RELATIONALES VERB
sein	O
würden	O
,	O
wenn	O
nach	O
uns	O
gefragt	O
werden	O
sollte	O
.	O
Der	O
Prinz	O
bemerkte	O
meine	O
Vorsicht	O
und	O
lobte	O
sie	O
mit	O
einer	O
lächelnden	O
Miene	O
.	O
Es	O
war	O
ein	O
großes	RAUMBESCHREIBUNG
Gedränge	RAUMHINWEIS
auf	RELATION
dem	O
Markusplatz	ORT
,	O
als	O
wir	O
da	ORT
ankamen	RELATIONALES VERB
.	O
Wir	O
hatten	O
kaum	O
dreißig	RAUMHINWEIS
Schritte	RAUMHINWEIS
gemacht	O
,	O
so	O
bemerkte	O
ich	O
den	O
Armenier	O
wieder	O
,	O
der	O
sich	O
mit	O
schnellen	O
Schritten	RAUMHINWEIS
durch	RELATION
die	O
Menge	RAUMHINWEIS
arbeitete	RELATIONALES VERB
und	O
mit	RELATION
den	O
Augen	RAUMHINWEIS
jemand	O
zu	O
suchen	RELATIONALES VERB
schien	O
.	O
Eben	O
waren	O
wir	O
im	O
Begriff	O
,	O
ihn	O
zu	O
erreichen	RELATIONALES VERB
,	O
als	O
der	O
Baron	O
von	O
F	O
**	O
aus	RELATION
der	O
Suite	ORT
des	O
Prinzen	O
atemlos	O
auf	RELATION
uns	RAUMHINWEIS
zukam	RELATIONALES VERB
und	O
dem	O
Prinzen	O
einen	O
Brief	RAUMHINWEIS
überbrachte	RELATIONALES VERB
.	O
	O
Er	O
ist	O
schwarz	O
gesiegelt	O
``	O
,	O
setzte	O
er	O
hinzu	O
.	O
	O
Wir	O
vermuteten	O
,	O
daß	O
es	O
Eile	O
hätte	O
.	O
``	O
Das	O
fiel	O
auf	O
mich	O
wie	O
ein	O
Donnerschlag	O
.	O
Der	O
Prinz	O
war	O
zu	RELATION
einer	O
Laterne	RAUMHINWEIS
getreten	RELATIONALES VERB
und	O
fing	O
an	O
zu	O
lesen	O
.	O
	O
Mein	O
Cousin	O
ist	O
gestorben	O
``	O
,	O
rief	RELATIONALES VERB
er	O
.	O
	O
Wann	O
?	O
``	O
fiel	O
ich	O
ihm	O
heftig	O
ins	O
Wort	O
.	O
Er	O
sah	RELATIONALES VERB
noch	O
einmal	O
in	RELATION
den	O
Brief	RAUMHINWEIS
.	O
	O
Vorigen	O
Donnerstag	O
.	O
Abends	O
um	O
neun	O
Uhr	O
.	O
``	O
Wir	O
hatten	O
nicht	O
Zeit	O
,	O
von	O
unserm	O
Erstaunen	O
zurückzukommen	O
,	O
so	O
stand	RELATIONALES VERB
der	O
Armenier	RAUMHINWEIS
unter	RELATION
uns	RAUMHINWEIS
.	O
	O
Sie	O
sind	O
hier	ORT
erkannt	O
,	O
gnädigster	O
Herr	O
``	O
,	O
sagte	O
er	O
zu	RELATION
dem	O
Prinzen	O
.	O
	O
Eilen	RELATIONALES VERB
Sie	O
nach	RELATION
dem	O
,	O
Mohren	ORT
`	O
.	O
Sie	O
werden	O
die	O
Abgeordneten	O
des	O
Senats	O
dort	ORT
finden	RELATIONALES VERB
.	O
Tragen	O
Sie	O
kein	O
Bedenken	O
,	O
die	O
Ehre	O
anzunehmen	O
,	O
die	O
man	O
Ihnen	O
erweisen	O
will	O
.	O
Der	O
Baron	O
von	O
F	O
**	O
vergaß	O
,	O
Ihnen	O
zu	O
sagen	O
,	O
daß	O
Ihre	O
Wechsel	RAUMHINWEIS
angekommen	RELATIONALES VERB
sind	O
.	O
``	O
Er	O
verlor	RELATIONALES VERB
sich	O
in	RELATION
dem	O
Gedränge	RAUMHINWEIS
.	O
Wir	O
eilten	RELATIONALES VERB
nach	RELATION
unserm	O
Hotel	ORT
.	O
Alles	O
fand	O
sich	O
,	O
wie	O
der	O
Armenier	O
es	O
verkündigt	O
hatte	O
.	O
Drei	O
Nobili	O
der	O
Republik	ORT
standen	RELATIONALES VERB
bereit	O
,	O
den	O
Prinzen	O
zu	O
bewillkommen	O
und	O
ihn	O
mit	O
Pracht	O
nach	RELATION
der	O
Assemblee	RAUMHINWEIS
zu	O
begleiten	RELATIONALES VERB
,	O
wo	RELATION
der	O
hohe	O
Adel	O
der	O
Stadt	ORT
ihn	O
erwartete	RELATIONALES VERB
.	O
Er	O
hatte	O
kaum	O
soviel	O
Zeit	O
,	O
mir	O
durch	O
einen	O
flüchtigen	O
Wink	RAUMHINWEIS
zu	O
verstehen	O
zu	O
geben	O
,	O
daß	O
ich	O
für	O
ihn	O
wach	O
bleiben	O
möchte	O
.	O
Nachts	O
gegen	O
eilf	O
Uhr	O
kam	RELATIONALES VERB
er	O
wieder	RELATIONALES VERB
.	O
Ernst	O
und	O
gedankenvoll	O
trat	RELATIONALES VERB
er	O
ins	RELATION
Zimmer	ORT
und	O
ergriff	RELATIONALES VERB
meine	O
Hand	RAUMHINWEIS
,	O
nachdem	O
er	O
die	O
Bedienten	O
entlassen	RELATIONALES VERB
hatte	O
.	O
	O
Graf	O
``	O
,	O
sagte	O
er	O
mit	O
den	O
Worten	O
Hamlets	O
zu	RELATION
mir	RAUMHINWEIS
,	O
	O
es	O
gibt	O
mehr	O
Dinge	O
im	RELATION
Himmel	ORT
und	O
auf	RELATION
Erden	ORT
,	O
als	O
wir	O
in	O
unsern	O
Philosophien	O
träumen	O
.	O
``	O
	O
Gnädigster	O
Herr	O
``	O
,	O
antwortete	O
ich	O
,	O
	O
Sie	O
scheinen	O
zu	O
vergessen	O
,	O
daß	O
Sie	O
um	O
eine	O
große	O
Hoffnung	O
reicher	O
zu	RELATION
Bette	RAUMHINWEIS
gehen	RELATIONALES VERB
.	O
``	O
-LRB-	O
Der	O
Verstorbene	O
war	O
der	O
Erbprinz	O
,	O
der	O
einzige	O
Sohn	O
des	O
regierenden	O
***	O
,	O
der	O
alt	O
und	O
kränklich	O
ohne	O
Hoffnung	O
eigner	O
Succession	O
war	O
.	O
Ein	O
Oheim	O
unsers	O
Prinzen	O
,	O
gleichfalls	O
ohne	O
Erben	O
und	O
ohne	O
Aussicht	O
,	O
welche	O
zu	O
bekommen	RELATIONALES VERB
,	O
stand	RELATIONALES VERB
jetzt	O
allein	O
noch	O
zwischen	RELATION
diesem	RAUMHINWEIS
und	O
dem	O
Throne	RAUMHINWEIS
.	O
Ich	O
erwähne	O
dieses	O
Umstandes	O
,	O
weil	O
in	O
der	O
Folge	O
davon	O
die	O
Rede	O
sein	O
wird	O
.	O
-RRB-	O
	O
Erinnern	O
Sie	O
mich	O
nicht	O
daran	O
``	O
,	O
sagte	O
der	O
Prinz	O
.	O
	O
Und	O
wenn	O
eine	O
Krone	O
für	O
mich	O
wäre	O
gewonnen	O
worden	O
,	O
ich	O
hätte	O
jetzt	O
mehr	O
zu	O
tun	O
,	O
als	O
dieser	O
Kleinigkeit	O
nachzudenken	O
.	O
--	O
--	O
Wenn	O
dieser	O
Armenier	O
nicht	O
bloß	O
erraten	O
hat	O
--	O
--	O
``	O
	O
Wie	O
ist	O
das	O
möglich	O
,	O
Prinz	O
?	O
``	O
fiel	O
ich	O
ein	O
.	O
--	O
	O
So	O
will	O
ich	O
Ihnen	O
alle	O
meine	O
fürstlichen	O
Hoffnungen	O
für	O
eine	O
Mönchskutte	O
abtreten	O
.	O
``	O
Den	O
folgenden	O
Abend	O
fanden	RELATIONALES VERB
wir	O
uns	O
zeitiger	O
als	O
gewöhnlich	O
auf	RELATION
dem	O
Markusplatz	ORT
ein	RELATIONALES VERB
.	O
Ein	O
plötzlicher	O
Regenguß	O
nötigte	O
uns	O
,	O
in	RELATION
ein	O
Kaffeehaus	ORT
einzutreten	RELATIONALES VERB
,	O
wo	RELATION
gespielt	O
wurde	O
.	O
Der	O
Prinz	O
stellte	RELATIONALES VERB
sich	O
hinter	RELATION
den	O
Stuhl	RAUMHINWEIS
eines	O
Spaniers	O
und	O
beobachtete	RELATIONALES VERB
das	O
Spiel	O
.	O
Ich	O
war	O
in	RELATION
ein	O
anstoßendes	RELATIONALES VERB
Zimmer	ORT
gegangen	RELATIONALES VERB
,	O
wo	RELATION
ich	O
Zeitungen	O
las	O
.	O
Eine	O
Weile	O
darauf	O
hörte	RELATIONALES VERB
ich	O
Lärmen	O
.	O
Vor	O
der	O
Ankunft	RAUMTHEMA
des	O
Prinzen	O
war	O
der	O
Spanier	O
unaufhörlich	O
im	O
Verluste	O
gewesen	O
,	O
jetzt	O
gewann	O
er	O
auf	O
alle	O
Karten	O
.	O
Das	O
ganze	O
Spiel	O
war	O
auffallend	O
verändert	O
,	O
und	O
die	O
Bank	O
war	O
in	O
Gefahr	O
,	O
von	O
dem	O
Pointeur	O
,	O
den	O
diese	O
glückliche	O
Wendung	O
kühner	O
gemacht	O
hatte	O
,	O
aufgefordert	O
zu	O
werden	O
.	O
Der	O
Venezianer	O
,	O
der	O
sie	O
hielt	O
,	O
sagte	O
dem	O
Prinzen	O
mit	O
beleidigendem	O
Ton	O
--	O
er	O
störe	O
das	O
Glück	O
,	O
und	O
er	O
solle	O
den	O
Tisch	RAUMHINWEIS
verlassen	RELATIONALES VERB
.	O
Dieser	O
sah	RELATIONALES VERB
ihn	O
kalt	O
an	RELATIONALES VERB
und	O
blieb	RELATIONALES VERB
;	O
dieselbe	O
Fassung	O
behielt	O
er	O
,	O
als	O
der	O
Venezianer	O
seine	O
Beleidigung	O
französisch	O
wiederholte	O
.	O
Der	O
letztere	O
glaubte	O
,	O
daß	O
der	O
Prinz	O
beide	O
Sprachen	O
nicht	O
verstehe	O
,	O
und	O
wandte	RELATIONALES VERB
sich	O
mit	O
verachtungsvollem	O
Lachen	O
zu	RELATION
den	O
übrigen	RAUMHINWEIS
:	O
	O
Sagen	O
Sie	O
mir	O
doch	O
,	O
meine	O
Herren	O
,	O
wie	O
ich	O
mich	O
diesem	O
Balordo	O
verständlich	O
machen	O
soll	O
?	O
``	O
Zugleich	O
stand	RELATIONALES VERB
er	O
auf	RELATIONALES VERB
und	O
wollte	O
den	O
Prinzen	O
beim	RELATION
Arm	RAUMHINWEIS
ergreifen	RELATIONALES VERB
;	O
diesen	O
verließ	RELATIONALES VERB
hier	O
die	O
Geduld	O
,	O
er	O
packte	RELATIONALES VERB
den	O
Venezianer	RAUMHINWEIS
mit	O
starker	O
Hand	RAUMHINWEIS
und	O
warf	RELATIONALES VERB
ihn	O
unsanft	O
zu	RELATION
Boden	ORT
.	O
Das	O
ganze	RAUMBESCHREIBUNG
Haus	ORT
kam	RELATIONALES VERB
in	RELATION
Bewegung	RAUMHINWEIS
.	O
Auf	O
das	O
Geräusch	RAUMHINWEIS
stürzte	RELATIONALES VERB
ich	O
herein	RELATION
,	O
unwillkürlich	O
rief	RELATIONALES VERB
ich	O
ihn	O
bei	O
seinem	O
Namen	O
.	O
	O
Nehmen	O
Sie	O
sich	O
in	O
acht	O
,	O
Prinz	O
``	O
,	O
setzte	O
ich	O
mit	O
Unbesonnenheit	O
hinzu	O
,	O
	O
wir	O
sind	O
in	RELATION
Venedig	ORT
.	O
``	O
Der	O
Name	O
des	O
Prinzen	O
gebot	O
eine	O
allgemeine	O
Stille	O
,	O
woraus	O
bald	O
ein	O
Gemurmel	O
wurde	O
,	O
das	O
mir	O
gefährlich	O
schien	O
.	O
Alle	O
anwesenden	O
Italiener	O
rotteten	RELATIONALES VERB
sich	O
zu	RELATION
Haufen	RAUMHINWEIS
und	O
traten	RELATIONALES VERB
beiseite	RELATION
.	O
Einer	O
um	O
den	O
andern	O
verließ	RELATIONALES VERB
den	O
Saal	ORT
,	O
bis	O
wir	O
uns	O
beide	O
mit	O
dem	O
Spanier	O
und	O
einigen	O
Franzosen	O
allein	O
fanden	RELATIONALES VERB
.	O
	O
Sie	O
sind	O
verloren	O
,	O
gnädigster	O
Herr	O
``	O
,	O
sagten	O
diese	O
,	O
	O
wenn	O
Sie	O
nicht	O
sogleich	O
die	O
Stadt	ORT
verlassen	RELATIONALES VERB
.	O
Der	O
Venezianer	O
,	O
den	O
Sie	O
so	O
übel	O
behandelt	O
haben	O
,	O
ist	O
reich	O
und	O
von	O
Ansehen	O
--	O
es	O
kostet	O
ihm	O
nur	O
funfzig	O
Zechinen	O
,	O
Sie	O
aus	RELATION
der	O
Welt	ORT
zu	O
schaffen	RELATIONALES VERB
.	O
``	O
Der	O
Spanier	O
bot	RELATIONALES VERB
sich	O
an	RELATIONALES VERB
,	O
zur	O
Sicherheit	O
des	O
Prinzen	O
Wache	O
zu	O
holen	RELATIONALES VERB
und	O
uns	O
selbst	O
nach	RELATION
Hause	ORT
zu	O
begleiten	RELATIONALES VERB
.	O
Dasselbe	O
wollten	O
auch	O
die	O
Franzosen	O
.	O
Wir	O
standen	RELATIONALES VERB
noch	O
und	O
überlegten	O
,	O
was	O
zu	O
tun	O
wäre	O
,	O
als	O
die	O
Türe	RAUMTHEMA
sich	O
öffnete	RAUMTHEMA
und	O
einige	O
Bedienten	O
der	O
Staatsinquisition	O
hereintraten	RELATIONALES VERB
.	O
Sie	O
zeigten	RELATIONALES VERB
uns	O
eine	O
Ordre	RAUMHINWEIS
der	O
Regierung	O
,	O
worin	RELATION
uns	O
beiden	O
befohlen	O
ward	O
,	O
ihnen	RAUMHINWEIS
schleunig	O
zu	O
folgen	RELATIONALES VERB
.	O
Unter	RELATION
einer	O
starken	O
Bedeckung	RAUMHINWEIS
führte	RELATIONALES VERB
man	O
uns	RAUMHINWEIS
bis	RELATION
zum	RELATION
Kanal	ORT
.	O
Hier	ORT
erwartete	RELATIONALES VERB
uns	O
eine	O
Gondel	RAUMTHEMA
,	O
in	RELATION
die	RAUMTHEMA
wir	O
uns	O
setzen	RELATIONALES VERB
mußten	O
.	O
Ehe	O
wir	O
ausstiegen	RELATIONALES VERB
,	O
wurden	O
uns	O
die	O
Augen	RAUMHINWEIS
verbunden	RELATIONALES VERB
.	O
Man	O
führte	RELATIONALES VERB
uns	O
eine	O
große	RAUMBESCHREIBUNG
steinerne	RAUMBESCHREIBUNG
Treppe	RAUMTHEMA
hinauf	RELATION
und	O
dann	O
durch	RELATION
einen	O
langen	RAUMBESCHREIBUNG
gewundenen	RELATIONALES VERB
Gang	ORT
über	RELATION
Gewölbe	ORT
,	O
wie	O
ich	O
aus	O
dem	O
vielfachen	O
Echo	RAUMHINWEIS
schloß	O
,	O
das	O
unter	RELATION
unsern	O
Füßen	RAUMHINWEIS
hallte	RELATIONALES VERB
.	O
Endlich	O
gelangten	RELATIONALES VERB
wir	O
vor	RELATION
eine	O
andere	O
Treppe	RAUMTHEMA
,	O
welche	RAUMTHEMA
uns	O
sechsundzwanzig	O
Stufen	RAUMTHEMA
in	RELATION
die	O
Tiefe	ORT
hinunterführte	RELATIONALES VERB
.	O
Hier	ORT
öffnete	RAUMTHEMA
sich	O
ein	O
Saal	ORT
,	O
wo	RELATION
man	O
uns	O
die	O
Binde	RAUMHINWEIS
wieder	O
von	RELATION
den	O
Augen	RAUMHINWEIS
nahm	RELATIONALES VERB
.	O
Wir	O
befanden	RELATIONALES VERB
uns	O
in	RELATION
einem	O
Kreise	RAUMHINWEIS
ehrwürdiger	O
alter	O
Männer	O
,	O
alle	O
schwarz	O
gekleidet	O
,	O
der	O
ganze	RAUMBESCHREIBUNG
Saal	ORT
mit	O
schwarzen	O
Tüchern	RAUMHINWEIS
behangen	RELATIONALES VERB
und	O
sparsam	O
erleuchtet	O
,	O
eine	O
Totenstille	O
in	RELATION
der	O
ganzen	RAUMBESCHREIBUNG
Versammlung	RAUMHINWEIS
,	O
welches	O
einen	O
schreckhaften	O
Eindruck	O
machte	O
.	O
Einer	O
von	O
diesen	O
Greisen	O
,	O
vermutlich	O
der	O
oberste	O
Staatsinquisitor	O
,	O
näherte	RELATIONALES VERB
sich	O
dem	O
Prinzen	RAUMHINWEIS
und	O
fragte	O
ihn	O
mit	O
einer	O
feierlichen	O
Miene	O
,	O
während	O
man	O
ihm	O
den	O
Venezianer	RAUMHINWEIS
vorführte	RELATIONALES VERB
:	O
	O
Erkennen	O
Sie	O
diesen	O
Menschen	O
für	O
den	O
nämlichen	O
,	O
der	O
Sie	O
auf	RELATION
dem	O
Kaffeehause	ORT
beleidigt	O
hat	O
?	O
``	O
“	O
Ja	O
``	O
,	O
antwortete	O
der	O
Prinz	O
.	O
Darauf	O
wandte	RELATIONALES VERB
jener	O
sich	O
zu	RELATION
dem	O
Gefangenen	RAUMHINWEIS
:	O
	O
Ist	O
das	O
dieselbe	O
Person	O
,	O
die	O
Sie	O
heute	O
abend	O
wollten	O
ermorden	O
lassen	O
?	O
``	O
Der	O
Gefangene	O
antwortete	O
mit	O
Ja	O
.	O
Sogleich	O
öffnete	RAUMTHEMA
sich	O
der	O
Kreis	RAUMHINWEIS
,	O
und	O
mit	O
Entsetzen	O
sahen	RELATIONALES VERB
wir	O
den	O
Kopf	RAUMHINWEIS
des	O
Venezianers	O
vom	RELATION
Rumpfe	RAUMHINWEIS
trennen	RELATIONALES VERB
.	O
	O
Sind	O
Sie	O
mit	O
dieser	O
Genugtuung	O
zufrieden	O
?	O
``	O
fragte	O
der	O
Staatsinquisitor	O
.	O
--	O
Der	O
Prinz	O
lag	RELATIONALES VERB
ohnmächtig	O
in	RELATION
den	O
Armen	RAUMHINWEIS
seiner	O
Begleiter	O
.	O
--	O
	O
Gehen	RELATIONALES VERB
Sie	O
nun	O
``	O
,	O
fuhr	O
jener	O
mit	O
einer	O
schrecklichen	O
Stimme	O
fort	O
,	O
indem	O
er	O
sich	O
gegen	RELATION
mich	RAUMHINWEIS
wandte	RELATIONALES VERB
,	O
	O
und	O
urteilen	O
Sie	O
künftig	O
weniger	O
vorschnell	O
von	O
der	O
Gerechtigkeit	O
in	RELATION
Venedig	ORT
.	O
``	O
Wer	O
der	O
verborgene	RELATIONALES VERB
Freund	O
gewesen	O
,	O
der	O
uns	O
durch	O
den	O
schnellen	O
Arm	O
der	O
Justiz	O
von	O
einem	O
gewissen	O
Tode	O
errettet	O
hatte	O
,	O
konnten	O
wir	O
nicht	O
erraten	O
.	O
Starr	O
von	O
Schrecken	O
erreichten	RELATIONALES VERB
wir	O
unsere	O
Wohnung	ORT
.	O
Es	O
war	O
nach	O
Mitternacht	O
.	O
Der	O
Kammerjunker	O
von	O
Z	O
**	O
erwartete	RELATIONALES VERB
uns	O
mit	O
Ungeduld	O
an	RELATION
der	O
Treppe	RAUMTHEMA
.	O
	O
Wie	O
gut	O
war	O
es	O
,	O
daß	O
Sie	O
geschickt	RELATIONALES VERB
haben	O
!	O
``	O
sagte	O
er	O
zum	RELATION
Prinzen	O
,	O
indem	O
er	O
uns	O
leuchtete	O
--	O
	O
Eine	O
Nachricht	O
,	O
die	O
der	O
Baron	O
von	O
F	O
**	O
gleich	O
nachher	O
vom	RELATION
Markusplatze	ORT
nach	RELATION
Hause	ORT
brachte	RELATIONALES VERB
,	O
hatte	O
uns	O
wegen	O
Ihrer	O
in	O
die	O
tödlichste	O
Angst	O
gesetzt	O
.	O
``	O
	O
Geschickt	RELATIONALES VERB
hätte	O
ich	O
?	O
Wann	O
?	O
Ich	O
weiß	O
nichts	O
davon	O
.	O
``	O
	O
Diesen	O
Abend	O
nach	O
acht	O
Uhr	O
.	O
Sie	O
ließen	O
uns	O
sagen	O
,	O
daß	O
wir	O
ganz	O
außer	O
Sorgen	O
sein	O
dürften	O
,	O
wenn	O
Sie	O
heute	O
später	O
nach	RELATION
Hause	ORT
kämen	RELATIONALES VERB
.	O
``	O
Hier	O
sah	RELATIONALES VERB
der	O
Prinz	O
mich	O
an	RELATIONALES VERB
.	O
	O
Haben	O
Sie	O
vielleicht	O
ohne	O
mein	O
Wissen	O
diese	O
Sorgfalt	O
gebraucht	O
?	O
``	O
Ich	O
wußte	O
von	O
gar	O
nichts	O
.	O
	O
Es	O
muß	O
doch	O
wohl	O
so	O
sein	O
,	O
Ihro	O
Durchlaucht	O
``	O
,	O
sagte	O
der	O
Kammerjunker	O
--	O
	O
denn	O
hier	ORT
ist	O
ja	O
Ihre	O
Repetieruhr	RAUMHINWEIS
,	O
die	RAUMHINWEIS
Sie	O
zur	O
Sicherheit	O
mitschickten	RELATIONALES VERB
.	O
``	O
Der	O
Prinz	O
griff	RELATIONALES VERB
nach	RELATION
der	O
Uhrtasche	RAUMHINWEIS
.	O
Die	O
Uhr	O
war	O
wirklich	O
fort	RELATION
,	O
und	O
er	O
erkannte	O
jene	O
für	O
die	O
seinige	O
.	O
	O
Wer	O
brachte	RELATIONALES VERB
sie	RAUMHINWEIS
?	O
``	O
fragte	O
er	O
mit	O
Bestürzung	O
.	O
	O
Eine	O
unbekannte	O
Maske	O
,	O
in	RELATION
armenischer	RAUMBESCHREIBUNG
Kleidung	RAUMHINWEIS
,	O
die	O
sich	O
sogleich	O
wieder	O
entfernte	RELATIONALES VERB
.	O
``	O
Wir	O
standen	RELATIONALES VERB
und	O
sahen	RELATIONALES VERB
uns	O
an	RELATIONALES VERB
.	O
--	O
	O
Was	O
halten	O
Sie	O
davon	O
?	O
``	O
sagte	O
endlich	O
der	O
Prinz	O
nach	O
einem	O
langen	O
Stillschweigen	O
.	O
	O
Ich	O
habe	O
hier	ORT
einen	O
verborgenen	RELATIONALES VERB
Aufseher	O
in	RELATION
Venedig	ORT
.	O
``	O
Der	O
schreckliche	O
Auftritt	RAUMTHEMA
dieser	O
Nacht	O
hatte	O
dem	O
Prinzen	O
ein	O
Fieber	O
zugezogen	RELATIONALES VERB
,	O
das	O
ihn	O
acht	O
Tage	O
nötigte	O
,	O
das	O
Zimmer	ORT
zu	O
hüten	RELATIONALES VERB
.	O
In	O
dieser	O
Zeit	O
wimmelte	RELATIONALES VERB
unser	O
Hotel	ORT
von	O
Einheimischen	O
und	O
Fremden	O
,	O
die	O
der	O
entdeckte	O
Stand	O
des	O
Prinzen	O
herbeigelockt	RELATIONALES VERB
hatte	O
.	O
Man	O
wetteiferte	O
untereinander	RELATION
,	O
ihm	O
Dienste	O
anzubieten	RELATIONALES VERB
,	O
jeder	O
suchte	O
nach	O
seiner	O
Art	O
,	O
sich	O
geltend	O
zu	O
machen	O
.	O
Des	O
ganzen	O
Vorgangs	O
in	RELATION
der	O
Staatsinquisition	ORT
wurde	O
nicht	O
mehr	O
erwähnt	O
.	O
Weil	O
der	O
Hof	ORT
zu	RELATION
**	ORT
die	O
Abreise	RAUMTHEMA
des	O
Prinzen	O
noch	O
aufgeschoben	O
wünschte	O
,	O
so	O
erhielten	RELATIONALES VERB
einige	O
Wechsler	O
in	RELATION
Venedig	ORT
Anweisung	O
,	O
ihm	O
beträchtliche	O
Summen	O
auszuzahlen	RELATIONALES VERB
.	O
So	O
ward	O
er	O
wider	O
Willen	O
in	O
den	O
Stand	O
gesetzt	O
,	O
seinen	O
Aufenthalt	RAUMTHEMA
in	RELATION
Italien	ORT
zu	O
verlängern	O
,	O
und	O
auf	O
sein	O
Bitten	O
entschloß	O
ich	O
mich	O
auch	O
,	O
meine	O
Abreise	RAUMTHEMA
noch	O
zu	O
verschieben	O
.	O
Sobald	O
er	O
soweit	O
genesen	O
war	O
,	O
um	O
das	O
Zimmer	ORT
wieder	O
verlassen	RELATIONALES VERB
zu	O
können	O
,	O
beredete	O
ihn	O
der	O
Arzt	O
,	O
eine	O
Spazierfahrt	RAUMTHEMA
auf	RELATION
der	O
Brenta	ORT
zu	O
machen	O
,	O
um	O
die	O
Luft	O
zu	O
verändern	O
.	O
Das	O
Wetter	O
war	O
helle	O
,	O
und	O
die	O
Partie	O
ward	O
angenommen	O
.	O
Als	O
wir	O
eben	O
im	O
Begriff	O
waren	O
,	O
in	RELATION
die	O
Gondel	RAUMTHEMA
zu	O
steigen	RELATIONALES VERB
,	O
vermißte	O
der	O
Prinz	O
den	O
Schlüssel	RAUMTHEMA
zu	RELATION
einer	O
kleinen	RAUMBESCHREIBUNG
Schatulle	RAUMHINWEIS
,	O
die	RAUMHINWEIS
sehr	O
wichtige	O
Papiere	RAUMHINWEIS
enthielt	RELATIONALES VERB
.	O
Sogleich	O
kehrten	RELATIONALES VERB
wir	O
um	RELATIONALES VERB
,	O
ihn	O
zu	O
suchen	RELATIONALES VERB
.	O
Er	O
besann	O
sich	O
aufs	O
genaueste	O
,	O
die	O
Schatulle	RAUMHINWEIS
noch	O
den	O
vorigen	O
Tag	O
verschlossen	RAUMTHEMA
zu	O
haben	O
,	O
und	O
seit	O
dieser	O
Zeit	O
war	O
er	O
nicht	O
aus	RELATION
dem	O
Zimmer	ORT
gekommen	RELATIONALES VERB
.	O
Aber	O
alles	O
Suchen	RELATIONALES VERB
war	O
umsonst	O
,	O
wir	O
mußten	O
davon	O
abstehen	O
,	O
um	O
die	O
Zeit	O
nicht	O
zu	O
verlieren	O
.	O
Der	O
Prinz	O
,	O
dessen	O
Seele	O
über	O
jeden	O
Argwohn	O
erhaben	O
war	O
,	O
erklärte	O
ihn	RAUMHINWEIS
für	O
verloren	RELATIONALES VERB
und	O
bat	O
uns	O
,	O
nicht	O
weiter	O
davon	O
zu	O
sprechen	O
.	O
Die	O
Fahrt	RAUMTHEMA
war	O
die	O
angenehmste	O
.	O
Eine	O
malerische	O
Landschaft	ORT
,	O
die	O
mit	O
jeder	O
Krümmung	RAUMHINWEIS
des	O
Flusses	ORT
sich	O
an	O
Reichtum	O
und	O
Schönheit	O
zu	O
übertreffen	O
schien	O
,	O
der	O
heiterste	O
Himmel	RAUMHINWEIS
,	O
der	O
mitten	O
im	O
Hornung	O
einen	O
Maientag	O
bildete	O
,	O
reizende	RAUMBESCHREIBUNG
Gärten	ORT
und	O
geschmackvolle	RAUMBESCHREIBUNG
Landhäuser	ORT
ohne	O
Zahl	O
,	O
welche	O
beide	O
Ufer	ORT
der	O
Brenta	ORT
schmücken	RELATIONALES VERB
--	O
hinter	RELATION
uns	RAUMHINWEIS
das	O
majestätische	RAUMBESCHREIBUNG
Venedig	ORT
,	O
mit	O
hundert	O
aus	RELATION
dem	O
Wasser	RAUMHINWEIS
springenden	RELATIONALES VERB
Türmen	ORT
und	O
Masten	RAUMHINWEIS
,	O
alles	O
dies	O
gab	O
uns	O
das	O
herrlichste	O
Schauspiel	O
von	RELATION
der	O
Welt	ORT
.	O
Wir	O
überließen	RELATIONALES VERB
uns	O
ganz	O
dem	O
Zauber	O
dieser	O
schönen	O
Natur	ORT
,	O
unsere	O
Laune	O
war	O
die	O
heiterste	O
,	O
der	O
Prinz	O
selbst	O
verlor	O
seinen	O
Ernst	O
und	O
wetteiferte	O
mit	O
uns	O
in	O
fröhlichen	O
Scherzen	O
.	O
Eine	O
lustige	O
Musik	O
schallte	RELATIONALES VERB
uns	O
entgegen	RELATION
,	O
als	O
wir	O
einige	O
italienische	RAUMBESCHREIBUNG
Meilen	RAUMHINWEIS
von	RELATION
der	O
Stadt	ORT
ans	RELATION
Land	ORT
stiegen	RELATIONALES VERB
.	O
Sie	O
kam	RELATIONALES VERB
aus	RELATION
einem	O
kleinen	RAUMBESCHREIBUNG
Dorfe	ORT
,	O
wo	RELATION
eben	O
Jahrmarkt	RAUMTHEMA
gehalten	O
wurde	O
;	O
hier	ORT
wimmelte	RELATIONALES VERB
es	O
von	O
Gesellschaft	RAUMHINWEIS
aller	O
Art	O
.	O
Ein	O
Trupp	RAUMHINWEIS
junger	O
Mädchen	O
und	O
Knaben	O
,	O
alle	O
theatralisch	O
gekleidet	O
,	O
bewillkommte	RELATIONALES VERB
uns	O
mit	O
einem	O
pantomimischen	O
Tanz	O
.	O
Die	O
Erfindung	O
war	O
neu	O
,	O
Leichtigkeit	O
und	O
Grazie	O
beseelten	O
jede	O
Bewegung	O
.	O
Eh	O
der	O
Tanz	O
noch	O
völlig	O
zu	O
Ende	O
war	O
,	O
schien	O
die	O
Anführerin	O
desselben	O
,	O
welche	O
eine	O
Königin	O
vorstellte	O
,	O
plötzlich	O
wie	O
von	O
einem	O
unsichtbaren	O
Arme	RAUMHINWEIS
gehalten	RELATIONALES VERB
.	O
Leblos	O
stand	RELATIONALES VERB
sie	O
und	O
alles	O
.	O
Die	O
Musik	O
schwieg	O
.	O
Kein	O
Odem	O
war	O
zu	O
hören	RELATIONALES VERB
in	RELATION
der	O
ganzen	RAUMBESCHREIBUNG
Versammlung	RAUMHINWEIS
,	O
und	O
sie	O
stand	RELATIONALES VERB
da	ORT
,	O
den	O
Blick	RAUMHINWEIS
auf	RELATION
die	O
Erde	ORT
geheftet	RELATIONALES VERB
,	O
in	RELATION
einer	O
tiefen	O
Erstarrung	RAUMHINWEIS
.	O
Auf	O
einmal	O
fuhr	RELATIONALES VERB
sie	O
mit	O
der	O
Wut	O
der	O
Begeisterung	O
in	RELATION
die	O
Höhe	ORT
,	O
blickte	RELATIONALES VERB
wild	O
um	RELATION
sich	RAUMHINWEIS
her	RELATION
--	O
	O
Ein	O
König	O
ist	O
unter	RELATION
uns	RAUMHINWEIS
``	O
,	O
rief	RELATIONALES VERB
sie	O
,	O
riß	RELATIONALES VERB
ihre	O
Krone	RAUMHINWEIS
vom	RELATION
Haupt	RAUMHINWEIS
und	O
legte	RELATIONALES VERB
sie	RAUMHINWEIS
--	O
zu	RELATION
den	O
Füßen	RAUMHINWEIS
des	O
Prinzen	O
.	O
Alles	O
,	O
was	O
da	ORT
war	O
,	O
richtete	RELATIONALES VERB
hier	ORT
die	O
Augen	RAUMHINWEIS
auf	RELATION
ihn	RAUMHINWEIS
,	O
lange	O
Zeit	O
ungewiß	O
,	O
ob	O
Bedeutung	O
in	O
diesem	O
Gaukelspiel	O
wäre	O
,	O
so	O
sehr	O
hatte	O
der	O
affektvolle	O
Ernst	O
dieser	O
Spielerin	O
getäuscht	O
.	O
--	O
Ein	O
allgemeines	O
Händeklatschen	O
des	O
Beifalls	O
unterbrach	O
endlich	O
diese	O
Stille	O
.	O
Meine	O
Augen	RAUMHINWEIS
suchten	RELATIONALES VERB
den	O
Prinzen	O
.	O
Ich	O
bemerkte	O
,	O
daß	O
er	O
nicht	O
wenig	O
betroffen	O
war	O
und	O
sich	O
Mühe	O
gab	O
,	O
den	O
forschenden	O
Blicken	RAUMHINWEIS
der	O
Zuschauer	O
auszuweichen	RELATIONALES VERB
.	O
Er	O
warf	RELATIONALES VERB
Geld	O
unter	RELATION
die	O
Kinder	RAUMHINWEIS
und	O
eilte	RELATIONALES VERB
,	O
aus	RELATION
dem	O
Gewühle	RAUMHINWEIS
zu	O
kommen	RELATIONALES VERB
.	O
Wir	O
hatten	O
nur	O
wenige	O
Schritte	RAUMHINWEIS
gemacht	O
,	O
als	O
ein	O
ehrwürdiger	O
Barfüßer	O
sich	O
durch	RELATION
das	O
Volk	RAUMHINWEIS
arbeitete	RELATIONALES VERB
und	O
dem	O
Prinzen	O
in	RELATION
den	O
Weg	ORT
trat	RELATIONALES VERB
.	O
	O
Herr	O
``	O
,	O
sagte	O
der	O
Mönch	O
,	O
	O
gib	RELATIONALES VERB
der	O
Madonna	O
von	O
deinem	O
Reichtum	O
,	O
du	O
wirst	O
ihr	O
Gebet	O
brauchen	O
.	O
``	O
Er	O
sprach	O
dies	O
mit	O
einem	O
Tone	O
,	O
der	O
uns	O
betreten	O
machte	O
.	O
Das	O
Gedränge	RAUMHINWEIS
riß	RELATIONALES VERB
ihn	O
weg	RELATION
.	O
Unser	O
Gefolge	RAUMHINWEIS
war	O
unterdessen	O
gewachsen	RELATIONALES VERB
.	O
Ein	O
englischer	RAUMBESCHREIBUNG
Lord	O
,	O
den	O
der	O
Prinz	O
schon	O
in	RELATION
Nizza	ORT
gesehen	RELATIONALES VERB
hatte	O
,	O
einige	O
Kaufleute	O
aus	RELATION
Livorno	ORT
,	O
ein	O
deutscher	RAUMBESCHREIBUNG
Domherr	O
,	O
ein	O
französischer	RAUMBESCHREIBUNG
Abbé	O
mit	O
einigen	O
Damen	O
und	O
ein	O
russischer	RAUMBESCHREIBUNG
Offizier	O
gesellten	RELATIONALES VERB
sich	O
zu	RELATION
uns	RAUMHINWEIS
.	O
Die	O
Physiognomie	O
des	O
letztern	O
hatte	O
etwas	O
ganz	O
Ungewöhnliches	O
,	O
das	O
unsere	O
Aufmerksamkeit	O
auf	RELATION
sich	RAUMHINWEIS
zog	RELATIONALES VERB
.	O
Nie	O
in	O
meinem	O
Leben	O
sah	RELATIONALES VERB
ich	O
so	O
viele	O
Züge	O
und	O
so	O
wenig	O
Charakter	O
,	O
so	O
viel	O
anlockendes	O
Wohlwollen	O
mit	O
so	O
viel	O
zurückstoßendem	O
Frost	O
in	RELATION
einem	O
Menschengesichte	RAUMHINWEIS
beisammen	RELATION
wohnen	RELATIONALES VERB
.	O
Alle	O
Leidenschaften	O
schienen	O
darin	RELATION
gewühlt	RELATIONALES VERB
und	O
es	O
wieder	O
verlassen	RELATIONALES VERB
zu	O
haben	O
.	O
Nichts	O
war	O
übrig	O
als	O
der	O
stille	O
,	O
durchdringende	RELATIONALES VERB
Blick	RAUMHINWEIS
eines	O
vollendeten	O
Menschenkenners	O
,	O
der	O
jedes	O
Auge	RAUMHINWEIS
verscheuchte	RELATIONALES VERB
,	O
worauf	RELATION
er	O
traf	RELATIONALES VERB
.	O
Dieser	O
seltsame	O
Mensch	O
folgte	RELATIONALES VERB
uns	RAUMHINWEIS
von	RELATION
weitem	RELATION
,	O
schien	O
aber	O
an	O
allem	O
,	O
was	O
vorging	O
,	O
nur	O
einen	O
nachlässigen	O
Anteil	O
zu	O
nehmen	O
.	O
Wir	O
kamen	RELATIONALES VERB
vor	RELATION
eine	O
Bude	ORT
zu	O
stehen	RELATIONALES VERB
,	O
wo	RELATION
Lotterie	O
gezogen	O
wurde	O
.	O
Die	O
Damen	O
setzten	O
ein	O
,	O
wir	O
andern	O
folgten	O
ihrem	O
Beispiel	O
;	O
auch	O
der	O
Prinz	O
forderte	O
ein	O
Los	O
.	O
Es	O
gewann	O
eine	O
Tabatiere	RAUMHINWEIS
.	O
Als	O
er	O
sie	O
aufmachte	RAUMTHEMA
,	O
sah	RELATIONALES VERB
ich	O
ihn	O
blaß	O
zurückfahren	RELATIONALES VERB
.	O
--	O
Der	O
Schlüssel	RAUMTHEMA
lag	RELATIONALES VERB
darin	RELATION
.	O
	O
Was	O
ist	O
das	O
?	O
``	O
sagte	O
der	O
Prinz	O
zu	RELATION
mir	RAUMHINWEIS
,	O
als	O
wir	O
einen	O
Augenblick	O
allein	O
waren	O
.	O
	O
Eine	O
höhere	O
Gewalt	O
verfolgt	RELATIONALES VERB
mich.	RAUMHINWEIS
.	O
Allwissenheit	O
schwebt	O
um	RELATION
mich.	RAUMHINWEIS
.	O
Ein	O
unsichtbares	O
Wesen	RAUMHINWEIS
,	O
dem	O
ich	O
nicht	O
entfliehen	RELATIONALES VERB
kann	O
,	O
bewacht	O
alle	O
meine	O
Schritte	RAUMHINWEIS
.	O
Ich	O
muß	O
den	O
Armenier	O
aufsuchen	RELATIONALES VERB
und	O
muß	O
Licht	O
von	RELATION
ihm	RAUMHINWEIS
haben	O
.	O
``	O
Die	O
Sonne	RAUMHINWEIS
neigte	RELATIONALES VERB
sich	O
zum	O
Untergang	RAUMTHEMA
,	O
als	O
wir	O
vor	RELATION
dem	O
Lusthause	ORT
ankamen	RELATIONALES VERB
,	O
wo	RELATION
das	O
Abendessen	O
serviert	RELATIONALES VERB
war	O
.	O
Der	O
Name	O
des	O
Prinzen	O
hatte	O
unsere	O
Gesellschaft	RAUMHINWEIS
bis	O
zu	O
sechzehn	O
Personen	O
vergrößert	RELATIONALES VERB
.	O
Außer	O
den	O
oben	O
erwähnten	O
war	O
noch	O
ein	O
Virtuose	O
aus	RELATION
Rom	ORT
,	O
einige	O
Schweizer	O
und	O
ein	O
Avantürier	O
aus	RELATION
Palermo	ORT
,	O
der	O
Uniform	RAUMHINWEIS
trug	RELATIONALES VERB
und	O
sich	O
für	O
einen	O
Kapitän	O
ausgab	O
,	O
zu	RELATION
uns	RAUMHINWEIS
gestoßen	RELATIONALES VERB
.	O
Es	O
ward	O
beschlossen	O
,	O
den	O
ganzen	O
Abend	O
hier	ORT
zuzubringen	RELATIONALES VERB
und	O
mit	O
Fackeln	O
nach	RELATION
Hause	ORT
zu	O
fahren	RELATIONALES VERB
.	O
Die	O
Unterhaltung	O
bei	RELATION
Tische	RAUMHINWEIS
war	O
sehr	O
lebhaft	O
,	O
und	O
der	O
Prinz	O
konnte	O
nicht	O
umhin	O
,	O
die	O
Begebenheit	O
mit	O
dem	O
Schlüssel	RAUMTHEMA
zu	O
erzählen	O
,	O
welche	O
eine	O
allgemeine	O
Verwunderung	O
erregte	O
.	O
Es	O
wurde	O
heftig	O
über	O
diese	O
Materie	O
gestritten	O
.	O
Die	O
meisten	O
aus	RELATION
der	O
Gesellschaft	RAUMHINWEIS
behaupteten	O
dreist	O
weg	O
,	O
daß	O
alle	O
diese	O
geheimen	O
Künste	O
auf	O
eine	O
Taschenspielerei	O
hinausliefen	O
;	O
der	O
Abbé	O
,	O
der	O
schon	O
viel	O
Wein	O
bei	RELATION
sich	RAUMHINWEIS
hatte	O
,	O
forderte	O
das	O
ganze	O
Geisterreich	O
in	O
die	O
Schranken	O
heraus	O
;	O
der	O
Engländer	O
sagte	O
Blasphemien	O
;	O
der	O
Musikus	O
machte	O
das	O
Kreuz	O
vor	RELATION
dem	O
Teufel	O
.	O
Wenige	O
,	O
worunter	RELATION
der	O
Prinz	O
war	O
,	O
hielten	O
dafür	O
,	O
daß	O
man	O
sein	O
Urteil	O
über	O
diese	O
Dinge	O
zurückhalten	RELATIONALES VERB
müsse	O
;	O
währenddessen	O
unterhielt	O
sich	O
der	O
russische	RAUMBESCHREIBUNG
Offizier	O
mit	O
den	O
Frauenzimmern	O
und	O
schien	O
das	O
ganze	O
Gespräch	O
nicht	O
zu	O
achten	O
.	O
In	O
der	O
Hitze	O
des	O
Streits	O
hatte	O
man	O
nicht	O
bemerkt	O
,	O
daß	O
der	O
Sizilianer	O
hinausgegangen	RELATIONALES VERB
war	O
.	O
Nach	O
Verfluß	O
einer	O
kleinen	O
halben	O
Stunde	O
kam	RELATIONALES VERB
er	O
wieder	O
,	O
in	RELATION
einen	O
Mantel	RAUMHINWEIS
gehüllt	RELATIONALES VERB
,	O
und	O
stellte	RELATIONALES VERB
sich	O
hinter	RELATION
den	O
Stuhl	RAUMHINWEIS
des	O
Franzosen	O
.	O
	O
Sie	O
haben	O
vorhin	O
die	O
Bravour	O
geäußert	O
,	O
es	O
mit	O
allen	O
Geistern	O
aufzunehmen	O
--	O
wollen	O
Sie	O
es	O
mit	O
einem	O
versuchen	O
?	O
``	O
	O
Topp	O
!	O
``	O
sagte	O
der	O
Abbé	O
--	O
	O
wenn	O
Sie	O
es	O
auf	RELATION
sich	RAUMHINWEIS
nehmen	RELATIONALES VERB
wollen	O
,	O
mir	O
einen	O
herbeizuschaffen	RELATIONALES VERB
.	O
``	O
	O
Das	O
will	O
ich	O
``	O
,	O
antwortete	O
der	O
Sizilianer	O
-LRB-	O
indem	O
er	O
sich	O
gegen	RELATION
uns	RAUMHINWEIS
kehrte	RELATIONALES VERB
-RRB-	O
,	O
	O
wenn	O
diese	O
Herren	O
und	O
Damen	O
uns	O
werden	O
verlassen	RELATIONALES VERB
haben	O
.	O
``	O
	O
Warum	O
das	O
?	O
``	O
rief	RELATIONALES VERB
der	O
Engländer	O
.	O
	O
Ein	O
herzhafter	O
Geist	O
fürchtet	O
sich	O
vor	O
keiner	O
lustigen	O
Gesellschaft	RAUMHINWEIS
.	O
``	O
	O
Ich	O
stehe	O
nicht	O
für	O
den	O
Ausgang	O
``	O
,	O
sagte	O
der	O
Sizilianer	O
.	O
	O
Um	O
des	O
Himmels	O
willen	O
!	O
Nein	O
!	O
``	O
schrien	RELATIONALES VERB
die	O
Frauenzimmer	O
an	RELATION
dem	O
Tische	RAUMHINWEIS
und	O
fuhren	RELATIONALES VERB
erschrocken	O
von	RELATION
ihren	O
Stühlen	RAUMHINWEIS
.	O
	O
Lassen	O
Sie	O
Ihren	O
Geist	O
kommen	RELATIONALES VERB
``	O
,	O
sagte	O
der	O
Abbé	O
trotzig	O
;	O
	O
aber	O
warnen	O
Sie	O
ihn	O
vorher	O
,	O
daß	O
es	O
hier	ORT
spitzige	O
Klingen	O
gibt	O
``	O
-LRB-	O
indem	O
er	O
einen	O
von	RELATION
den	O
Gästen	RAUMHINWEIS
um	O
seinen	O
Degen	O
bat	O
-RRB-	O
.	O
	O
Das	O
mögen	O
Sie	O
alsdann	O
halten	O
,	O
wie	O
Sie	O
wollen	O
``	O
,	O
antwortete	O
der	O
Sizilianer	O
kalt	O
,	O
	O
wenn	O
Sie	O
nachher	O
noch	O
Lust	O
dazu	O
haben	O
.	O
``	O
Hier	O
kehrte	RELATIONALES VERB
er	O
sich	O
zum	RELATION
Prinzen	RAUMHINWEIS
.	O
	O
Gnädigster	O
Herr	O
``	O
,	O
sagte	O
er	O
zu	RELATION
diesem	RAUMHINWEIS
,	O
	O
Sie	O
behaupten	O
,	O
daß	O
Ihr	O
Schlüssel	RAUMTHEMA
in	RELATION
fremden	RAUMBESCHREIBUNG
Händen	RAUMHINWEIS
gewesen	O
--	O
Können	O
Sie	O
vermuten	O
,	O
in	RELATION
welchen	RAUMHINWEIS
?	O
``	O
	O
Nein	O
.	O
``	O
	O
Raten	O
Sie	O
auch	O
auf	O
niemand	O
?	O
``	O
	O
Ich	O
hatte	O
freilich	O
einen	O
Gedanken	O
--	O
--	O
``	O
	O
Würden	O
Sie	O
die	O
Person	O
erkennen	O
,	O
wenn	O
Sie	O
sie	O
vor	RELATION
sich	RAUMHINWEIS
sähen	RELATIONALES VERB
?	O
``	O
	O
Ohne	O
Zweifel	O
.	O
``	O
Hier	O
schlug	RELATIONALES VERB
der	O
Sizilianer	O
seinen	O
Mantel	RAUMHINWEIS
zurück	RELATION
und	O
zog	RELATIONALES VERB
einen	O
Spiegel	RAUMTHEMA
hervor	RELATION
,	O
den	O
er	O
dem	O
Prinzen	O
vor	RELATION
die	O
Augen	RAUMHINWEIS
hielt	RELATIONALES VERB
.	O
	O
Ist	O
es	O
diese	O
?	O
``	O
Der	O
Prinz	O
trat	RELATIONALES VERB
mit	O
Schrecken	O
zurück	RELATION
.	O
	O
Was	O
haben	O
Sie	O
gesehen	RELATIONALES VERB
?	O
``	O
fragte	O
ich	O
.	O
	O
Den	O
Armenier	O
.	O
``	O
Der	O
Sizilianer	O
verbarg	RELATIONALES VERB
seinen	O
Spiegel	RAUMTHEMA
wieder	O
unter	RELATION
dem	O
Mantel	RAUMHINWEIS
.	O
	O
War	O
es	O
dieselbe	O
Person	O
,	O
die	O
Sie	O
meinen	O
?	O
``	O
fragte	O
die	O
ganze	O
Gesellschaft	RAUMHINWEIS
den	O
Prinzen	O
.	O
	O
Die	O
nämliche	O
.	O
``	O
Hier	O
veränderte	O
sich	O
jedes	O
Gesicht	O
,	O
man	O
hörte	O
auf	O
zu	O
lachen	O
.	O
Alle	O
Augen	RAUMHINWEIS
hingen	RELATIONALES VERB
neugierig	O
an	RELATION
dem	O
Sizilianer	RAUMHINWEIS
.	O
	O
Monsieur	O
l'Abbé	O
,	O
das	O
Ding	O
wird	O
ernsthaft	O
``	O
,	O
sagte	O
der	O
Engländer	O
;	O
	O
ich	O
riet	O
,	O
Ihnen	O
,	O
auf	O
den	O
Rückzug	RAUMTHEMA
zu	O
denken	O
.	O
``	O
	O
Der	O
Kerl	O
hat	O
den	O
Teufel	O
im	RELATION
Leibe	RAUMHINWEIS
``	O
,	O
schrie	RELATIONALES VERB
der	O
Franzose	O
und	O
lief	RELATIONALES VERB
aus	RELATION
dem	O
Hause	ORT
,	O
die	O
Frauenzimmer	O
stürzten	RELATIONALES VERB
mit	O
Geschrei	O
aus	RELATION
dem	O
Saal	ORT
,	O
der	O
Virtuose	O
folgte	RELATIONALES VERB
ihnen	O
,	O
der	O
deutsche	RAUMBESCHREIBUNG
Domherr	O
schnarchte	O
in	RELATION
einem	O
Sessel	RAUMHINWEIS
,	O
der	O
Russe	O
blieb	RELATIONALES VERB
wie	O
bisher	O
gleichgültig	O
sitzen	RELATIONALES VERB
.	O
	O
Sie	O
wollten	O
vielleicht	O
nur	O
einen	O
Großsprecher	O
zum	O
Gelächter	O
machen	O
``	O
,	O
fing	O
der	O
Prinz	O
wieder	O
an	O
,	O
nachdem	O
jene	O
hinaus	RELATION
waren	O
--	O
	O
oder	O
hätten	O
Sie	O
wohl	O
Lust	O
,	O
uns	O
Wort	O
zu	O
halten	O
?	O
``	O
	O
Es	O
ist	O
WAHR	O
``	O
,	O
sagte	O
der	O
Sizilianer	O
.	O
	O
Mit	O
dem	O
Abbé	O
war	O
es	O
mein	O
Ernst	O
nicht	O
,	O
ich	O
tat	O
ihm	O
den	O
Antrag	O
nur	O
,	O
weil	O
ich	O
wohl	O
wußte	O
,	O
daß	O
die	O
Memme	O
mich	O
nicht	O
beim	O
Wort	O
nehmen	O
würde	O
.	O
--	O
Die	O
Sache	O
selbst	O
ist	O
übrigens	O
zu	O
ernsthaft	O
,	O
um	O
bloß	O
einen	O
Scherz	O
damit	O
auszuführen	O
.	O
``	O
	O
Sie	O
räumen	O
also	O
doch	O
ein	O
,	O
daß	O
sie	O
in	O
Ihrer	O
Gewalt	O
ist	O
?	O
``	O
Der	O
Magier	O
schwieg	O
eine	O
lange	O
Zeit	O
und	O
schien	O
den	O
Prinzen	O
sorgfältig	O
mit	O
den	O
Augen	RAUMHINWEIS
zu	O
prüfen	O
.	O
	O
Ja	O
``	O
,	O
antwortete	O
er	O
endlich	O
.	O
Die	O
Neugierde	O
des	O
Prinzen	O
war	O
bereits	O
auf	O
den	O
höchsten	O
Grad	O
gespannt	O
.	O
Mit	O
der	O
Geisterwelt	O
in	RELATION
Verbindung	RAUMTHEMA
zu	O
stehen	RELATIONALES VERB
,	O
war	O
ehedem	O
seine	O
Lieblingsschwärmerei	O
gewesen	O
,	O
und	O
seit	O
jener	O
ersten	O
Erscheinung	RAUMTHEMA
des	O
Armeniers	O
hatten	O
sich	O
alle	O
Ideen	O
wieder	O
bei	RELATION
ihm	RAUMHINWEIS
gemeldet	O
,	O
die	O
seine	O
reifere	O
Vernunft	O
so	O
lange	O
abgewiesen	RELATIONALES VERB
hatte	O
.	O
Er	O
ging	RELATIONALES VERB
mit	O
dem	O
Sizilianer	O
beiseite	RELATION
,	O
und	O
ich	O
hörte	O
ihn	O
sehr	O
angelegentlich	O
mit	O
ihm	O
unterhandeln	O
.	O
	O
Sie	O
haben	O
hier	ORT
einen	O
Mann	O
vor	RELATION
sich	RAUMHINWEIS
``	O
,	O
fuhr	O
er	O
fort	O
,	O
	O
der	O
von	O
Ungeduld	O
brennt	O
,	O
in	O
dieser	O
wichtigen	O
Materie	O
es	O
zu	O
einer	O
Überzeugung	O
zu	O
bringen	O
.	O
Ich	O
würde	O
denjenigen	O
als	O
meinen	O
Wohltäter	O
,	O
als	O
meinen	O
ersten	O
Freund	O
umarmen	RELATIONALES VERB
,	O
der	O
hier	O
meine	O
Zweifel	O
zerstreute	O
und	O
die	O
Decke	O
von	O
meinen	O
Augen	O
zöge	O
--	O
Wollen	O
Sie	O
sich	O
dieses	O
große	O
Verdienst	O
um	O
mich	O
erwerben	O
?	O
``	O
	O
Was	O
verlangen	O
Sie	O
von	O
mir	O
?	O
``	O
sagte	O
der	O
Magier	O
mit	O
Bedenken	O
.	O
	O
Vor	O
jetzt	O
nur	O
eine	O
Probe	O
Ihrer	O
Kunst	O
.	O
Lassen	O
Sie	O
mich	O
eine	O
Erscheinung	RAUMTHEMA
sehen	RELATIONALES VERB
.	O
``	O
	O
Wozu	O
soll	O
das	O
führen	O
?	O
``	O
	O
Dann	O
mögen	O
Sie	O
aus	O
meiner	O
nähern	O
Bekanntschaft	O
urteilen	O
,	O
ob	O
ich	O
eines	O
höhern	O
Unterrichts	O
wert	O
bin	O
.	O
``	O
	O
Ich	O
schätze	O
Sie	O
über	O
alles	O
,	O
gnädigster	O
Prinz	O
.	O
Eine	O
geheime	O
Gewalt	O
in	RELATION
Ihrem	O
Angesichte	RAUMHINWEIS
,	O
die	O
Sie	O
selbst	O
noch	O
nicht	O
kennen	O
,	O
hat	O
mich	O
beim	O
ersten	O
Anblick	RAUMHINWEIS
an	RELATION
Sie	RAUMHINWEIS
gebunden	RELATIONALES VERB
.	O
Sie	O
sind	O
mächtiger	O
,	O
als	O
Sie	O
selbst	O
wissen	O
.	O
Sie	O
haben	O
unumschränkt	O
über	O
meine	O
ganze	O
Gewalt	O
zu	O
gebieten	O
--	O
aber	O
--	O
``	O
	O
Also	O
lassen	O
Sie	O
mich	O
eine	O
Erscheinung	RAUMTHEMA
sehen	RELATIONALES VERB
.	O
``	O
	O
Aber	O
ich	O
muß	O
erst	O
gewiß	O
sein	O
,	O
daß	O
Sie	O
diese	O
Forderung	O
nicht	O
aus	O
Neugierde	O
an	RELATION
mich	RAUMHINWEIS
machen	O
.	O
Wenn	O
gleich	O
die	O
unsichtbaren	O
Kräfte	O
mir	O
einigermaßen	O
zu	O
Willen	O
sind	O
,	O
so	O
ist	O
es	O
unter	O
der	O
heiligen	O
Bedingung	O
,	O
daß	O
ich	O
die	O
heiligen	O
Geheimnisse	O
nicht	O
profaniere	O
,	O
daß	O
ich	O
meine	O
Gewalt	O
nicht	O
mißbrauche	O
.	O
``	O
	O
Meine	O
Absichten	O
sind	O
die	O
reinsten	O
.	O
Ich	O
will	O
Wahrheit	O
.	O
``	O
Hier	O
verließen	RELATIONALES VERB
sie	O
ihren	O
Platz	RAUMHINWEIS
und	O
traten	RELATIONALES VERB
zu	RELATION
einem	O
entfernten	RAUMBESCHREIBUNG
Fenster	RAUMTHEMA
,	O
wo	RELATION
ich	O
sie	O
nicht	O
weiter	O
hören	RELATIONALES VERB
konnte	O
.	O
Der	O
Engländer	O
,	O
der	O
diese	O
Unterredung	O
gleichfalls	O
mit	O
angehört	RELATIONALES VERB
hatte	O
,	O
zog	RELATIONALES VERB
mich	O
auf	RELATION
die	O
Seite	RELATION
.	O
	O
Ihr	O
Prinz	O
ist	O
ein	O
edler	O
Mann	O
.	O
Ich	O
beklage	O
,	O
daß	O
er	O
sich	O
mit	O
einem	O
Betrüger	O
einläßt	O
.	O
``	O
	O
Es	O
wird	O
darauf	O
ankommen	O
``	O
,	O
sagte	O
ich	O
,	O
	O
wie	O
er	O
sich	O
aus	O
dem	O
Handel	O
zieht	O
.	O
``	O
	O
Wissen	O
Sie	O
was	O
?	O
``	O
sagte	O
der	O
Engländer	O
,	O
	O
jetzt	O
macht	O
der	O
arme	O
Teufel	O
sich	O
kostbar	O
.	O
Er	O
wird	O
seine	O
Kunst	O
nicht	O
auskramen	O
,	O
bis	O
er	O
Geld	O
klingen	O
hört	O
.	O
Es	O
sind	O
unser	O
neune	O
.	O
Wir	O
wollen	O
eine	O
Kollekte	O
machen	O
und	O
ihn	O
durch	O
einen	O
hohen	O
Preis	O
in	O
Versuchung	O
führen	O
.	O
Das	O
bricht	O
ihm	O
den	O
Hals	O
und	O
öffnet	O
Ihrem	O
Prinzen	O
die	O
Augen	O
.	O
``	O
	O
Ich	O
bins	O
zufrieden	O
.	O
``	O
Der	O
Engländer	O
warf	RELATIONALES VERB
sechs	O
Guineen	RAUMHINWEIS
auf	RELATION
einen	O
Teller	RAUMHINWEIS
und	O
sammelte	RELATIONALES VERB
in	RELATION
der	O
Reihe	RAUMHINWEIS
herum	RELATION
.	O
Jeder	O
gab	RELATIONALES VERB
einige	O
Louis	RAUMHINWEIS
;	O
den	O
Russen	O
besonders	O
schien	O
unser	O
Vorschlag	O
ungemein	O
zu	O
interessieren	O
,	O
er	O
legte	RELATIONALES VERB
eine	O
Banknote	RAUMHINWEIS
von	O
hundert	O
Zechinen	O
auf	RELATION
den	O
Teller	RAUMHINWEIS
--	O
eine	O
Verschwendung	O
,	O
über	O
welche	O
der	O
Engländer	O
erstaunte	O
.	O
Wir	O
brachten	RELATIONALES VERB
die	O
Kollekte	RAUMHINWEIS
dem	O
Prinzen	O
.	O
	O
Haben	O
Sie	O
die	O
Güte	O
``	O
,	O
sagte	O
der	O
Engländer	O
,	O
	O
bei	RELATION
diesem	O
Herrn	RAUMHINWEIS
für	O
uns	O
fürzusprechen	O
,	O
daß	O
er	O
uns	O
eine	O
Probe	O
seiner	O
Kunst	O
sehen	RELATIONALES VERB
lasse	O
und	O
diesen	O
kleinen	O
Beweis	O
unsrer	O
Erkenntlichkeit	O
annehme	RELATIONALES VERB
.	O
``	O
Der	O
Prinz	O
legte	RELATIONALES VERB
noch	O
einen	O
kostbaren	O
Ring	RAUMHINWEIS
auf	RELATION
den	O
Teller	RAUMHINWEIS
und	O
reichte	RELATIONALES VERB
ihn	RAUMHINWEIS
dem	O
Sizilianer	O
.	O
Dieser	O
bedachte	O
sich	O
einige	O
Sekunden	O
.	O
--	O
	O
Meine	O
Herren	O
und	O
Gönner	O
``	O
,	O
fing	O
er	O
darauf	O
an	O
,	O
	O
diese	O
Großmut	O
beschämt	O
mich.	O
--	O
Es	O
scheint	O
,	O
daß	O
Sie	O
mich	O
verkennen	O
--	O
aber	O
ich	O
gebe	O
Ihrem	O
Verlangen	O
nach	O
.	O
Ihr	O
Wunsch	O
soll	O
erfüllt	O
werden	O
``	O
-LRB-	O
indem	O
er	O
eine	O
Glocke	RAUMHINWEIS
zog	RELATIONALES VERB
-RRB-	O
.	O
	O
Was	O
dieses	O
Gold	O
betrifft	O
,	O
worauf	O
ich	O
selber	O
kein	O
Recht	O
habe	O
,	O
so	O
werden	O
Sie	O
mir	O
erlauben	O
,	O
daß	O
ich	O
es	O
in	RELATION
dem	O
nächsten	O
Benediktinerkloster	ORT
für	O
milde	O
Stiftungen	O
niederlege	RELATIONALES VERB
.	O
Diesen	O
Ring	RAUMHINWEIS
behalte	RELATIONALES VERB
ich	O
als	O
ein	O
schätzbares	O
Denkmal	RAUMHINWEIS
,	O
das	O
mich	O
an	RELATION
den	O
würdigsten	O
Prinzen	RAUMHINWEIS
erinnern	O
soll	O
.	O
``	O
Hier	O
kam	RELATIONALES VERB
der	O
Wirt	O
,	O
dem	O
er	O
das	O
Geld	O
sogleich	O
überlieferte	RELATIONALES VERB
.	O
	O
Und	O
er	O
ist	O
dennoch	O
ein	O
Schurke	O
``	O
,	O
sagte	O
mir	O
der	O
Engländer	O
ins	RELATION
Ohr	RAUMHINWEIS
.	O
	O
Das	O
Geld	O
schlägt	O
er	O
aus	O
,	O
weil	O
ihm	O
jetzt	O
mehr	O
an	RELATION
dem	O
Prinzen	RAUMHINWEIS
gelegen	O
ist	O
.	O
``	O
	O
Oder	O
der	O
Wirt	O
versteht	O
seinen	O
Auftrag	O
``	O
,	O
sagte	O
ein	O
anderer	O
.	O
	O
Wen	O
verlangen	O
Sie	O
?	O
``	O
fragte	O
jetzt	O
der	O
Magier	O
den	O
Prinzen	O
.	O
Der	O
Prinz	O
besann	O
sich	O
einen	O
Augenblick	O
--	O
	O
Lieber	O
gleich	O
einen	O
großen	O
Mann	O
``	O
,	O
rief	RELATIONALES VERB
der	O
Lord	O
.	O
	O
Fordern	O
Sie	O
den	O
Papst	O
Ganganelli	O
.	O
Dem	O
Herrn	O
wird	O
das	O
gleich	O
wenig	O
kosten	O
.	O
``	O
Der	O
Sizilianer	O
biß	RELATIONALES VERB
sich	O
in	RELATION
die	O
Lippen	RAUMHINWEIS
.	O
--	O
	O
Ich	O
darf	O
keinen	O
zitieren	O
,	O
der	O
die	O
Weihung	O
empfangen	RELATIONALES VERB
hat	O
.	O
``	O
	O
Das	O
ist	O
schlimm	O
``	O
,	O
sagte	O
der	O
Engländer	O
.	O
	O
Vielleicht	O
hätten	O
wir	O
von	O
ihm	O
erfahren	O
,	O
an	O
welcher	O
Krankheit	O
er	O
gestorben	O
ist	O
.	O
``	O
	O
Der	O
Marquis	O
von	O
Lanoy	O
``	O
,	O
nahm	O
der	O
Prinz	O
jetzt	O
das	O
Wort	O
,	O
	O
war	O
französischer	RAUMBESCHREIBUNG
Brigadier	O
im	RELATION
vorigen	O
Kriege	RAUMTHEMA
und	O
mein	O
vertrautester	O
Freund	O
.	O
In	RELATION
der	O
Bataille	RAUMTHEMA
bei	RELATION
Hastinbeck	ORT
empfing	RELATIONALES VERB
er	O
eine	O
tödliche	O
Wunde	O
,	O
man	O
trug	RELATIONALES VERB
ihn	O
nach	RELATION
meinem	O
Zelte	RAUMHINWEIS
,	O
wo	RELATION
er	O
bald	O
darauf	O
in	RELATION
meinen	O
Armen	RAUMHINWEIS
starb	O
.	O
Als	O
er	O
schon	O
mit	O
dem	O
Tode	O
rang	O
,	O
winkte	RELATIONALES VERB
er	O
mich	O
noch	O
zu	RELATION
sich	RAUMHINWEIS
,	O
Prinz	O
`	O
,	O
fing	O
er	O
an	O
,	O
,	O
ich	O
werde	O
mein	O
Vaterland	ORT
nicht	O
wiedersehen	RELATIONALES VERB
,	O
erfahren	O
Sie	O
also	O
ein	O
Geheimnis	O
,	O
wozu	O
niemand	O
als	O
ich	O
den	O
Schlüssel	O
hat	O
.	O
In	RELATION
einem	O
Kloster	ORT
auf	RELATION
der	O
flandrischen	RAUMBESCHREIBUNG
Grenze	RAUMTHEMA
lebt	RELATIONALES VERB
eine	O
--	O
`	O
--	O
hier	O
verschied	O
er	O
.	O
Die	O
Hand	O
des	O
Todes	O
zertrennte	O
den	O
Faden	O
seiner	O
Rede	O
;	O
ich	O
möchte	O
ihn	O
hier	ORT
haben	O
und	O
die	O
Fortsetzung	O
hören	O
.	O
``	O
	O
Viel	O
gefordert	O
,	O
bei	O
Gott	O
!	O
``	O
rief	RELATIONALES VERB
der	O
Engländer	O
.	O
	O
Ich	O
erkläre	O
Sie	O
für	O
einen	O
zweiten	O
Salomo	O
,	O
wenn	O
Sie	O
diese	O
Aufgabe	O
lösen	O
.	O
``	O
--	O
Wir	O
bewunderten	O
die	O
sinnreiche	O
Wahl	O
des	O
Prinzen	O
und	O
gaben	O
ihr	O
einstimmig	O
unsern	O
Beifall	O
.	O
Unterdessen	O
ging	RELATIONALES VERB
der	O
Magier	O
mit	O
starken	O
Schritten	RAUMHINWEIS
auf	RELATION
und	O
nieder	RELATION
und	O
schien	O
unentschlossen	O
mit	O
sich	O
selbst	O
zu	O
kämpfen	O
.	O
	O
Und	O
das	O
war	O
alles	O
,	O
was	O
der	O
Sterbende	O
Ihnen	O
zu	O
hinterlassen	RELATIONALES VERB
hatte	O
?	O
``	O
	O
Alles	O
.	O
``	O
	O
Taten	O
Sie	O
keine	O
weiteren	O
Nachfragen	O
deswegen	O
in	RELATION
seinem	O
Vaterlande	ORT
?	O
``	O
	O
Sie	O
waren	O
alle	O
vergebens	O
.	O
``	O
	O
Der	O
Marquis	O
von	O
Lanoy	O
hatte	O
untadelhaft	O
gelebt	O
?	O
--	O
Ich	O
darf	O
nicht	O
jeden	O
Toten	O
rufen	RELATIONALES VERB
.	O
``	O
	O
Er	O
starb	O
mit	O
Reue	O
über	O
die	O
Ausschweifungen	O
seiner	O
Jugend	O
.	O
``	O
	O
Tragen	RELATIONALES VERB
Sie	O
irgend	O
etwa	O
ein	O
Andenken	O
von	O
ihm	O
bei	RELATION
sich	RAUMHINWEIS
?	O
``	O
	O
Ja	O
.	O
``	O
-LRB-	O
Der	O
Prinz	O
führte	RELATIONALES VERB
wirklich	O
eine	O
Tabatiere	RAUMHINWEIS
bei	RELATION
sich	RAUMHINWEIS
,	O
worauf	RELATION
das	O
Miniaturbild	RAUMHINWEIS
des	O
Marquis	O
in	RELATION
Emaille	RAUMHINWEIS
war	O
,	O
und	O
die	RAUMHINWEIS
er	O
bei	RELATION
der	O
Tafel	RAUMHINWEIS
neben	RELATION
sich	RAUMHINWEIS
hatte	O
liegen	RELATIONALES VERB
gehabt	O
.	O
-RRB-	O
	O
Ich	O
verlange	O
es	O
nicht	O
zu	O
wissen	O
--	O
--	O
Lassen	O
Sie	O
mich	O
allein	O
.	O
Sie	O
sollen	O
den	O
Verstorbenen	O
sehen	RELATIONALES VERB
.	O
``	O
Wir	O
wurden	O
gebeten	O
,	O
uns	O
so	O
lange	O
in	RELATION
den	O
andern	O
Pavillon	ORT
zu	O
begeben	RELATIONALES VERB
,	O
bis	O
er	O
uns	O
rufen	RELATIONALES VERB
würde	O
.	O
Zugleich	O
ließ	O
er	O
alle	O
Meublen	RAUMHINWEIS
aus	RELATION
dem	O
Saale	ORT
räumen	RELATIONALES VERB
,	O
die	O
Fenster	RAUMTHEMA
ausheben	RELATIONALES VERB
und	O
die	O
Läden	RAUMTHEMA
auf	O
das	O
genaueste	O
verschließen	RAUMTHEMA
.	O
Dem	O
Wirt	O
,	O
mit	O
dem	O
er	O
schon	O
vertraut	O
zu	O
sein	O
schien	O
,	O
befahl	O
er	O
,	O
ein	O
Gefäß	RAUMHINWEIS
mit	O
glühenden	O
Kohlen	O
zu	O
bringen	RELATIONALES VERB
und	O
alle	O
Feuer	O
im	RELATION
Hause	ORT
sorgfältig	O
mit	O
Wasser	O
zu	O
löschen	O
.	O
Ehe	O
wir	O
weggingen	RELATIONALES VERB
,	O
nahm	O
er	O
von	O
jedem	O
insbesondere	O
das	O
Ehrenwort	O
,	O
ein	O
ewiges	O
Stillschweigen	O
über	O
das	O
zu	O
beobachten	O
,	O
was	O
wir	O
sehen	RELATIONALES VERB
und	O
hören	RELATIONALES VERB
würden	O
.	O
Hinter	RELATION
uns	RAUMHINWEIS
wurden	O
alle	O
Zimmer	ORT
auf	RELATION
diesem	O
Pavillon	ORT
verriegelt	RAUMTHEMA
.	O
Es	O
war	O
nach	O
elf	O
Uhr	O
,	O
und	O
eine	O
tiefe	O
Stille	O
herrschte	O
im	RELATION
ganzen	RAUMBESCHREIBUNG
Hause	ORT
.	O
Beim	O
Hinausgehen	RELATIONALES VERB
fragte	O
mich	O
der	O
Russe	O
,	O
ob	O
wir	O
geladene	O
Pistolen	RAUMHINWEIS
bei	RELATION
uns	RAUMHINWEIS
hätten	O
?	O
--	O
	O
Wozu	O
?	O
``	O
sagte	O
ich	O
.	O
--	O
	O
Es	O
ist	O
auf	O
alle	O
Fälle	O
``	O
,	O
versetzte	O
er	O
.	O
	O
Warten	O
Sie	O
einen	O
Augenblick	O
,	O
ich	O
will	O
mich	O
darnach	RELATION
umsehen	RELATIONALES VERB
.	O
``	O
Er	O
entfernte	RELATIONALES VERB
sich	O
.	O
Der	O
Baron	O
von	O
F	O
**	O
und	O
ich	O
öffneten	RAUMTHEMA
ein	O
Fenster	RAUMTHEMA
,	O
das	O
jenem	O
Pavillon	ORT
gegenüber	RELATION
sah	RELATIONALES VERB
,	O
und	O
es	O
kam	O
uns	O
vor	O
,	O
als	O
hörten	RELATIONALES VERB
wir	O
zwei	O
Menschen	O
zusammen	RELATION
flüstern	O
und	O
ein	O
Geräusch	O
,	O
als	O
ob	O
man	O
eine	O
Leiter	RAUMHINWEIS
anlegte	RELATIONALES VERB
.	O
Doch	O
war	O
das	O
nur	O
eine	O
Mutmaßung	O
,	O
und	O
ich	O
getraue	O
mir	O
nicht	O
,	O
sie	O
für	O
WAHR	O
auszugeben	O
.	O
Der	O
Russe	O
kam	RELATIONALES VERB
mit	RELATION
einem	O
Paar	O
Pistolen	RAUMHINWEIS
zurück	RELATION
,	O
nachdem	O
er	O
eine	O
halbe	O
Stunde	O
ausgeblieben	RELATIONALES VERB
war	O
.	O
Wir	O
sahen	RELATIONALES VERB
sie	RAUMHINWEIS
ihn	O
scharf	O
laden	O
.	O
Es	O
war	O
beinahe	O
zwei	O
Uhr	O
,	O
als	O
der	O
Magier	O
wieder	O
erschien	RELATIONALES VERB
und	O
uns	O
ankündigte	O
,	O
daß	O
es	O
Zeit	O
wäre	O
.	O
Ehe	O
wir	O
hineintraten	RELATIONALES VERB
,	O
ward	O
uns	O
befohlen	O
,	O
die	O
Schuhe	RAUMHINWEIS
auszuziehen	RELATIONALES VERB
und	O
im	RELATION
bloßen	O
Hemde	RAUMHINWEIS
,	O
Strümpfen	RAUMHINWEIS
und	O
Unterkleidern	RAUMHINWEIS
zu	O
erscheinen	RELATIONALES VERB
.	O
Hinter	RELATION
uns	RAUMHINWEIS
wurde	O
,	O
wie	O
das	O
erste	O
Mal	O
,	O
verriegelt	RAUMTHEMA
.	O
Wir	O
fanden	RELATIONALES VERB
,	O
als	O
wir	O
in	RELATION
den	O
Saal	ORT
zurückkamen	RELATIONALES VERB
,	O
mit	O
einer	O
Kohle	O
einen	O
weiten	RELATION
Kreis	RAUMHINWEIS
beschrieben	O
,	O
der	RAUMHINWEIS
uns	O
alle	O
zehn	O
bequem	O
fassen	RELATIONALES VERB
konnte	O
.	O
Rings	RELATION
herum	RELATION
an	RELATION
allen	O
vier	O
Wänden	RAUMTHEMA
des	O
Zimmers	ORT
waren	O
die	O
Dielen	RAUMHINWEIS
weggehoben	RELATIONALES VERB
,	O
daß	O
wir	O
gleichsam	O
auf	RELATION
einer	O
Insel	ORT
standen	RELATIONALES VERB
.	O
Ein	O
Altar	RAUMHINWEIS
,	O
mit	RELATION
schwarzem	O
Tuch	RAUMHINWEIS
behangen	RELATIONALES VERB
,	O
stand	RELATIONALES VERB
mitten	RELATION
im	RELATION
Kreis	RAUMHINWEIS
errichtet	RELATIONALES VERB
,	O
unter	RELATION
welchen	RAUMHINWEIS
ein	O
Teppich	RAUMHINWEIS
von	O
rotem	O
Atlas	O
gebreitet	RELATIONALES VERB
war	O
.	O
Eine	O
chaldäische	O
Bibel	O
lag	RELATIONALES VERB
bei	RELATION
einem	O
Totenkopf	RAUMHINWEIS
aufgeschlagen	RELATIONALES VERB
auf	RELATION
dem	O
Altar	RAUMHINWEIS
,	O
und	O
ein	O
silbernes	O
Kruzifix	RAUMHINWEIS
war	O
darauf	RELATION
festgemacht	RELATIONALES VERB
.	O
Statt	O
der	O
Kerzen	O
brannte	O
Spiritus	O
in	RELATION
einer	O
silbernen	O
Kapsel	RAUMHINWEIS
.	O
Ein	O
dicker	RAUMBESCHREIBUNG
Rauch	RAUMHINWEIS
von	O
Olibanum	O
verfinsterte	O
den	O
Saal	ORT
,	O
davon	O
das	O
Licht	O
beinahe	O
erstickte	O
.	O
Der	O
Beschwörer	O
war	O
entkleidet	O
wie	O
wir	O
,	O
aber	O
barfuß	O
;	O
um	RELATION
den	O
bloßen	O
Hals	RAUMHINWEIS
trug	RELATIONALES VERB
er	O
ein	O
Amulett	RAUMHINWEIS
an	RELATION
einer	O
Kette	RAUMHINWEIS
von	O
Menschenhaaren	O
,	O
um	RELATION
die	O
Lenden	RAUMHINWEIS
hatte	O
er	O
eine	O
weiße	O
Schürze	RAUMHINWEIS
geschlagen	RELATIONALES VERB
,	O
die	RAUMHINWEIS
mit	O
geheimen	O
Chiffern	O
und	O
symbolischen	O
Figuren	O
bezeichnet	O
war	O
.	O
Er	O
hieß	O
uns	O
einander	RELATION
die	O
Hände	RAUMHINWEIS
reichen	RELATIONALES VERB
und	O
eine	O
tiefe	O
Stille	O
beobachten	RELATIONALES VERB
;	O
vorzüglich	O
empfahl	O
er	O
uns	O
,	O
ja	O
keine	O
Frage	O
an	RELATION
die	O
Erscheinung	RAUMTHEMA
zu	O
tun	O
.	O
Den	O
Engländer	O
und	O
mich	O
-LRB-	O
gegen	RELATION
uns	O
beide	O
schien	O
er	O
das	O
meiste	O
Mißtrauen	O
zu	O
hegen	O
-RRB-	O
ersuchte	O
er	O
,	O
zwei	O
bloße	O
Degen	RAUMHINWEIS
unverrückt	RELATIONALES VERB
und	O
kreuzweise	O
,	O
einen	RAUMHINWEIS
Zoll	RAUMHINWEIS
hoch	RELATION
,	O
über	RELATION
seinem	O
Scheitel	RAUMHINWEIS
zu	O
halten	RELATIONALES VERB
,	O
solange	O
die	O
Handlung	O
dauern	O
würde	O
.	O
Wir	O
standen	RELATIONALES VERB
in	RELATION
einem	O
halben	RAUMBESCHREIBUNG
Mond	RAUMHINWEIS
um	RELATION
ihn	RAUMHINWEIS
herum	RELATION
,	O
der	O
russische	RAUMBESCHREIBUNG
Offizier	O
drängte	RELATIONALES VERB
sich	O
dicht	RAUMBESCHREIBUNG
an	RELATION
den	O
Engländer	RAUMHINWEIS
und	O
stand	RELATIONALES VERB
zunächst	O
an	RELATION
dem	O
Altar	RAUMHINWEIS
.	O
Das	O
Gesicht	RAUMHINWEIS
gegen	RELATION
Morgen	RAUMHINWEIS
gerichtet	RELATIONALES VERB
,	O
stellte	RELATIONALES VERB
sich	O
der	O
Magier	O
jetzt	O
auf	RELATION
den	O
Teppich	RAUMHINWEIS
,	O
sprengte	RELATIONALES VERB
Weihwasser	RAUMHINWEIS
nach	RELATION
allen	O
vier	O
Weltgegenden	ORT
und	O
neigte	RELATIONALES VERB
sich	O
dreimal	O
gegen	RELATION
die	O
Bibel	RAUMHINWEIS
.	O
Eine	O
halbe	O
Viertelstunde	O
dauerte	O
die	O
Beschwörung	O
,	O
von	O
welcher	O
wir	O
nichts	O
verstanden	O
;	O
nach	O
Endigung	O
derselben	O
gab	RELATIONALES VERB
er	O
denen	O
,	O
die	O
zunächst	O
hinter	RELATION
ihm	RAUMHINWEIS
standen	RELATIONALES VERB
,	O
ein	O
Zeichen	RAUMHINWEIS
,	O
daß	O
sie	O
ihn	O
jetzt	O
fest	O
bei	RELATION
den	O
Haaren	RAUMHINWEIS
fassen	RELATIONALES VERB
sollten	O
.	O
Unter	O
den	O
heftigsten	O
Zuckungen	O
rief	RELATIONALES VERB
er	O
den	O
Verstorbenen	O
dreimal	O
mit	O
Namen	O
,	O
und	O
das	O
dritte	O
Mal	O
streckte	RELATIONALES VERB
er	O
nach	RELATION
dem	O
Kruzifixe	RAUMHINWEIS
die	O
Hand	RAUMHINWEIS
aus	RELATIONALES VERB
--	O
--	O
Auf	O
einmal	O
empfanden	O
wir	O
alle	O
zugleich	O
einen	O
Streich	O
wie	O
vom	O
Blitze	O
,	O
daß	O
unsere	O
Hände	RAUMHINWEIS
auseinander	RELATION
flogen	RELATIONALES VERB
;	O
ein	O
plötzlicher	O
Donnerschlag	O
erschütterte	RELATIONALES VERB
das	O
Haus	ORT
,	O
alle	O
Schlösser	RAUMTHEMA
klangen	O
,	O
alle	O
Türen	RAUMTHEMA
schlugen	RELATIONALES VERB
zusammen	RELATION
,	O
der	O
Deckel	RAUMHINWEIS
an	RELATION
der	O
Kapsel	RAUMHINWEIS
fiel	RELATIONALES VERB
zu	RELATIONALES VERB
,	O
das	O
Licht	O
löschte	O
aus	O
,	O
und	O
an	RELATION
der	O
entgegenstehenden	RELATIONALES VERB
Wand	RAUMTHEMA
über	RELATION
dem	O
Kamine	RAUMHINWEIS
zeigte	RELATIONALES VERB
sich	O
eine	O
menschliche	O
Figur	RAUMHINWEIS
,	O
in	RELATION
blutigem	O
Hemde	RAUMHINWEIS
,	O
bleich	O
und	O
mit	O
dem	O
Gesicht	RAUMHINWEIS
eines	O
Sterbenden	O
.	O
	O
Wer	O
ruft	RELATIONALES VERB
mich	O
?	O
``	O
sagte	O
eine	O
hohle	O
,	O
kaum	O
hörbare	O
Stimme	O
.	O
	O
Dein	O
Freund	O
``	O
,	O
antwortete	O
der	O
Beschwörer	O
,	O
	O
der	O
dein	O
Andenken	O
ehret	O
und	O
für	O
deine	O
Seele	O
betet	O
``	O
,	O
zugleich	O
nannte	O
er	O
den	O
Namen	O
des	O
Prinzen	O
.	O
Die	O
Antworten	O
erfolgten	O
immer	O
nach	O
einem	O
sehr	O
großen	O
Zwischenraum	O
.	O
	O
Was	O
verlangt	O
er	O
?	O
``	O
fuhr	O
diese	O
Stimme	O
fort	O
.	O
	O
Dein	O
Bekenntnis	O
will	O
er	O
zu	O
Ende	O
hören	RELATIONALES VERB
,	O
das	O
du	O
in	RELATION
dieser	O
Welt	ORT
angefangen	O
und	O
nicht	O
beschlossen	O
hast	O
.	O
``	O
	O
In	RELATION
einem	O
Kloster	ORT
auf	RELATION
der	O
flandrischen	RAUMBESCHREIBUNG
Grenze	RAUMTHEMA
lebt	RELATIONALES VERB
--	O
--	O
--	O
``	O
Hier	O
erzitterte	RELATIONALES VERB
das	O
Haus	ORT
von	O
neuem	O
.	O
Die	O
Türe	RAUMTHEMA
sprang	RELATIONALES VERB
freiwillig	O
unter	O
einem	O
heftigen	O
Donnerschlag	O
auf	RELATIONALES VERB
,	O
ein	O
Blitz	RAUMHINWEIS
erleuchtete	O
das	O
Zimmer	ORT
,	O
und	O
eine	O
andere	O
körperliche	O
Gestalt	RAUMHINWEIS
,	O
blutig	O
und	O
blaß	O
wie	O
die	O
erste	O
,	O
aber	O
schrecklicher	O
,	O
erschien	RELATIONALES VERB
an	RELATION
der	O
Schwelle	RAUMHINWEIS
.	O
Der	O
Spiritus	O
fing	O
von	O
selbst	O
an	O
zu	O
brennen	O
,	O
und	O
der	O
Saal	ORT
wurde	O
helle	O
wie	O
zuvor	O
.	O
	O
Wer	O
ist	O
unter	RELATION
uns	RAUMHINWEIS
?	O
``	O
rief	RELATIONALES VERB
der	O
Magier	O
erschrocken	O
und	O
warf	RELATIONALES VERB
einen	O
Blick	RAUMHINWEIS
des	O
Entsetzens	O
durch	RELATION
die	O
Versammlung	RAUMHINWEIS
--	O
	O
Dich	O
habe	O
ich	O
nicht	O
gewollt	O
.	O
``	O
Die	O
Gestalt	RAUMHINWEIS
ging	RELATIONALES VERB
mit	O
majestätischem	O
leisem	O
Schritt	RAUMHINWEIS
gerade	RELATION
auf	RELATION
den	O
Altar	RAUMHINWEIS
zu	RELATIONALES VERB
,	O
stellte	RELATIONALES VERB
sich	O
auf	RELATION
den	O
Teppich	RAUMHINWEIS
,	O
uns	RAUMHINWEIS
gegenüber	RELATION
,	O
und	O
faßte	RELATIONALES VERB
das	O
Kruzifix	RAUMHINWEIS
.	O
Die	O
erste	O
Figur	RAUMHINWEIS
sahen	RELATIONALES VERB
wir	O
nicht	O
mehr	O
.	O
	O
Wer	O
ruft	RELATIONALES VERB
mich	O
?	O
``	O
sagte	O
diese	O
zweite	O
Erscheinung	RAUMTHEMA
.	O
Der	O
Magier	O
fing	O
an	O
,	O
heftig	O
zu	O
zittern	O
.	O
Schrecken	O
und	O
Erstaunen	O
hatten	O
uns	O
gefesselt	O
.	O
Ich	O
griff	RELATIONALES VERB
nach	RELATION
einer	O
Pistole	RAUMHINWEIS
,	O
der	O
Magier	O
riß	RELATIONALES VERB
sie	RAUMHINWEIS
mir	O
aus	RELATION
der	O
Hand	RAUMHINWEIS
und	O
drückte	RELATIONALES VERB
sie	O
auf	RELATION
die	O
Gestalt	RAUMHINWEIS
ab	RELATIONALES VERB
.	O
Die	O
Kugel	RAUMHINWEIS
rollte	RELATIONALES VERB
langsam	O
auf	RELATION
dem	O
Altar	RAUMHINWEIS
,	O
und	O
die	O
Gestalt	RAUMHINWEIS
trat	RELATIONALES VERB
unverändert	O
aus	RELATION
dem	O
Rauche	RAUMHINWEIS
.	O
Jetzt	O
sank	RELATIONALES VERB
der	O
Magier	O
ohnmächtig	O
nieder	RELATION
.	O
	O
Was	O
wird	O
das	O
?	O
``	O
rief	RELATIONALES VERB
der	O
Engländer	O
voll	O
Erstaunen	O
und	O
wollte	O
einen	O
Streich	RAUMHINWEIS
mit	RELATION
dem	O
Degen	RAUMHINWEIS
nach	RELATION
ihr	RAUMHINWEIS
tun	O
.	O
Die	O
Gestalt	RAUMHINWEIS
berührte	RELATIONALES VERB
seinen	O
Arm	RAUMHINWEIS
,	O
und	O
die	O
Klinge	RAUMHINWEIS
fiel	RELATIONALES VERB
zu	RELATION
Boden	ORT
.	O
Hier	O
trat	RELATIONALES VERB
der	O
Angstschweiß	RAUMHINWEIS
auf	RELATION
meine	O
Stirn	RAUMHINWEIS
.	O
Baron	O
F	O
**	O
gestand	O
uns	O
nachher	O
,	O
daß	O
er	O
gebetet	O
habe	O
.	O
Diese	O
ganze	O
Zeit	O
über	O
stand	RELATIONALES VERB
der	O
Prinz	O
furchtlos	O
und	O
ruhig	O
,	O
die	O
Augen	RAUMHINWEIS
starr	O
auf	RELATION
die	O
Erscheinung	RAUMTHEMA
gerichtet	RELATIONALES VERB
.	O
	O
Ja	O
!	O
Ich	O
erkenne	RELATIONALES VERB
dich	O
``	O
,	O
rief	RELATIONALES VERB
er	O
endlich	O
voll	RAUMBESCHREIBUNG
Rührung	O
aus	RELATIONALES VERB
,	O
	O
du	O
bist	O
Lanoy	O
,	O
du	O
bist	O
mein	O
Freund	O
--	O
--	O
Woher	RELATION
kommst	RELATIONALES VERB
du	O
?	O
``	O
	O
Die	O
Ewigkeit	O
ist	O
stumm	O
.	O
Frage	O
mich	O
aus	O
dem	O
vergangnen	O
Leben	O
.	O
``	O
	O
Wer	O
lebt	RELATIONALES VERB
in	RELATION
dem	O
Kloster	ORT
,	O
das	O
du	O
mir	O
bezeichnet	O
hast	O
?	O
``	O
	O
Meine	O
Tochter	O
.	O
``	O
	O
Wie	O
?	O
Du	O
bist	O
Vater	O
gewesen	O
?	O
``	O
	O
Weh	O
mir	O
,	O
daß	O
ich	O
es	O
zu	O
wenig	O
war	O
!	O
``	O
	O
Bist	O
du	O
nicht	O
glücklich	O
,	O
Lanoy	O
?	O
``	O
	O
Gott	O
hat	O
gerichtet	O
.	O
``	O
	O
Kann	O
ich	O
dir	O
auf	RELATION
dieser	O
Welt	ORT
noch	O
einen	O
Dienst	O
erzeigen	O
?	O
``	O
	O
Keinen	O
,	O
als	O
an	O
dich	O
selbst	O
zu	O
denken	O
.	O
``	O
	O
Wie	O
muß	O
ich	O
das	O
?	O
``	O
	O
In	RELATION
Rom	ORT
wirst	O
du	O
es	O
erfahren	O
.	O
``	O
Hier	O
erfolgte	O
ein	O
neuer	O
Donnerschlag	O
--	O
eine	O
schwarze	O
Rauchwolke	RAUMHINWEIS
erfüllte	RELATIONALES VERB
das	O
Zimmer	ORT
;	O
als	O
sie	RAUMHINWEIS
zerflossen	RELATIONALES VERB
war	O
,	O
fanden	RELATIONALES VERB
wir	O
keine	O
Gestalt	RAUMHINWEIS
mehr	O
.	O
Ich	O
stieß	RELATIONALES VERB
einen	O
Fensterladen	RAUMTHEMA
auf	RELATIONALES VERB
.	O
Es	O
war	O
Morgen	O
.	O
Jetzt	O
kam	RELATIONALES VERB
auch	O
der	O
Magier	O
aus	O
seiner	O
Betäubung	O
zurück	O
.	O
	O
Wo	ORT
sind	O
wir	O
?	O
``	O
rief	RELATIONALES VERB
er	O
aus	RELATIONALES VERB
,	O
als	O
er	O
Tageslicht	O
erblickte	RELATIONALES VERB
.	O
Der	O
russische	RAUMBESCHREIBUNG
Offizier	O
stand	RELATIONALES VERB
dicht	RAUMBESCHREIBUNG
hinter	RELATION
ihm	RAUMHINWEIS
und	O
sah	RELATIONALES VERB
ihm	RAUMHINWEIS
über	RELATION
die	O
Schulter	RAUMHINWEIS
.	O
	O
Taschenspieler	O
``	O
,	O
sagte	O
er	O
mit	O
schrecklichem	O
Blick	RAUMHINWEIS
zu	RELATION
ihm	RAUMHINWEIS
,	O
	O
du	O
wirst	O
keinen	O
Geist	O
mehr	O
rufen	RELATIONALES VERB
.	O
``	O
Der	O
Sizilianer	O
drehte	RELATIONALES VERB
sich	O
um	RELATIONALES VERB
,	O
sah	RELATIONALES VERB
ihm	O
genauer	O
ins	RELATION
Gesicht	RAUMHINWEIS
,	O
tat	O
einen	O
lauten	O
Schrei	O
und	O
stürzte	RELATIONALES VERB
zu	RELATION
seinen	O
Füßen	RAUMHINWEIS
.	O
Jetzt	O
sahen	RELATIONALES VERB
wir	O
alle	O
auf	O
einmal	O
den	O
vermeintlichen	O
Russen	RAUMHINWEIS
an	RELATIONALES VERB
.	O
Der	O
Prinz	O
erkannte	RELATIONALES VERB
in	RELATION
ihm	RAUMHINWEIS
ohne	O
Mühe	O
die	O
Züge	RAUMHINWEIS
seines	O
Armeniers	O
wieder	O
,	O
und	O
das	O
Wort	O
,	O
das	O
er	O
eben	O
hervorstottern	RELATIONALES VERB
wollte	O
,	O
erstarb	O
auf	RELATION
seinem	O
Munde	RAUMHINWEIS
.	O
Schrecken	O
und	O
Überraschung	O
hatten	O
uns	O
alle	O
wie	O
versteinert	O
.	O
Lautlos	O
und	O
unbeweglich	O
starrten	RELATIONALES VERB
wir	O
dieses	O
geheimnisvolle	O
Wesen	RAUMHINWEIS
an	RELATIONALES VERB
,	O
das	O
uns	O
mit	O
einem	O
Blicke	RAUMHINWEIS
stiller	O
Gewalt	O
und	O
Größe	O
durchschaute	O
.	O
Eine	O
Minute	O
dauerte	O
dies	O
Schweigen	O
--	O
und	O
wieder	O
eine	O
.	O
Kein	O
Odem	O
war	O
in	RELATION
der	O
ganzen	O
Versammlung	RAUMHINWEIS
.	O
Einige	O
kräftige	O
Schläge	O
an	RELATION
die	O
Tür	RAUMTHEMA
brachten	RELATIONALES VERB
uns	O
endlich	O
wieder	O
zu	RELATION
uns	RAUMHINWEIS
selbst	O
.	O
Die	O
Tür	RAUMTHEMA
fiel	RELATIONALES VERB
zertrümmert	RELATIONALES VERB
in	RELATION
den	O
Saal	ORT
,	O
und	O
herein	RELATION
drangen	RELATIONALES VERB
Gerichstdiener	RAUMHINWEIS
mit	RELATION
Wache	RAUMHINWEIS
.	O
	O
Hier	ORT
finden	RELATIONALES VERB
wir	O
sie	O
ja	O
beisammen	RELATION
!	O
``	O
rief	RELATIONALES VERB
der	O
Anführer	O
und	O
wandte	RELATIONALES VERB
sich	O
zu	RELATION
seinen	O
Begleitern	RAUMHINWEIS
.	O
	O
Im	O
Namen	O
der	O
Regierung	O
!	O
``	O
rief	RELATIONALES VERB
er	O
uns	RAUMHINWEIS
zu	RELATIONALES VERB
.	O
	O
Ich	O
verhafte	O
euch	O
.	O
``	O
Wir	O
hatten	O
nicht	O
so	O
viel	O
Zeit	O
,	O
uns	O
zu	O
besinnen	O
;	O
in	O
wenig	O
Augenblicken	O
waren	O
wir	O
umringt	RELATIONALES VERB
.	O
Der	O
russische	RAUMBESCHREIBUNG
Offizier	O
,	O
den	O
ich	O
jetzt	O
wieder	O
den	O
Armenier	O
nenne	O
,	O
zog	RELATIONALES VERB
den	O
Anführer	RAUMHINWEIS
der	O
Häscher	RAUMHINWEIS
auf	RELATION
die	O
Seite	RELATION
,	O
und	O
so	O
viel	O
mir	O
diese	O
Verwirrung	O
zuließ	O
,	O
bemerkte	O
ich	O
,	O
daß	O
er	O
ihm	O
einige	O
Worte	O
heimlich	O
ins	RELATION
Ohr	RAUMHINWEIS
sagte	O
und	O
etwas	O
Schriftliches	O
vorzeigte	RELATIONALES VERB
.	O
Sogleich	O
verließ	RELATIONALES VERB
ihn	RAUMHINWEIS
der	O
Häscher	RAUMHINWEIS
mit	O
einer	O
stummen	O
und	O
ehrerbietigen	O
Verbeugung	O
,	O
wandte	RELATIONALES VERB
sich	O
darauf	O
zu	RELATION
uns	RAUMHINWEIS
und	O
nahm	RELATIONALES VERB
seinen	O
Hut	RAUMHINWEIS
ab	RELATIONALES VERB
.	O
	O
Vergeben	O
Sie	O
,	O
meine	O
Herren	O
``	O
,	O
sagte	O
er	O
,	O
	O
daß	O
ich	O
Sie	O
mit	RELATION
diesem	O
Betrüger	RAUMHINWEIS
vermengen	RELATIONALES VERB
konnte	O
.	O
Ich	O
will	O
nicht	O
fragen	O
,	O
wer	O
Sie	O
sind	O
--	O
aber	O
dieser	O
Herr	O
versichert	O
mir	O
,	O
daß	O
ich	O
Männer	O
von	O
Ehre	O
vor	RELATION
mir	RAUMHINWEIS
habe	O
.	O
``	O
Zugleich	O
winkte	RELATIONALES VERB
er	O
seinen	O
Begleitern	RAUMHINWEIS
,	O
von	O
uns	O
abzulassen	RELATIONALES VERB
.	O
Den	O
Sizilianer	O
befahl	O
er	O
wohl	O
zu	O
bewachen	RELATIONALES VERB
und	O
zu	O
binden	RELATIONALES VERB
.	O
	O
Der	O
Bursche	O
da	ORT
ist	O
überreif	O
``	O
,	O
setzte	O
er	O
hinzu	O
.	O
	O
Wir	O
haben	O
schon	O
sieben	O
Monate	O
auf	RELATION
ihn	RAUMHINWEIS
gelauert	RELATIONALES VERB
.	O
``	O
Dieser	O
elende	O
Mensch	O
war	O
wirklich	O
ein	O
Gegenstand	O
des	O
Jammers	O
.	O
Das	O
doppelte	O
Schrecken	O
der	O
zweiten	O
Geistererscheinung	O
und	O
dieses	O
unerwarteten	O
Überfalls	RAUMTHEMA
hatte	O
seine	O
Besinnungskraft	O
überwältigt	O
.	O
Er	O
ließ	O
sich	O
binden	RELATIONALES VERB
wie	O
ein	O
Kind	O
;	O
die	O
Augen	RAUMHINWEIS
lagen	RELATIONALES VERB
weit	RAUMBESCHREIBUNG
aufgesperrt	RELATIONALES VERB
und	O
stier	O
in	RELATION
einem	O
totenähnlichen	O
Gesichte	RAUMHINWEIS
,	O
und	O
seine	O
Lippen	RAUMHINWEIS
bebten	RELATIONALES VERB
in	RELATION
stillen	O
Zuckungen	RAUMHINWEIS
,	O
ohne	O
einen	O
Laut	O
auszustoßen	RELATIONALES VERB
.	O
Jeden	O
Augenblick	O
erwarteten	O
wir	O
einen	O
Ausbruch	RAUMTHEMA
von	O
Konvulsionen	RAUMHINWEIS
.	O
Der	O
Prinz	O
fühlte	O
Mitleid	O
mit	O
seinem	O
Zustand	O
und	O
unternahm	O
es	O
,	O
seine	O
Loslassung	RAUMTHEMA
bei	RELATION
dem	O
Gerichtsdiener	RAUMHINWEIS
auszuwirken	O
,	O
dem	O
er	O
sich	O
zu	O
erkennen	RELATIONALES VERB
gab	O
.	O
	O
Gnädigster	O
Herr	O
``	O
,	O
sagte	O
dieser	O
,	O
	O
wissen	O
Sie	O
auch	O
,	O
wer	O
der	O
Mensch	O
ist	O
,	O
für	O
welchen	O
Sie	O
sich	O
so	O
großmütig	O
verwenden	O
?	O
Der	O
Betrug	O
,	O
den	O
er	O
Ihnen	O
zu	O
spielen	O
gedachte	O
,	O
ist	O
sein	O
geringstes	O
Verbrechen	O
.	O
Wir	O
haben	O
seine	O
Helfershelfer	O
.	O
Sie	O
sagen	O
abscheuliche	O
Dinge	O
von	RELATION
ihm	RAUMHINWEIS
aus	O
.	O
Er	O
mag	O
sich	O
noch	O
glücklich	O
preisen	O
,	O
wenn	O
er	O
mit	O
der	O
Galeere	RAUMTHEMA
davon	RELATION
kommt	RELATIONALES VERB
.	O
``	O
Unterdessen	O
sahen	RELATIONALES VERB
wir	O
auch	O
den	O
Wirt	RAUMHINWEIS
nebst	O
seinen	O
Hausgenossen	RAUMHINWEIS
mit	RELATION
Stricken	RAUMHINWEIS
gebunden	RELATIONALES VERB
über	RELATION
den	O
Hof	ORT
führen	RELATIONALES VERB
.	O
--	O
	O
Auch	O
dieser	O
?	O
``	O
rief	RELATIONALES VERB
der	O
Prinz	O
.	O
	O
Was	O
hat	O
denn	O
dieser	O
verschuldet	O
?	O
``	O
--	O
	O
Er	O
war	O
sein	O
Mitschuldiger	O
und	O
Hehler	O
``	O
,	O
antwortete	O
der	O
Anführer	O
der	O
Häscher	O
,	O
	O
der	O
ihm	O
zu	O
seinen	O
Taschenspielerstückchen	O
und	O
Diebereien	O
behülflich	O
gewesen	O
und	O
seinen	O
Raub	O
mit	RELATION
ihm	RAUMHINWEIS
geteilt	RELATIONALES VERB
hat	O
.	O
Gleich	O
sollen	O
Sie	O
überzeugt	O
sein	O
,	O
gnädigster	O
Herr	O
``	O
-LRB-	O
indem	O
er	O
sich	O
zu	RELATION
seinen	O
Begleitern	RAUMHINWEIS
kehrte	RELATIONALES VERB
-RRB-	O
.	O
	O
Man	O
durchsuche	RELATIONALES VERB
das	O
ganze	RAUMBESCHREIBUNG
Haus	ORT
und	O
bringe	RELATIONALES VERB
mir	O
sogleich	O
Nachricht	O
,	O
was	O
man	O
gefunden	RELATIONALES VERB
hat	O
.	O
``	O
Jetzt	O
sahe	RELATIONALES VERB
sich	O
der	O
Prinz	O
nach	RELATION
dem	O
Armenier	RAUMHINWEIS
um	RELATIONALES VERB
--	O
aber	O
er	O
war	O
nicht	O
mehr	O
vorhanden	RELATIONALES VERB
;	O
in	O
der	O
allgemeinen	O
Verwirrung	O
,	O
welche	O
dieser	O
Überfall	RAUMTHEMA
anrichtete	O
,	O
hatte	O
er	O
Mittel	O
gefunden	O
,	O
sich	O
unbemerkt	O
zu	O
entfernen	RELATIONALES VERB
.	O
Der	O
Prinz	O
war	O
untröstlich	O
;	O
gleich	O
wollte	O
er	O
ihm	O
alle	O
seine	O
Leute	RAUMHINWEIS
nachschicken	RELATIONALES VERB
;	O
er	O
selbst	O
wollte	O
ihn	O
aufsuchen	RELATIONALES VERB
und	O
mich	RAUMHINWEIS
mit	RELATION
sich	RAUMHINWEIS
fortreißen	RELATIONALES VERB
.	O
Ich	O
eilte	RELATIONALES VERB
ans	RELATION
Fenster	RAUMTHEMA
;	O
das	O
ganze	RAUMBESCHREIBUNG
Haus	ORT
war	O
von	O
Neugierigen	RAUMHINWEIS
umringt	RELATIONALES VERB
,	O
die	O
das	O
Gerücht	O
dieser	O
Begebenheit	O
herbeigeführt	RELATIONALES VERB
hatte	O
.	O
Unmöglich	O
war	O
es	O
,	O
durch	RELATION
das	O
Gedränge	RAUMHINWEIS
zu	O
kommen	RELATIONALES VERB
.	O
Ich	O
stellte	O
dem	O
Prinzen	O
dieses	O
vor	O
:	O
	O
Wenn	O
es	O
diesem	O
Armenier	O
ein	O
Ernst	O
ist	O
,	O
sich	O
vor	RELATION
uns	RAUMHINWEIS
zu	O
verbergen	RELATIONALES VERB
,	O
so	O
weiß	O
er	O
unfehlbar	O
die	O
Schliche	O
besser	O
als	O
wir	O
,	O
und	O
alle	O
unsere	O
Nachforschungen	O
werden	O
vergebens	O
sein	O
.	O
Lieber	O
lassen	O
Sie	O
uns	O
noch	O
hier	ORT
bleiben	RELATIONALES VERB
,	O
gnädigster	O
Prinz	O
.	O
Vielleicht	O
kann	O
uns	O
dieser	O
Gerichtsdiener	O
etwas	O
Näheres	O
von	O
ihm	O
sagen	O
,	O
dem	O
er	O
sich	O
,	O
wenn	O
ich	O
anders	O
recht	O
gesehen	RELATIONALES VERB
habe	O
,	O
entdeckt	RELATIONALES VERB
hat	O
.	O
``	O
Jetzt	O
erinnerten	O
wir	O
uns	O
,	O
daß	O
wir	O
noch	O
ausgekleidet	RELATIONALES VERB
waren	O
.	O
Wir	O
eilten	RELATIONALES VERB
nach	RELATION
unserm	O
Zimmer	ORT
,	O
uns	O
in	O
der	O
Geschwindigkeit	O
in	RELATION
unsre	O
Kleider	RAUMHINWEIS
zu	O
werfen	RELATIONALES VERB
.	O
Als	O
wir	O
zurückkamen	RELATIONALES VERB
,	O
war	O
die	O
Haussuchung	RAUMTHEMA
geschehen	O
.	O
Nachdem	O
man	O
den	O
Altar	RAUMHINWEIS
weggeräumt	RELATIONALES VERB
und	O
die	O
Dielen	RAUMHINWEIS
des	O
Saals	ORT
aufgebrochen	RELATIONALES VERB
,	O
entdeckte	RELATIONALES VERB
man	O
ein	O
geräumiges	RAUMBESCHREIBUNG
Gewölbe	ORT
,	O
worin	RELATION
ein	O
Mensch	RAUMHINWEIS
gemächlich	O
aufrecht	RAUMBESCHREIBUNG
sitzen	RELATIONALES VERB
konnte	O
,	O
mit	O
einer	O
Türe	RAUMTHEMA
versehen	RELATIONALES VERB
,	O
die	O
durch	RELATION
eine	O
schmale	RAUMBESCHREIBUNG
Treppe	RAUMTHEMA
nach	RELATION
dem	O
Keller	ORT
führte	RELATIONALES VERB
.	O
In	RELATION
diesem	O
Gewölbe	ORT
fand	RELATIONALES VERB
man	O
eine	O
Elektrisiermaschine	RAUMHINWEIS
,	O
eine	O
Uhr	O
und	O
eine	O
kleine	RAUMBESCHREIBUNG
silberne	O
Glocke	RAUMHINWEIS
,	O
welche	O
letztere	O
,	O
so	O
wie	O
die	O
Elektrisiermaschine	RAUMHINWEIS
,	O
mit	RELATION
dem	O
Altar	RAUMHINWEIS
und	O
dem	O
darauf	RELATION
befestigten	O
Kruzifixe	RAUMHINWEIS
Kommunikation	O
hatte	O
.	O
Ein	O
Fensterladen	RAUMTHEMA
,	O
der	O
dem	O
Kamine	RAUMHINWEIS
gerade	RELATION
gegenüberstand	RELATIONALES VERB
,	O
war	O
durchbrochen	RELATIONALES VERB
und	O
mit	O
einem	O
Schieber	RAUMHINWEIS
versehen	RELATIONALES VERB
,	O
um	O
,	O
wie	O
wir	O
nachher	O
erfuhren	O
,	O
eine	O
magische	O
Laterne	O
in	RELATION
seine	O
Öffnung	RAUMTHEMA
einzupassen	RELATIONALES VERB
,	O
aus	RELATION
welcher	RAUMHINWEIS
die	O
verlangte	O
Gestalt	RAUMHINWEIS
auf	RELATION
die	O
Wand	RAUMTHEMA
über	RELATION
dem	O
Kamin	RAUMHINWEIS
gefallen	RELATIONALES VERB
war	O
.	O
Vom	RELATION
Dachboden	ORT
und	O
aus	RELATION
dem	O
Keller	ORT
brachte	RELATIONALES VERB
man	O
verschiedene	O
Trommeln	RAUMHINWEIS
,	O
woran	RELATION
große	RAUMBESCHREIBUNG
bleierne	O
Kugeln	RAUMHINWEIS
an	RELATION
Schnüren	RAUMHINWEIS
befestigt	RELATIONALES VERB
hingen	RELATIONALES VERB
,	O
wahrscheinlich	O
um	O
das	O
Geräusche	O
des	O
Donners	O
hervorzubringen	RELATIONALES VERB
,	O
das	O
wir	O
gehört	RELATIONALES VERB
hatten	O
.	O
Als	O
man	O
die	O
Kleider	RAUMHINWEIS
des	O
Sizilianers	O
durchsuchte	RELATIONALES VERB
,	O
fand	RELATIONALES VERB
man	O
in	RELATION
einem	O
Etui	RAUMHINWEIS
verschiedene	O
Pulver	O
,	O
wie	O
auch	O
lebendigen	O
Merkur	O
in	RELATION
Phiolen	RAUMHINWEIS
und	O
Büchsen	RAUMHINWEIS
,	O
Phosphorus	O
in	RELATION
einer	O
gläsernen	O
Flasche	RAUMHINWEIS
,	O
einen	O
Ring	RAUMHINWEIS
,	O
den	O
wir	O
gleich	O
für	O
einen	O
magnetischen	O
erkannten	O
,	O
weil	O
er	O
an	RELATION
einem	O
stählernen	O
Knopfe	O
hängen	RELATIONALES VERB
blieb	RELATIONALES VERB
,	O
dem	O
er	O
von	O
ungefähr	O
nahegebracht	RELATIONALES VERB
worden	O
,	O
in	RELATION
den	O
Rocktaschen	RAUMHINWEIS
ein	O
Paternoster	RAUMHINWEIS
,	O
einen	O
Judenbart	RAUMHINWEIS
,	O
Terzerole	RAUMHINWEIS
und	O
einen	O
Dolch	RAUMHINWEIS
.	O
	O
Laß	O
doch	O
sehen	RELATIONALES VERB
,	O
ob	O
sie	O
geladen	RELATIONALES VERB
sind	O
!	O
``	O
sagte	O
einer	O
von	O
den	O
Häschern	O
,	O
indem	O
er	O
eines	O
von	RELATION
den	O
Terzerolen	RAUMHINWEIS
nahm	RELATIONALES VERB
und	O
ins	RELATION
Kamin	RAUMHINWEIS
abschoß	RELATIONALES VERB
.	O
	O
Jesus	O
Maria	O
!	O
``	O
rief	RELATIONALES VERB
eine	O
hohle	O
menschliche	O
Stimme	O
,	O
eben	O
die	O
,	O
welche	O
wir	O
von	O
der	O
ersten	O
Erscheinung	RAUMTHEMA
gehört	RELATIONALES VERB
hatten	O
--	O
und	O
in	O
demselben	O
Augenblick	O
sahen	RELATIONALES VERB
wir	O
einen	O
blutenden	O
Körper	RAUMHINWEIS
aus	RELATION
dem	O
Schlot	RAUMHINWEIS
herunterstürzen	RELATIONALES VERB
.	O
--	O
	O
Noch	O
nicht	O
zur	O
Ruhe	O
,	O
armer	O
Geist	O
?	O
``	O
rief	RELATIONALES VERB
der	O
Engländer	O
,	O
während	O
daß	O
wir	O
andern	O
mit	O
Schrecken	O
zurückfuhren	RELATIONALES VERB
.	O
	O
Gehe	RELATIONALES VERB
heim	ORT
zu	RELATION
deinem	O
Grabe	ORT
.	O
Du	O
hast	O
geschienen	O
,	O
was	O
du	O
nicht	O
warst	O
;	O
jetzt	O
wirst	O
du	O
sein	O
,	O
was	O
du	O
schienest	O
.	O
``	O
	O
Jesus	O
Maria	O
!	O
Ich	O
bin	O
verwundet	O
``	O
,	O
wiederholte	O
der	O
Mensch	O
im	RELATION
Kamine	RAUMHINWEIS
.	O
Die	O
Kugel	RAUMHINWEIS
hatte	O
ihm	O
das	O
rechte	RELATION
Bein	RAUMHINWEIS
zerschmettert	RELATIONALES VERB
.	O
Sogleich	O
besorgte	O
man	O
,	O
daß	O
die	O
Wunde	O
verbunden	RELATIONALES VERB
wurde	O
.	O
	O
Aber	O
wer	O
bist	O
du	O
denn	O
,	O
und	O
was	O
für	O
ein	O
böser	O
Dämon	O
muß	O
dich	O
hieher	RELATION
führen	RELATIONALES VERB
?	O
``	O
	O
Ein	O
armer	O
Barfüßer	O
``	O
,	O
antwortete	O
der	O
Verwundete	O
.	O
	O
Ein	O
fremder	O
Herr	O
hier	ORT
hat	O
mir	O
eine	O
Zechine	O
geboten	O
,	O
daß	O
ich	O
--	O
``	O
	O
Eine	O
Formel	O
hersagen	O
sollte	O
?	O
Und	O
warum	O
hast	O
du	O
dich	O
denn	O
nicht	O
gleich	O
wieder	O
davongemacht	RELATIONALES VERB
?	O
``	O
	O
Er	O
wollte	O
mir	O
ein	O
Zeichen	RAUMHINWEIS
geben	RELATIONALES VERB
,	O
wenn	O
ich	O
fortfahren	O
sollte	O
;	O
aber	O
das	O
Zeichen	RAUMHINWEIS
blieb	O
aus	O
,	O
und	O
wie	O
ich	O
hinaussteigen	RELATIONALES VERB
wollte	O
,	O
war	O
die	O
Leiter	RAUMTHEMA
weggezogen	RELATIONALES VERB
.	O
``	O
	O
Und	O
wie	O
heißt	O
denn	O
die	O
Formel	O
,	O
die	O
er	O
dir	O
eingelernt	O
hat	O
?	O
``	O
Der	O
Mensch	O
bekam	O
hier	O
eine	O
Ohnmacht	O
,	O
daß	O
nichts	O
weiter	O
aus	RELATION
ihm	RAUMHINWEIS
herauszubringen	RELATIONALES VERB
war	O
.	O
Als	O
wir	O
ihn	O
näher	O
betrachteten	RELATIONALES VERB
,	O
erkannten	RELATIONALES VERB
wir	O
ihn	O
für	O
denselben	O
,	O
der	O
sich	O
dem	O
Prinzen	O
den	O
Abend	O
vorher	O
in	RELATION
den	O
Weg	ORT
gestellt	RELATIONALES VERB
und	O
ihn	O
so	O
feierlich	O
angeredet	RELATIONALES VERB
hatte	O
.	O
Unterdessen	O
hatte	O
sich	O
der	O
Prinz	O
zu	RELATION
dem	O
Anführer	RAUMHINWEIS
der	O
Häscher	O
gewendet	RELATIONALES VERB
.	O
	O
Sie	O
haben	O
uns	O
``	O
,	O
sagte	O
er	O
,	O
indem	O
er	O
ihm	O
zugleich	O
einige	O
Goldstücke	RAUMHINWEIS
in	RELATION
die	O
Hand	RAUMHINWEIS
drückte	RELATIONALES VERB
,	O
	O
Sie	O
haben	O
uns	O
aus	O
den	O
Händen	O
eines	O
Betrügers	O
gerettet	RELATIONALES VERB
und	O
uns	O
,	O
ohne	O
uns	O
noch	O
zu	O
kennen	O
,	O
Gerechtigkeit	O
widerfahren	O
lassen	O
.	O
Wollen	O
Sie	O
nun	O
unsere	O
Verbindlichkeit	O
vollkommen	O
machen	O
und	O
uns	O
entdecken	O
,	O
wer	O
der	O
Unbekannte	O
war	O
,	O
dem	O
es	O
nur	O
ein	O
paar	O
Worte	O
kostete	O
,	O
uns	O
in	RELATION
Freiheit	RAUMTHEMA
zu	O
setzen	RELATIONALES VERB
?	O
``	O
	O
Wen	O
meinen	O
Sie	O
?	O
``	O
fragte	O
der	O
Anführer	O
der	O
Häscher	O
mit	O
einer	O
Miene	O
,	O
die	O
deutlich	O
zeigte	RELATIONALES VERB
,	O
wie	O
unnötig	O
diese	O
Frage	O
war	O
.	O
	O
Den	O
Herrn	O
in	RELATION
russischer	RAUMBESCHREIBUNG
Uniform	RAUMHINWEIS
meine	O
ich	O
,	O
der	O
Sie	O
vorhin	O
beiseite	RELATION
zog	RELATIONALES VERB
,	O
Ihnen	O
etwas	O
Schriftliches	RAUMHINWEIS
vorwies	RELATIONALES VERB
und	O
einige	O
Worte	O
ins	RELATION
Ohr	RAUMHINWEIS
sagte	RELATIONALES VERB
,	O
worauf	O
Sie	O
uns	O
sogleich	O
wieder	O
losgaben	RELATIONALES VERB
.	O
``	O
	O
Sie	O
kennen	O
diesen	O
Herrn	O
also	O
nicht	O
?	O
``	O
fragte	O
der	O
Häscher	O
wieder	O
.	O
	O
Er	O
war	O
nicht	O
von	RELATION
Ihrer	O
Gesellschaft	RAUMHINWEIS
?	O
``	O
	O
Nein	O
``	O
,	O
sagte	O
der	O
Prinz	O
--	O
	O
und	O
aus	O
sehr	O
wichtigen	O
Ursachen	O
wünschte	O
ich	O
,	O
näher	O
mit	O
ihm	O
bekannt	O
zu	O
werden	O
.	O
``	O
	O
Näher	O
``	O
,	O
antwortete	O
der	O
Häscher	O
,	O
	O
kenn	O
ich	O
ihn	O
auch	O
nicht	O
.	O
Sein	O
Name	O
selbst	O
ist	O
mir	O
unbekannt	O
,	O
und	O
heute	O
hab	O
ich	O
ihn	O
zum	O
erstenmal	O
in	O
meinem	O
Leben	O
gesehen	RELATIONALES VERB
.	O
``	O
	O
Wie	O
?	O
und	O
in	O
so	O
kurzer	O
Zeit	O
,	O
durch	O
ein	O
paar	O
Worte	O
konnte	O
er	O
so	O
viel	O
über	O
Sie	O
vermögen	O
,	O
daß	O
Sie	O
ihn	O
selbst	O
und	O
uns	O
alle	O
für	O
unschuldig	O
erklärten	O
?	O
``	O
	O
Allerdings	O
durch	O
ein	O
einziges	O
Wort	O
.	O
``	O
	O
Und	O
dieses	O
war	O
?	O
--	O
Ich	O
gestehe	O
,	O
daß	O
ich	O
es	O
wissen	O
möchte	O
.	O
``	O
	O
Dieser	O
Unbekannte	O
,	O
gnädigster	O
Herr	O
``	O
--	O
indem	O
er	O
die	O
Zechinen	RAUMHINWEIS
in	RELATION
seiner	O
Hand	RAUMHINWEIS
wog	RELATIONALES VERB
--	O
	O
Sie	O
sind	O
zu	O
großmütig	O
gegen	RELATION
mich	RAUMHINWEIS
gewesen	O
,	O
um	O
Ihnen	O
länger	O
ein	O
Geheimnis	O
daraus	O
zu	O
machen	O
--	O
dieser	O
Unbekannte	O
war	O
--	O
ein	O
Offizier	O
der	O
Staatsinquisition	O
.	O
``	O
	O
Der	O
Staatsinquisition	O
!	O
--	O
Dieser	O
!	O
--	O
``	O
	O
Nicht	O
anders	O
,	O
gnädigster	O
Herr	O
--	O
und	O
davon	O
überzeugte	O
mich	O
das	O
Papier	RAUMHINWEIS
,	O
welches	RAUMHINWEIS
er	O
mir	O
vorzeigte	RELATIONALES VERB
.	O
``	O
	O
Dieser	O
Mensch	O
,	O
sagten	O
Sie	O
?	O
Es	O
ist	O
nicht	O
möglich	O
.	O
``	O
	O
Ich	O
will	O
Ihnen	O
noch	O
mehr	O
sagen	O
,	O
gnädigster	O
Herr	O
.	O
Eben	O
dieser	O
war	O
es	O
,	O
auf	O
dessen	O
Denunziation	O
ich	O
hieher	RELATION
geschickt	RELATIONALES VERB
worden	O
bin	O
,	O
den	O
Geisterbeschwörer	RAUMHINWEIS
zu	O
verhaften	RELATIONALES VERB
.	O
``	O
Wir	O
sahen	RELATIONALES VERB
uns	O
mit	O
noch	O
größerm	O
Erstaunen	O
an	RELATIONALES VERB
.	O
	O
Da	O
hätten	O
wir	O
es	O
ja	O
heraus	O
``	O
,	O
rief	RELATIONALES VERB
endlich	O
der	O
Engländer	O
,	O
	O
warum	O
der	O
arme	O
Teufel	O
von	O
Beschwörer	O
so	O
erschrocken	O
zusammenfuhr	RELATIONALES VERB
,	O
als	O
er	O
ihm	O
näher	RELATION
ins	RELATION
Gesicht	RAUMHINWEIS
sah	RELATIONALES VERB
.	O
Er	O
erkannte	RELATIONALES VERB
ihn	O
für	O
einen	O
Spion	O
,	O
und	O
darum	O
tat	O
er	O
jenen	O
Schrei	O
und	O
stürzte	RELATIONALES VERB
zu	RELATION
seinen	O
Füßen	RAUMHINWEIS
.	O
``	O
	O
Nimmermehr	O
``	O
,	O
rief	RELATIONALES VERB
der	O
Prinz	O
.	O
	O
Dieser	O
Mensch	O
ist	O
alles	O
,	O
was	O
er	O
sein	O
will	O
,	O
und	O
alles	O
,	O
was	O
der	O
Augenblick	O
will	O
,	O
daß	O
er	O
sein	O
soll	O
.	O
Was	O
er	O
wirklich	O
ist	O
,	O
hat	O
noch	O
kein	O
Sterblicher	O
erfahren	O
.	O
Sahen	RELATIONALES VERB
Sie	O
den	O
Sizilianer	RAUMHINWEIS
zusammensinken	RELATIONALES VERB
,	O
als	O
er	O
ihm	O
die	O
Worte	O
ins	RELATION
Ohr	RAUMHINWEIS
schrie	RELATIONALES VERB
:	O
,	O
Du	O
wirst	O
keinen	O
Geist	O
mehr	O
rufen	RELATIONALES VERB
!	O
`	O
Dahinter	O
ist	O
mehr	O
.	O
Daß	O
man	O
vor	O
etwas	O
Menschlichem	O
so	O
zu	O
erschrecken	O
pflegt	O
,	O
soll	O
mich	O
niemand	O
überreden	O
.	O
``	O
	O
Darüber	O
wird	O
uns	O
der	O
Magier	O
selbst	O
wohl	O
am	O
besten	O
zurechtweisen	O
können	O
``	O
,	O
sagte	O
der	O
Lord	O
,	O
	O
wenn	O
uns	O
dieser	O
Herr	O
``	O
-LRB-	O
sich	O
zu	RELATION
dem	O
Anführer	RAUMHINWEIS
der	O
Gerichtsdiener	O
wendend	RELATIONALES VERB
-RRB-	O
	O
Gelegenheit	O
verschaffen	O
will	O
,	O
seinen	O
Gefangnen	RAUMHINWEIS
zu	O
sprechen	RELATIONALES VERB
.	O
``	O
Der	O
Anführer	O
der	O
Häscher	O
versprach	O
es	O
uns	O
,	O
und	O
wir	O
redeten	O
mit	RELATION
dem	O
Engländer	RAUMHINWEIS
ab	O
,	O
daß	O
wir	O
ihn	O
gleich	O
den	O
andern	O
Morgen	O
aufsuchen	RELATIONALES VERB
wollten	O
.	O
Jetzt	O
begaben	RELATIONALES VERB
wir	O
uns	O
nach	RELATION
Venedig	ORT
zurück	RELATION
.	O
Mit	O
dem	O
frühesten	O
Morgen	O
war	O
Lord	O
Seymour	O
da	ORT
-LRB-	O
dies	O
war	O
der	O
Name	O
des	O
Engländers	O
-RRB-	O
,	O
und	O
bald	O
nachher	O
erschien	RELATIONALES VERB
eine	O
vertraute	O
Person	RAUMHINWEIS
,	O
die	O
der	O
Gerichtsdiener	RAUMHINWEIS
abgeschickt	RELATIONALES VERB
hatte	O
,	O
uns	O
nach	RELATION
dem	O
Gefängnis	ORT
zu	O
führen	RELATIONALES VERB
.	O
Ich	O
habe	O
vergessen	O
zu	O
erzählen	O
,	O
daß	O
der	O
Prinz	O
schon	O
seit	O
etlichen	O
Tagen	O
einen	O
seiner	O
Jäger	O
vermißte	RELATIONALES VERB
,	O
einen	O
Bremer	O
von	O
Geburt	O
,	O
der	O
ihm	O
viele	O
Jahre	O
redlich	O
gedient	O
und	O
sein	O
ganzes	O
Vertrauen	O
besessen	O
hatte	O
.	O
Ob	O
er	O
verunglückt	O
oder	O
gestohlen	RELATIONALES VERB
oder	O
auch	O
entlaufen	RELATIONALES VERB
war	O
,	O
wußte	O
niemand	O
.	O
Zu	O
dem	O
letztern	O
war	O
gar	O
kein	O
wahrscheinlicher	O
Grund	O
vorhanden	O
,	O
weil	O
er	O
jederzeit	O
ein	O
stiller	O
und	O
ordentlicher	O
Mensch	O
gewesen	O
und	O
nie	O
ein	O
Tadel	O
an	RELATION
ihm	RAUMHINWEIS
gefunden	RELATIONALES VERB
war	O
.	O
Alles	O
,	O
worauf	O
seine	O
Kameraden	O
sich	O
besinnen	O
konnten	O
,	O
war	O
,	O
daß	O
er	O
in	O
der	O
letzten	O
Zeit	O
sehr	O
schwermütig	O
gewesen	O
und	O
,	O
wo	O
er	O
nur	O
einen	O
Augenblick	O
erhaschen	O
konnte	O
,	O
ein	O
gewisses	O
Minoritenkloster	ORT
in	RELATION
der	O
Giudecca	ORT
besucht	RELATIONALES VERB
habe	O
,	O
wo	RELATION
er	O
auch	O
mit	O
einigen	O
Brüdern	O
öfters	O
Umgang	RAUMHINWEIS
gepflegt	O
.	O
Dies	O
brachte	O
uns	O
auf	O
die	O
Vermutung	O
,	O
daß	O
er	O
vielleicht	O
in	O
die	O
Hände	O
der	O
Mönche	O
geraten	O
sein	O
möchte	O
und	O
sich	O
katholisch	O
gemacht	O
hätte	O
;	O
und	O
weil	O
der	O
Prinz	O
über	O
diesen	O
Artikel	O
damals	O
noch	O
sehr	O
gleichgültig	O
dachte	O
,	O
so	O
ließ	O
ers	O
nach	O
einigen	O
fruchtlosen	O
Nachforschungen	O
dabei	O
bewenden	O
.	O
Doch	O
schmerzte	O
ihn	O
der	O
Verlust	RAUMTHEMA
dieses	O
Menschen	O
,	O
der	O
ihm	O
auf	RELATION
seinen	O
Feldzügen	RAUMTHEMA
immer	O
zur	RELATION
Seite	RELATION
gewesen	O
,	O
immer	O
treu	O
an	O
ihm	O
gehangen	O
und	O
in	RELATION
einem	O
fremden	RAUMBESCHREIBUNG
Lande	ORT
so	O
leicht	O
nicht	O
wieder	O
zu	O
ersetzen	O
war	O
.	O
Heute	O
nun	O
,	O
als	O
wir	O
eben	O
im	O
Begriff	O
standen	O
auszugehen	RELATIONALES VERB
,	O
ließ	O
sich	O
der	O
Bankier	O
des	O
Prinzen	O
melden	O
,	O
an	O
den	O
der	O
Auftrag	O
ergangen	O
war	O
,	O
für	O
einen	O
neuen	O
Bedienten	O
zu	O
sorgen	O
.	O
Dieser	O
stellte	RELATIONALES VERB
dem	O
Prinzen	O
einen	O
gutgebildeten	O
und	O
wohlgekleideten	O
Menschen	O
in	O
mittleren	O
Jahren	O
vor	RELATIONALES VERB
,	O
der	O
lange	O
Zeit	O
in	RELATION
Diensten	RAUMHINWEIS
eines	O
Prokurators	O
als	O
Sekretär	O
gestanden	RELATIONALES VERB
,	O
Französisch	O
und	O
auch	O
etwas	O
Deutsch	O
sprach	O
,	O
übrigens	O
mit	O
den	O
besten	O
Zeugnissen	O
versehen	O
war	O
.	O
Seine	O
Physiognomie	O
gefiel	O
,	O
und	O
da	O
er	O
sich	O
übrigens	O
erklärte	O
,	O
daß	O
sein	O
Gehalt	O
von	O
der	O
Zufriedenheit	O
des	O
Prinzen	O
mit	O
seinen	O
Diensten	O
abhängen	O
sollte	O
,	O
so	O
ließ	O
er	O
ihn	O
ohne	O
Verzug	O
eintreten	RELATIONALES VERB
.	O
Wir	O
fanden	RELATIONALES VERB
den	O
Sizilianer	RAUMHINWEIS
in	RELATION
einem	O
Privatgefängnis	ORT
,	O
wohin	RELATION
er	O
,	O
dem	O
Prinzen	O
zu	O
Gefallen	O
,	O
wie	O
der	O
Gerichtsdiener	O
sagte	O
,	O
einstweilen	O
gebracht	RELATIONALES VERB
worden	O
war	O
,	O
ehe	O
er	O
unter	O
die	O
Bleidächer	O
gesetzt	RELATIONALES VERB
wurde	O
,	O
zu	RELATION
denen	ORT
kein	O
Zugang	RAUMTHEMA
mehr	O
offen	RAUMTHEMA
steht	RELATIONALES VERB
.	O
Diese	O
Bleidächer	O
sind	O
das	O
fürchterlichste	O
Gefängnis	ORT
in	RELATION
Venedig	ORT
,	O
unter	RELATION
dem	O
Dach	RAUMHINWEIS
des	O
St.	ORT
Markuspalastes	ORT
,	O
worin	RELATION
die	O
unglücklichen	O
Verbrecher	O
von	O
der	O
dörrenden	O
Sonnenhitze	O
,	O
die	O
sich	O
auf	RELATION
der	O
Bleifläche	RAUMHINWEIS
sammelt	RELATIONALES VERB
,	O
oft	O
bis	O
zum	O
Wahnwitze	O
leiden	O
.	O
Der	O
Sizilianer	O
hatte	O
sich	O
von	O
dem	O
gestrigen	O
Zufalle	O
wieder	O
erholt	O
und	O
stand	RELATIONALES VERB
ehrerbietig	O
auf	RELATIONALES VERB
,	O
als	O
er	O
den	O
Prinzen	O
ansichtig	RELATIONALES VERB
wurde	O
.	O
Ein	O
Bein	RAUMHINWEIS
und	O
eine	O
Hand	RAUMHINWEIS
waren	O
gefesselt	RELATIONALES VERB
,	O
sonst	O
aber	O
konnte	O
er	O
frei	RAUMTHEMA
durch	RELATION
das	O
Zimmer	ORT
gehen	RELATIONALES VERB
.	O
Bei	O
unserm	O
Eintritt	RAUMTHEMA
entfernte	RELATIONALES VERB
sich	O
die	O
Wache	RAUMHINWEIS
vor	RELATION
die	O
Türe	RAUMTHEMA
.	O
	O
Ich	O
komme	RELATIONALES VERB
``	O
,	O
sagte	O
der	O
Prinz	O
,	O
nachdem	O
wir	O
Platz	RAUMHINWEIS
genommen	RELATIONALES VERB
hatten	O
,	O
	O
über	O
zwei	O
Punkte	O
Erklärung	O
von	O
Ihnen	O
zu	O
verlangen	O
.	O
Die	O
eine	O
sind	O
Sie	O
mir	O
schuldig	O
,	O
und	O
es	O
wird	O
Ihr	O
Schade	O
nicht	O
sein	O
,	O
wenn	O
Sie	O
mich	O
über	O
den	O
andern	O
befriedigen	O
.	O
``	O
	O
Meine	O
Rolle	O
ist	O
ausgespielt	O
``	O
,	O
versetzte	O
der	O
Sizilianer	O
.	O
	O
Mein	O
Schicksal	O
steht	O
in	O
Ihren	O
Händen	O
.	O
``	O
	O
Ihre	O
Aufrichtigkeit	O
allein	O
``	O
,	O
versetzte	O
der	O
Prinz	O
,	O
	O
kann	O
es	O
erleichtern	O
.	O
``	O
	O
Fragen	O
Sie	O
,	O
gnädigster	O
Herr	O
.	O
Ich	O
bin	O
bereit	O
zu	O
antworten	O
,	O
denn	O
ich	O
habe	O
nichts	O
mehr	O
zu	O
verlieren	O
.	O
``	O
	O
Sie	O
haben	O
mich	O
das	O
Gesicht	RAUMHINWEIS
des	O
Armeniers	RAUMHINWEIS
in	RELATION
Ihrem	O
Spiegel	RAUMTHEMA
sehen	RELATIONALES VERB
lassen	O
.	O
Wodurch	O
bewirkten	O
Sie	O
dieses	O
?	O
``	O
	O
Es	O
war	O
kein	O
Spiegel	RAUMTHEMA
,	O
was	O
Sie	O
gesehen	RELATIONALES VERB
haben	O
.	O
Ein	O
bloßes	O
Pastellgemälde	RAUMHINWEIS
hinter	RELATION
einem	O
Glas	RAUMHINWEIS
,	O
das	O
einen	O
Mann	O
in	RELATION
armenischer	RAUMBESCHREIBUNG
Kleidung	RAUMHINWEIS
vorstellte	O
,	O
hat	O
Sie	O
getäuscht	O
.	O
Meine	O
Geschwindigkeit	O
,	O
die	O
Dämmerung	O
,	O
Ihr	O
Erstaunen	O
unterstützten	O
diesen	O
Betrug	O
.	O
Das	O
Bild	RAUMHINWEIS
wird	O
sich	O
unter	RELATION
den	O
übrigen	O
Sachen	RAUMHINWEIS
finden	RELATIONALES VERB
,	O
die	RAUMHINWEIS
man	O
in	RELATION
dem	O
Gasthof	ORT
in	RELATION
Beschlag	RAUMHINWEIS
genommen	RELATIONALES VERB
hat	O
.	O
``	O
	O
Aber	O
wie	O
konnten	O
Sie	O
meine	O
Gedanken	O
so	O
gut	O
wissen	O
und	O
gerade	O
auf	O
den	O
Armenier	O
raten	O
?	O
``	O
	O
Dieses	O
war	O
gar	O
nicht	O
schwer	O
,	O
gnädigster	O
Herr	O
.	O
Ohne	O
Zweifel	O
haben	O
Sie	O
sich	O
bei	RELATION
Tische	RAUMHINWEIS
in	RELATION
Gegenwart	RAUMHINWEIS
Ihrer	O
Bedienten	RAUMHINWEIS
über	O
die	O
Begebenheit	O
öfters	O
herausgelassen	RELATIONALES VERB
,	O
die	O
sich	O
zwischen	RELATION
Ihnen	RAUMHINWEIS
und	O
diesem	O
Armenier	RAUMHINWEIS
ereignet	O
hat	O
.	O
Einer	O
von	O
meinen	O
Leuten	O
machte	O
mit	O
einem	O
Jäger	O
,	O
der	O
in	RELATION
Ihren	O
Diensten	RAUMHINWEIS
steht	RELATIONALES VERB
,	O
zufälligerweise	O
in	RELATION
der	O
Giudecca	ORT
Bekanntschaft	O
,	O
aus	RELATION
welchem	RAUMHINWEIS
er	O
nach	O
und	O
nach	O
so	O
viel	O
zu	O
ziehen	RELATIONALES VERB
wußte	O
,	O
als	O
mir	O
zu	O
wissen	O
nötig	O
war	O
.	O
``	O
	O
Wo	ORT
ist	O
dieser	O
Jäger	RAUMHINWEIS
?	O
``	O
fragte	O
der	O
Prinz	O
.	O
	O
Ich	O
vermisse	RELATIONALES VERB
ihn	O
,	O
und	O
ganz	O
gewiß	O
wissen	O
Sie	O
um	O
seine	O
Entweichung	RAUMTHEMA
.	O
``	O
	O
Ich	O
schwöre	O
Ihnen	O
,	O
daß	O
ich	O
nicht	O
das	O
geringste	O
davon	O
weiß	O
,	O
gnädigster	O
Herr	O
.	O
Ich	O
selbst	O
hab	O
ihn	O
nie	O
gesehen	RELATIONALES VERB
,	O
und	O
nie	O
eine	O
andre	O
Absicht	O
mit	O
ihm	O
gehabt	O
als	O
die	O
eben	O
gemeldete	O
.	O
``	O
	O
Fahren	O
Sie	O
fort	O
``	O
,	O
sagte	O
der	O
Prinz	O
.	O
	O
Auf	O
diesem	O
Wege	O
nun	O
erhielt	RELATIONALES VERB
ich	O
überhaupt	O
auch	O
die	O
erste	O
Nachricht	O
von	O
Ihrem	O
Aufenthalt	RAUMTHEMA
und	O
Ihren	O
Begebenheiten	O
in	RELATION
Venedig	ORT
,	O
und	O
sogleich	O
entschloß	O
ich	O
mich	O
,	O
sie	O
zu	O
