Friedrich	O
Spielhagen	O
Zum	O
Zeitvertreib	O
Erstes	O
Kapitel	O
Jetzt	O
nur	O
noch	O
die	O
Speisekammer	ORT
	O
rief	RELATIONALES VERB
Adele	O
	O
von	RELATION
der	O
Küche	ORT
aus	RELATION
eine	O
schmale	RAUMBESCHREIBUNG
	O
niedrige	RAUMBESCHREIBUNG
Thür	RAUMTHEMA
nach	RELATION
einem	O
winzigen	RAUMBESCHREIBUNG
Gelaß	RAUMHINWEIS
öffnend	RELATIONALES VERB
	O
das	O
durch	O
ein	O
viereckiges	RAUMBESCHREIBUNG
	O
vergittertes	RAUMTHEMA
Fensterchen	RAUMTHEMA
spärlich	O
erhellt	O
wurde	O
.	O
Bewunderungswürdig	O
	O
sagte	O
Klotilde	O
mit	O
einem	O
gelangweilten	O
Blick	RAUMHINWEIS
über	RELATION
die	O
Schulter	RAUMHINWEIS
der	O
Freundin	O
.	O
Nicht	O
WAHR	O
?	O
erwiderte	O
Adele	O
	O
sich	O
so	O
schnell	O
wendend	RELATIONALES VERB
	O
daß	O
Klotilde	O
eben	O
nur	O
noch	O
ihr	O
Gähnen	O
verbergen	RELATIONALES VERB
konnte	O
.	O
Zwölf	O
Fuß	RAUMHINWEIS
im	RELATION
Quadrat	RAUMHINWEIS
--	O
nicht	O
mehr	O
--	O
Elimar	O
hat	O
es	O
ausgemessen	RELATIONALES VERB
.	O
Und	O
alles	O
darin	RELATION
untergebracht	RELATIONALES VERB
--	O
selbst	O
die	O
zwanzig	O
Einmachebüchsen	RAUMHINWEIS
	O
die	O
mir	O
die	O
gute	O
Mama	O
gestern	O
geschickt	RELATIONALES VERB
hat	O
!	O
Aber	O
Eure	O
Berliner	RAUMBESCHREIBUNG
Baumeister	O
habe	O
ich	O
doch	O
auf	RAUMMETAPHER
dem	RAUMMETAPHER
Strich	RAUMMETAPHER
.	O
Alles	O
für	O
den	O
äußeren	RELATION
Schein	O
:	O
Keine	O
Spur	RAUMHINWEIS
von	O
einem	O
Verständnis	O
für	O
das	O
	O
was	O
eine	O
Hausfrau	O
braucht	O
.	O
Na	O
!	O
nun	O
wollen	O
wir	O
wieder	O
nach	RELATION
vorn	RELATION
gehen	RELATIONALES VERB
.	O
Das	O
heißt	O
	O
erst	O
mußt	O
Du	O
mein	O
Kleid	O
für	O
heute	O
abend	O
sehen	RELATIONALES VERB
.	O
Bei	O
der	O
Gelegenheit	O
kann	O
ich	O
Dir	O
gleich	O
auch	O
noch	O
unser	O
Schlafzimmer	ORT
zeigen	RELATIONALES VERB
.	O
Elimar	O
mag	O
das	O
zwar	O
nicht	O
.	O
Er	O
findet	O
es	O
undelikat	O
.	O
Ich	O
weiß	O
nicht	O
	O
warum	O
.	O
Dabei	O
ist	O
doch	O
nichts	O
Schlimmes	O
.	O
Meinst	O
Du	O
nicht	O
auch	O
?	O
Gewiß	O
nicht	O
	O
sagte	O
Klotilde	O
	O
honni	O
soit	O
qui	O
mal	O
y	O
pense	O
.	O
Nicht	O
WAHR	O
?	O
Besonders	O
wenn	O
wir	O
Frauen	O
unter	RELATION
uns	RAUMHINWEIS
sind	O
.	O
Und	O
nun	O
gar	O
wir	O
beide	O
!	O
Lieber	O
Gott	O
	O
wir	O
haben	O
doch	O
keine	O
Geheimnisse	O
vor	RELATION
einander	RELATION
!	O
Ach	O
	O
Klotilde	O
	O
wenn	O
ich	O
Dich	O
nicht	O
hier	ORT
hätte	O
in	RELATION
diesem	O
gräßlichen	O
Berlin	ORT
!	O
Freust	O
Du	O
Dich	O
nicht	O
auch	O
	O
daß	O
wir	O
nun	O
wieder	O
beisammen	RELATION
sind	O
?	O
Ob	O
ich	O
mich	O
freue	O
!	O
Also	O
das	O
ist	O
Euer	O
Schlafzimmer	ORT
?	O
Das	O
ist	O
unser	O
Schlafzimmer	ORT
!	O
Klein	RAUMBESCHREIBUNG
	O
aber	O
furchtbar	O
nett	O
.	O
Findest	O
Du	O
nicht	O
?	O
Und	O
Morgensonne	O
	O
sagt	O
der	O
Wirt	O
	O
haben	O
wir	O
auch	O
.	O
Na	O
	O
in	O
den	O
acht	O
Tagen	O
	O
daß	O
wir	O
hier	ORT
sind	O
	O
hat	O
noch	O
keine	O
geschienen	O
;	O
und	O
Elimar	O
ist	O
zweifelhaft	O
	O
ob	O
sie	O
	O
wenn	O
sie	O
mal	O
scheint	O
	O
bis	O
zu	RELATION
uns	RAUMHINWEIS
kommt	RELATIONALES VERB
--	O
im	O
Hochsommer	O
	O
meint	O
er	O
	O
wäre	O
es	O
möglich	O
.	O
Abwarten	O
	O
sage	O
ich	O
.	O
Na	O
	O
wie	O
findest	O
Du	O
es	O
?	O
Das	O
Kleid	O
	O
meine	O
ich	O
.	O
Dein	O
Brautkleid	O
!	O
Also	O
doch	O
!	O
Also	O
was	O
?	O
Ich	O
dachte	O
	O
Du	O
würdest	O
es	O
nicht	O
wiedererkennen	RELATIONALES VERB
.	O
Ich	O
habe	O
es	O
nämlich	O
während	O
der	O
zwei	O
Jahre	O
schon	O
sechsmal	O
angehabt	RELATIONALES VERB
--	O
zuletzt	O
auf	RELATION
dem	O
Kommandanturball	RAUMHINWEIS
--	O
und	O
jedesmal	O
ein	O
bißchen	O
verändert	O
.	O
Das	O
heißt	O
:	O
diesmal	O
nicht	O
--	O
ich	O
hatte	O
keine	O
Zeit	O
.	O
Meinst	O
Du	O
	O
daß	O
es	O
noch	O
geht	O
?	O
Die	O
Damen	O
standen	RELATIONALES VERB
vor	RELATION
dem	O
Bett	RAUMHINWEIS
	O
über	RELATION
welches	RAUMHINWEIS
das	O
Kleid	RAUMHINWEIS
gebreitet	RELATIONALES VERB
war	O
.	O
Das	O
heißt	O
:	O
es	O
muß	O
gehen	O
	O
fuhr	O
Adele	O
eifrig	O
fort	O
	O
während	O
Klotilde	O
hier	ORT
und	O
da	ORT
einen	O
Zipfel	RAUMHINWEIS
musternd	O
aufhob	RELATIONALES VERB
;	O
ich	O
habe	O
kein	O
anderes	O
.	O
Dann	O
ist	O
die	O
Sache	O
ja	O
erledigt	O
	O
sagte	O
Klotilde	O
lächelnd	O
.	O
Ganz	O
meine	O
Ansicht	O
!	O
rief	RELATIONALES VERB
Adele	O
.	O
Mein	O
Gott	O
	O
von	O
einer	O
armen	O
Hauptmannsfrau	O
kann	O
man	O
doch	O
nicht	O
verlangen	O
	O
daß	O
sie	O
wie	O
eine	O
Prinzessin	O
ausstaffiert	RELATIONALES VERB
ist	O
	O
besonders	O
wenn	O
man	O
eben	O
einen	O
kostspieligen	O
Umzug	RAUMTHEMA
durchgemacht	O
hat	O
.	O
Ich	O
deutete	O
so	O
etwas	O
gegen	RELATION
Frau	O
Sudenburg	O
an	O
	O
und	O
weißt	O
Du	O
	O
was	O
sie	O
erwiderte	O
:	O
Die	O
Tochter	O
meiner	O
besten	O
Freundin	O
ist	O
mir	O
in	RELATION
jedem	O
Kleide	RAUMHINWEIS
willkommen	O
.	O
War	O
das	O
nicht	O
furchtbar	O
nett	O
von	O
ihr	O
.	O
Was	O
wirst	O
Du	O
denn	O
anziehen	RELATIONALES VERB
?	O
Meine	O
Auswahl	O
ist	O
nicht	O
viel	O
größer	RAUMBESCHREIBUNG
	O
als	O
Deine	O
:	O
arme	O
Hauptmanns	O
-	O
und	O
arme	O
Assessorenfrauen	O
--	O
c'est	O
toute	O
la	O
même	O
chose	O
.	O
Ich	O
denke	O
	O
Dein	O
Viktor	O
steht	O
dicht	O
vor	O
dem	O
Regierungsrat	O
?	O
Dann	O
haben	O
wir	O
was	O
Rechtes	O
.	O
Aber	O
Kind	O
	O
es	O
ist	O
Zeit	O
	O
daß	O
ich	O
nach	RELATION
Hause	ORT
komme	RELATIONALES VERB
.	O
Eile	RELATIONALES VERB
doch	O
nicht	O
so	O
!	O
Ich	O
habe	O
mich	O
die	O
ganzen	O
gräßlichen	O
acht	O
Tage	O
auf	O
diese	O
Stunde	O
gefreut	O
.	O
Und	O
bin	O
Dir	O
so	O
dankbar	O
	O
daß	O
Du	O
gleich	O
heute	O
morgen	O
angetreten	RELATIONALES VERB
bist	O
	O
nach	O
der	O
langen	O
Nachtfahrt	RAUMTHEMA
.	O
Es	O
war	O
nicht	O
so	O
schlimm	O
	O
bloß	O
schauderhaft	O
langweilig	O
.	O
Habt	O
Ihr	O
Euch	O
gut	O
amüsiert	O
?	O
Amüsiert	O
?	O
In	RELATION
dem	O
miserablen	O
Ostseenest	ORT
?	O
Vier	O
Wochen	O
lang	O
dieselben	O
Alltagsgesichter	O
:	O
shopkeepers	O
	O
Weiber	O
aus	RELATION
Berlin	ORT
O.	O
	O
und	O
	O
wenn	O
es	O
hoch	O
kam	O
	O
eine	O
pommersche	RAUMBESCHREIBUNG
oder	O
mecklenburgische	RAUMBESCHREIBUNG
dicke	RAUMBESCHREIBUNG
Gutsbesitzerfrau	O
.	O
Das	O
wird	O
für	O
Viktor	O
auch	O
nicht	O
gerade	O
etwas	O
gewesen	O
sein	O
.	O
Viktor	O
?	O
Er	O
hat	O
mich	O
bloß	O
hingebracht	RELATIONALES VERB
und	O
wieder	O
abgeholt	RELATIONALES VERB
.	O
Die	O
ganze	O
übrige	O
Zeit	O
in	RELATION
Kopenhagen	ORT
	O
Stockholm	ORT
	O
und	O
ich	O
weiß	O
nicht	O
wo	RELATION
.	O
Du	O
kennst	O
ihn	O
doch	O
.	O
Die	O
Rosinen	O
in	RELATION
dem	O
Kuchen	RAUMHINWEIS
kommen	RELATIONALES VERB
immer	O
auf	RELATION
sein	O
Teil	RAUMHINWEIS
.	O
Aber	O
den	O
Kindern	O
ist	O
es	O
doch	O
gut	O
bekommen	O
?	O
Hoffentlich	O
.	O
Ich	O
freue	O
mich	O
so	O
furchtbar	O
darauf	O
	O
sie	O
endlich	O
einmal	O
zu	O
sehen	RELATIONALES VERB
.	O
Nach	O
den	O
Photographien	RAUMHINWEIS
	O
die	O
Du	O
mir	O
geschickt	RELATIONALES VERB
hast	O
	O
müssen	O
es	O
wahre	O
Engel	O
sein	O
.	O
Ich	O
kann	O
es	O
nicht	O
finden	O
.	O
Du	O
wirst	O
Dich	O
ja	O
morgen	O
überzeugen	O
.	O
Ich	O
muß	O
jetzt	O
wirklich	O
fort	RELATION
.	O
Viktor	O
kommt	RELATIONALES VERB
um	O
vier	O
Uhr	O
aus	RELATION
dem	O
Amt	ORT
.	O
Elimar	O
schon	O
um	O
Drei	O
.	O
Er	O
muß	O
gleich	O
hier	ORT
sein	O
.	O
Er	O
wird	O
mir	O
es	O
nicht	O
vergeben	O
	O
wenn	O
ich	O
Dich	O
fortgelassen	RELATIONALES VERB
habe	O
--	O
seine	O
alte	O
Flamme	O
!	O
Warum	O
hat	O
er	O
dann	O
Dich	O
geheiratet	O
?	O
Du	O
hattest	O
es	O
gar	O
so	O
eilig	O
	O
unter	RAUMMETAPHER
die	RAUMMETAPHER
Haube	RAUMMETAPHER
zu	RAUMMETAPHER
kommen	RAUMMETAPHER
.	O
Weißt	O
Du	O
übrigens	O
	O
daß	O
Kurt	O
Platow	O
nun	O
doch	O
die	O
Comtesse	O
Gardewitz	O
heiraten	O
wird	O
?	O
Ich	O
wüßte	O
nichts	O
	O
was	O
mir	O
gleichgültiger	O
wäre	O
.	O
Hast	O
recht	O
	O
Schatz	O
!	O
Schwamm	RAUMMETAPHER
drüber	RAUMMETAPHER
!	O
Ganz	O
meine	O
Maxime	O
.	O
Wenn	O
mir	O
irgend	O
was	O
gegen	RAUMMETAPHER
den	RAUMMETAPHER
Strich	RAUMMETAPHER
gegangen	RAUMMETAPHER
ist	O
--	O
Schwamm	RAUMMETAPHER
drüber	RAUMMETAPHER
!	O
Das	O
konserviert	O
die	O
gute	O
Laune	O
.	O
Und	O
die	O
glänzenden	O
Augen	RAUMHINWEIS
und	O
die	O
rosigen	O
Backen	RAUMHINWEIS
.	O
Sieh	RELATIONALES VERB
mich	O
einmal	O
an	RELATIONALES VERB
!	O
Wahrhaftig	O
	O
ich	O
sehe	RELATIONALES VERB
zehn	O
Jahre	O
älter	O
aus	RELATIONALES VERB
als	O
Du	O
.	O
Sie	O
standen	RELATIONALES VERB
vor	RELATION
dem	O
hohen	RAUMBESCHREIBUNG
Stellspiegel	RAUMTHEMA
--	O
dem	O
einzigen	O
	O
einigermaßen	O
prunkhaften	O
Möbel	RAUMHINWEIS
in	RELATION
dem	O
sonst	O
bis	O
zur	O
Nüchternheit	O
bescheidenen	O
Gemach	ORT
--	O
und	O
betrachteten	RELATIONALES VERB
prüfend	O
ihre	O
Bilder	RAUMHINWEIS
:	O
Klotilde	O
ernst	O
	O
mit	O
einem	O
Fältchen	RAUMHINWEIS
zwischen	RELATION
den	O
dunklen	O
	O
scharf	O
gezeichneten	O
Brauen	RAUMHINWEIS
;	O
Adele	O
lachend	O
	O
daß	O
die	O
weißen	O
Zähne	RAUMHINWEIS
durch	RELATION
die	O
vollen	RAUMBESCHREIBUNG
	O
roten	O
Lippen	RAUMHINWEIS
blitzten	RELATIONALES VERB
.	O
Zehnmal	O
vornehmer	O
	O
ja	O
!	O
rief	RELATIONALES VERB
sie	O
.	O
Kunststück	O
!	O
Du	O
mit	O
Deiner	O
hohen	RAUMBESCHREIBUNG
	O
schlanken	RAUMBESCHREIBUNG
Gestalt	RAUMHINWEIS
!	O
Ich	O
glaube	O
	O
Du	O
bist	O
in	O
der	O
Ehe	O
noch	O
gewachsen	RELATIONALES VERB
!	O
Beinahe	O
einen	O
Kopf	RAUMHINWEIS
größer	RAUMBESCHREIBUNG
als	O
ich	O
!	O
Sag	O
	O
mal	O
	O
Schatz	O
!	O
Du	O
richtest	O
wohl	O
jetzt	O
noch	O
fürchterlichere	O
Verwüstungen	O
in	RELATION
der	O
Männerwelt	RAUMHINWEIS
an	O
	O
als	O
schon	O
damals	O
?	O
Du	O
bist	O
nicht	O
gescheit	O
!	O
sagte	O
Klotilde	O
	O
den	O
Arm	RAUMHINWEIS
	O
welchen	RAUMHINWEIS
die	O
andere	O
um	RELATION
ihre	O
schlanke	RAUMBESCHREIBUNG
Taille	RAUMHINWEIS
gelegt	RELATIONALES VERB
hatte	O
	O
zurückschiebend	RELATIONALES VERB
.	O
Ich	O
habe	O
es	O
nicht	O
bös	O
gemeint	O
.	O
Und	O
ich	O
es	O
Dir	O
nicht	O
übelgenommen	O
.	O
Komm	RELATIONALES VERB
!	O
Meine	O
Sachen	RAUMHINWEIS
liegen	RELATIONALES VERB
	O
glaube	O
ich	O
	O
in	RELATION
Deinem	O
Zimmer	ORT
.	O
Die	O
Damen	O
waren	O
nach	RELATION
Adelens	O
Zimmer	ORT
zurückgekehrt	RELATIONALES VERB
;	O
Adele	O
half	O
Klotilden	O
in	RELATION
den	O
Paletot	RAUMHINWEIS
.	O
Es	O
ist	O
kalt	O
draußen	RELATION
?	O
Für	O
den	O
ersten	O
Oktober	O
schauderhaft	O
.	O
Zieh	RELATIONALES VERB
	O
Dich	O
nur	O
heute	O
abend	O
warm	O
an	RELATIONALES VERB
!	O
Weißt	O
Du	O
	O
Klotilde	O
	O
ich	O
fürchte	O
mich	O
ordentlich	O
vor	O
heute	O
abend	O
.	O
Du	O
nicht	O
noch	O
zur	O
rechten	O
Zeit	O
gekommen	RELATIONALES VERB
wärest	O
	O
ich	O
glaube	O
	O
ich	O
hätte	O
noch	O
in	O
der	O
letzten	O
Stunde	O
abgesagt	O
.	O
Als	O
ob	O
es	O
die	O
erste	O
Gesellschaft	RAUMHINWEIS
wäre	O
	O
die	O
Du	O
mitmachst	RELATIONALES VERB
!	O
Aber	O
die	O
erste	O
in	RELATION
Berlin	ORT
!	O
Wo	RELATION
es	O
genau	O
so	O
ist	O
	O
wie	O
in	RELATION
Magdeburg	ORT
und	O
überall	ORT
:	O
Assessoren	O
	O
Regierungsräte	O
	O
Geheimräte	O
und	O
so	O
weiter	O
;	O
Lieutenants	O
	O
Hauptleute	O
	O
Obristen	O
und	O
so	O
weiter	O
--	O
immer	O
dieselben	O
stereotypen	O
Gesichter	O
;	O
immer	O
dieselben	O
stereotypen	O
Redensarten	O
.	O
Es	O
ist	O
zum	O
Verrücktwerden	O
.	O
Was	O
machst	O
Du	O
so	O
ein	O
kleines	RAUMBESCHREIBUNG
	O
dümmliches	O
Gesicht	RAUMHINWEIS
?	O
Daß	O
ich	O
Dich	O
so	O
reden	O
höre	RELATIONALES VERB
!	O
Und	O
ich	O
denke	O
	O
Du	O
schwimmst	RAUMMETAPHER
hier	RAUMMETAPHER
in	RAUMMETAPHER
Glück	RAUMMETAPHER
!	O
Um	RELATION
Klotildens	O
feine	RAUMBESCHREIBUNG
Lippen	RAUMHINWEIS
zuckte	RELATIONALES VERB
ein	O
bittres	O
Lächeln	O
.	O
Sei	O
Du	O
erst	O
vier	O
Jahre	O
verheiratet	O
	O
sagte	O
sie	O
	O
Adelens	O
volle	RAUMBESCHREIBUNG
Wange	RAUMHINWEIS
leicht	O
berührend	RELATIONALES VERB
	O
dann	O
wollen	O
wir	O
uns	O
wieder	O
sprechen	O
.	O
Und	O
wenn	O
wir	O
hundert	O
Jahre	O
verheiratet	O
wären	O
	O
würden	O
wir	O
höchstens	O
noch	O
hundertmal	O
glücklicher	O
sein	O
;	O
bloß	O
daß	O
es	O
nicht	O
möglich	O
ist	O
.	O
Ja	O
	O
Du	O
und	O
Dein	O
Elimar	O
!	O
Du	O
meinst	O
	O
wir	O
könnten	O
nicht	O
die	O
Ansprüche	O
machen	O
?	O
Das	O
habe	O
ich	O
weder	O
gesagt	O
	O
noch	O
gedacht	O
.	O
Es	O
wäre	O
auch	O
sehr	O
dumm	O
	O
wenn	O
ich	O
es	O
gedacht	O
hätte	O
.	O
Ich	O
wüßte	O
nicht	O
	O
welche	O
Ansprüche	O
ich	O
vor	O
Dir	O
voraus	O
geltend	O
machen	O
könnte	O
	O
oder	O
Viktor	O
vor	O
Deinem	O
Manne	O
;	O
besonders	O
jetzt	O
	O
wo	O
er	O
in	RELATION
das	O
Kriegsministerium	RAUMTHEMA
berufen	RELATIONALES VERB
ist	O
und	O
zweifellos	O
eine	O
glänzende	O
Carriere	O
machen	O
wird	O
.	O
Die	O
Damen	O
standen	RELATIONALES VERB
in	RELATION
der	O
geöffneten	RAUMTHEMA
Thür	RAUMTHEMA
	O
Klotilde	O
bereits	O
halb	O
auf	RELATION
dem	O
schmalen	RAUMBESCHREIBUNG
	O
dunklen	O
Flur	ORT
.	O
Aber	O
sie	O
machte	O
keine	O
Anstalt	O
zum	O
Gehen	RELATIONALES VERB
	O
sondern	O
blieb	RELATIONALES VERB
unbeweglich	O
	O
nachdenklich	O
vor	RELATION
sich	RAUMHINWEIS
nieder	RELATION
blickend	RELATIONALES VERB
.	O
In	RELATION
Adelens	O
Herzen	RAUMHINWEIS
regte	RELATIONALES VERB
sich	O
eine	O
peinliche	O
Empfindung	O
.	O
Sie	O
hatte	O
nie	O
anders	O
geglaubt	O
	O
als	O
daß	O
ihre	O
Cousine	O
in	O
der	O
glücklichsten	O
Ehe	O
lebte	RELATIONALES VERB
.	O
Aber	O
ihre	O
letzten	O
Worte	O
klangen	O
nicht	O
danach	O
;	O
ihre	O
düstre	O
Miene	O
war	O
nicht	O
danach	O
--	O
schon	O
während	O
des	O
ganzen	O
Besuches	RAUMTHEMA
und	O
nun	O
eben	O
jetzt	O
!	O
Nicht	O
	O
als	O
ob	O
wir	O
	O
Elimar	O
und	O
ich	O
	O
immer	O
d'accord	O
wären	O
	O
sagte	O
sie	O
gutmütig	O
schnell	O
.	O
Gar	O
nicht	O
!	O
Wir	O
zanken	O
uns	O
oft	O
ganz	O
fürchterlich	O
.	O
Das	O
ist	O
in	O
der	O
Ehe	O
mal	O
so	O
.	O
Nicht	O
WAHR	O
?	O
Je	O
nachdem	O
	O
erwiderte	O
Klotilde	O
mit	O
demselben	O
starren	O
	O
nachdenklichen	O
Blick	RAUMHINWEIS
.	O
Viktor	O
und	O
ich	O
zanken	O
uns	O
nie	O
.	O
Na	O
	O
da	O
siehst	RELATIONALES VERB
Du	O
es	O
!	O
rief	RELATIONALES VERB
Adele	O
triumphierend	O
.	O
Aus	O
einem	O
sehr	O
triftigen	O
Grunde	O
	O
fuhr	O
Klotilde	O
fort	O
	O
die	O
Augen	RAUMHINWEIS
langsam	O
erhebend	RELATIONALES VERB
	O
aber	O
an	RELATION
Adele	RAUMHINWEIS
vorüber	RELATION
in	RELATION
das	O
Zimmer	ORT
sehend	RELATIONALES VERB
:	O
er	RAUMMETAPHER
geht	RAUMMETAPHER
seinen	RAUMMETAPHER
Weg	RAUMMETAPHER
;	O
ich	O
gehe	RAUMMETAPHER
den	RAUMMETAPHER
meinen	RAUMMETAPHER
.	O
Da	O
ist	O
denn	O
dafür	O
gesorgt	O
	O
daß	O
wir	O
nicht	O
karambolieren	RELATIONALES VERB
.	O
Das	O
ist	O
doch	O
nicht	O
Dein	O
Ernst	O
	O
sagte	O
Adele	O
ganz	O
verblüfft	O
.	O
Weshalb	O
nicht	O
?	O
erwiderte	O
Klotilde	O
.	O
Du	O
glaubst	O
gar	O
nicht	O
	O
wie	O
gut	O
es	O
sich	O
lebt	RELATIONALES VERB
	O
wenn	O
jeder	O
seine	O
Interessen	O
verfolgt	O
.	O
Was	O
ja	O
nicht	O
ausschließt	O
	O
daß	O
die	O
Interessen	O
gelegentlich	O
zusammenfallen	O
.	O
Im	O
Gegenteil	O
!	O
Ich	O
habe	O
zum	O
Beispiel	O
ein	O
großes	O
Interesse	O
daran	O
	O
daß	O
Viktor	O
in	O
seiner	O
Carriere	O
schnell	O
vorwärts	RAUMMETAPHER
kommt	RAUMMETAPHER
	O
und	O
helfe	O
ihm	O
dabei	O
	O
wo	RELATION
und	O
wie	O
ich	O
kann	O
.	O
Aber	O
was	O
kann	O
man	O
dabei	O
groß	O
helfen	O
?	O
fragte	O
Adele	O
verwundert	O
.	O
Klotilde	O
wurde	O
die	O
Antwort	O
erspart	O
.	O
In	RELATION
der	O
Flurthür	RAUMTHEMA
wurde	O
ein	O
Schlüssel	RAUMTHEMA
gedreht	RELATIONALES VERB
;	O
eine	O
hohe	RAUMBESCHREIBUNG
männliche	O
Gestalt	RAUMHINWEIS
trat	RELATIONALES VERB
schnell	O
herein	RELATION
und	O
kam	RELATIONALES VERB
mit	O
langen	RAUMBESCHREIBUNG
Schritten	RAUMHINWEIS
auf	RELATION
die	O
Damen	RAUMHINWEIS
zu	RELATION
.	O
Elimar	O
!	O
rief	RELATIONALES VERB
Adele	O
	O
ihrem	O
Gatten	RAUMHINWEIS
entgegenlaufend	RELATIONALES VERB
.	O
Rate	O
	O
wer	O
mich	O
besucht	RELATIONALES VERB
!	O
Da	O
ist	O
nicht	O
groß	O
zu	O
raten	O
	O
Närrchen	O
;	O
erwiderte	O
Elimar	O
	O
an	RELATION
Klotilden	RAUMHINWEIS
herantretend	RELATIONALES VERB
und	O
die	O
Hand	RAUMHINWEIS
	O
die	RAUMHINWEIS
sie	O
ihm	RAUMHINWEIS
reichte	RELATIONALES VERB
	O
küssend	RELATIONALES VERB
.	O
Aber	O
lieb	O
	O
sehr	O
lieb	O
ist	O
es	O
von	O
Ihnen	O
	O
daß	O
Sie	O
so	O
schnell	O
gekommen	RELATIONALES VERB
sind	O
	O
sich	O
meiner	O
Kleinen	O
in	O
ihren	O
tausend	O
Nöten	O
anzunehmen	O
.	O
Wollen	O
wir	O
nicht	O
in	RELATION
das	O
Zimmer	ORT
treten	RELATIONALES VERB
?	O
Die	O
wichtigen	O
Dinge	O
	O
welche	O
die	O
Damen	O
zwischen	RELATION
Thür	RAUMTHEMA
und	O
Angel	RAUMHINWEIS
zu	O
erledigen	O
pflegen	O
	O
müßten	O
da	O
freilich	O
vertagt	O
werden	O
.	O
Nur	O
einen	O
Augenblick	O
	O
sagte	O
Klotilde	O
;	O
nur	O
um	O
mich	O
zu	O
überzeugen	O
	O
ob	O
es	O
WAHR	O
ist	O
	O
daß	O
der	O
Mensch	O
mit	O
seinen	O
größern	O
Zwecken	O
wächst	RELATIONALES VERB
.	O
Das	O
sollte	O
mir	O
bei	O
meinen	O
sechs	RAUMHINWEIS
Fuß	RAUMHINWEIS
und	O
darüber	RELATION
doch	O
schwer	O
werden	O
	O
erwiderte	O
der	O
Hauptmann	O
lächelnd	O
.	O
Aber	O
Klotilde	O
ist	O
noch	O
gewachsen	RELATIONALES VERB
	O
rief	RELATIONALES VERB
Adele	O
.	O
Jetzt	O
sehe	RELATIONALES VERB
ich	O
es	O
erst	O
recht	O
	O
wo	RELATION
Ihr	O
nebeneinander	RELATION
steht	RELATIONALES VERB
.	O
Findest	O
Du	O
nicht	O
auch	O
?	O
Ich	O
finde	O
Deine	O
Cousine	O
nur	O
so	O
schön	O
und	O
schlank	RAUMBESCHREIBUNG
und	O
elegant	O
wie	O
immer	O
	O
seitdem	O
ich	O
das	O
Glück	O
habe	O
	O
sie	O
zu	O
kennen	O
.	O
Mit	O
welchem	O
Kompliment	O
ich	O
mich	O
denn	O
ganz	O
gehorsamst	O
verabschieden	RELATIONALES VERB
will	O
	O
sagte	O
Klotilde	O
	O
sich	O
ironisch	O
tief	RAUMBESCHREIBUNG
verbeugend	RELATIONALES VERB
.	O
Also	O
	O
adieu	O
	O
Schatz	O
	O
bis	O
heute	O
abend	O
!	O
Au	O
revoir	O
	O
Herr	O
Hauptmann	O
!	O
Und	O
	O
wenn	O
ich	O
Ihnen	O
raten	O
darf	O
	O
gehen	RELATIONALES VERB
Sie	O
heute	O
abend	O
mit	O
Ihren	O
Galanterien	O
etwas	O
sparsamer	O
um	O
:	O
die	O
Konkurrenz	O
ist	O
zu	O
groß	O
.	O
Wenn	O
alle	O
Damen	O
mir	O
durch	O
ihre	O
Liebenswürdigkeit	O
die	O
Galanterie	O
so	O
leicht	O
machten	O
!	O
Adele	O
	O
Dein	O
Mann	O
ist	O
positiv	O
gemeingefährlich	O
.	O
Du	O
mußt	O
ihn	O
kürzer	RAUMMETAPHER
in	RAUMMETAPHER
den	RAUMMETAPHER
Zügel	RAUMMETAPHER
nehmen	RAUMMETAPHER
!	O
Ist	O
schlechterdings	O
unmöglich	O
	O
gnädige	O
Frau	O
.	O
So	O
sagt	O
Ihr	O
Männer	O
stets	O
.	O
Übrigens	O
das	O
	O
gnädige	O
Frau	O
``	O
darf	O
ich	O
mir	O
wohl	O
verbitten	O
.	O
Ich	O
denke	O
	O
wir	O
nennen	O
uns	O
einfach	O
bei	O
unsern	O
Vornamen	O
	O
wenn	O
wir	O
unter	RELATION
uns	RAUMHINWEIS
	O
und	O
meinetwegen	O
:	O
lieber	O
Cousin	O
und	O
liebe	O
Cousine	O
	O
wenn	O
wir	O
unter	RELATION
Leuten	RAUMHINWEIS
sind	O
.	O
Seien	O
Sie	O
versichert	O
	O
daß	O
ich	O
diese	O
Erlaubnis	O
wie	O
einen	O
höchsten	O
Orden	RAUMHINWEIS
tragen	RELATIONALES VERB
werde	O
.	O
Nun	O
mach	O
aber	O
	O
daß	O
Du	O
fortkommst	RELATIONALES VERB
!	O
rief	RELATIONALES VERB
Adele	O
	O
Du	O
verdrehst	RAUMMETAPHER
mir	RAUMMETAPHER
ihm	RAUMMETAPHER
ja	RAUMMETAPHER
völlig	RAUMMETAPHER
den	RAUMMETAPHER
Kopf	RAUMMETAPHER
.	O
Aber	O
Schatz	O
	O
von	O
Zeit	O
zu	O
Zeit	O
einem	O
Manne	O
den	O
Kopf	RAUMMETAPHER
zu	RAUMMETAPHER
verdrehen	RAUMMETAPHER
	O
das	O
ist	O
doch	O
noch	O
der	O
einzige	O
Spaß	O
	O
den	O
wir	O
im	O
Leben	O
haben	O
.	O
Sie	O
war	O
zur	RELATION
Flurthür	RAUMTHEMA
hinausgeschlüpft	RELATIONALES VERB
	O
Adele	O
hatte	O
sich	O
in	RELATION
den	O
Arm	RAUMHINWEIS
ihres	O
Gatten	O
gehängt	RELATIONALES VERB
	O
während	O
sie	O
über	RELATION
den	O
dunklen	O
Korridor	ORT
nach	RELATION
dem	O
Wohnzimmer	ORT
gingen	RELATIONALES VERB
.	O
Sie	O
meint	O
es	O
gewiß	O
nicht	O
so	O
	O
sagte	O
Adele	O
	O
den	O
untergefaßten	RELATIONALES VERB
Arm	RAUMHINWEIS
zärtlich	O
drückend	RELATIONALES VERB
.	O
Ich	O
weiß	O
nicht	O
	O
erwiderte	O
Elimar	O
;	O
ihre	O
Augen	RAUMHINWEIS
schienen	O
mir	O
das	O
Programm	O
zu	O
bestätigen	O
.	O
Ja	O
	O
was	O
ist	O
das	O
nur	O
mit	O
ihren	O
Augen	RAUMHINWEIS
?	O
rief	RELATIONALES VERB
Adele	O
.	O
Es	O
ist	O
mir	O
auch	O
aufgefallen	O
.	O
Die	O
sind	O
gar	O
nicht	O
mehr	O
wie	O
vor	O
vier	O
Jahren	O
.	O
Hast	O
Du	O
nicht	O
auch	O
die	O
Empfindung	O
	O
daß	O
sie	O
in	O
ihrer	O
Ehe	O
nicht	O
glücklich	O
ist	O
?	O
Möglich	O
wäre	O
es	O
schon	O
.	O
In	O
der	O
Ehe	O
	O
wie	O
überall	ORT
	O
stoßen	RELATIONALES VERB
gleichnamige	O
Pole	RAUMHINWEIS
einander	RELATION
ab	RELATIONALES VERB
.	O
Was	O
heißt	O
das	O
:	O
gleichnamige	O
Pole	RAUMHINWEIS
?	O
Das	O
heißt	O
erstens	O
	O
daß	O
Du	O
mein	O
höchst	O
ungleichnamiger	O
Pol	RAUMHINWEIS
bist	O
;	O
und	O
zweitens	O
	O
daß	O
ich	O
in	O
Ohnmacht	O
falle	O
	O
wenn	O
nicht	O
in	O
fünf	O
Minuten	O
die	O
Suppe	RAUMHINWEIS
auf	RELATION
dem	O
Tisch	RAUMHINWEIS
steht	RELATIONALES VERB
.	O
Mit	O
Dir	O
ist	O
doch	O
kein	O
vernünftiges	O
Wort	O
zu	O
sprechen	O
	O
Du	O
Ungeheuer	O
!	O
Wenn	O
ich	O
nur	O
wüßte	O
	O
weshalb	O
ich	O
Schaf	O
das	O
Ungeheuer	O
so	O
lieb	O
habe	O
!	O
Sie	O
hatte	O
	O
sich	O
auf	RELATION
die	O
Zehen	RAUMHINWEIS
stellend	RELATIONALES VERB
	O
Elimar	O
ein	O
paar	O
herzhafte	O
Küsse	O
auf	RELATION
die	O
Lippen	RAUMHINWEIS
gedrückt	RELATIONALES VERB
und	O
war	O
zu	RELATION
Thür	RAUMTHEMA
hinaus	RELATION
.	O
Elimar	O
war	O
aus	RELATION
dem	O
Wohnzimmer	ORT
in	RELATION
sein	O
kleines	RAUMBESCHREIBUNG
Arbeitskabinett	ORT
nebenan	RELATION
getreten	RELATIONALES VERB
	O
legte	RELATIONALES VERB
die	O
Mütze	RAUMHINWEIS
und	O
eine	O
dünne	RAUMBESCHREIBUNG
schwarze	O
Mappe	RAUMHINWEIS
	O
die	RAUMHINWEIS
er	O
noch	O
immer	O
unter	RELATION
dem	O
linken	RELATION
Arme	RAUMHINWEIS
geklemmt	RELATIONALES VERB
hielt	RELATIONALES VERB
	O
auf	RELATION
den	O
Tisch	RAUMHINWEIS
	O
schnallte	RELATIONALES VERB
seinen	O
Säbel	RAUMHINWEIS
ab	RELATIONALES VERB
	O
den	O
er	O
in	RELATION
die	O
Ecke	ORT
stellte	RELATIONALES VERB
	O
und	O
begann	O
	O
langsam	O
die	O
Handschuhe	RAUMHINWEIS
ausziehend	RELATIONALES VERB
	O
nachdenklich	O
auf	RELATION
und	O
ab	RELATION
zu	O
gehen	RELATIONALES VERB
.	O
Ja	O
	O
ich	O
habe	O
sie	O
sehr	O
geliebt	O
	O
das	O
schöne	O
	O
schlanke	RAUMBESCHREIBUNG
	O
braunäugige	O
Mädchen	O
.	O
Und	O
sie	O
hat	O
es	O
gewußt	O
!	O
Wann	O
wüßte	O
ein	O
Mädchen	O
das	O
nicht	O
!	O
Aber	O
damals	O
spielte	O
die	O
Geschichte	O
mit	O
Baron	O
Platow	O
	O
der	O
dann	O
abschnappte	O
.	O
Und	O
dann	O
heiratet	O
man	O
Hals	RAUMMETAPHER
über	RAUMMETAPHER
Kopf	RAUMMETAPHER
den	O
ersten	O
Besten	O
	O
der	O
einem	O
in	RELATION
den	O
Weg	ORT
läuft	RELATIONALES VERB
und	O
macht	O
sich	O
Zeit	O
seines	O
Lebens	O
unglücklich	O
.	O
--	O
Pah	O
!	O
Er	O
warf	RELATIONALES VERB
die	O
ausgezogenen	RELATIONALES VERB
Handschuhe	RAUMHINWEIS
in	RELATION
die	O
Mütze	RAUMHINWEIS
.	O
Unglücklich	O
!	O
Wer	O
ist	O
denn	O
glücklich	O
?	O
Wer	O
zu	O
resignieren	O
gelernt	O
hat	O
.	O
Niemand	O
sonst	O
!	O
Elimar	O
!	O
rief	RELATIONALES VERB
Adelens	O
helle	O
Stimme	O
aus	RELATION
dem	O
Speisezimmerchen	ORT
neben	RELATION
der	O
Wohnstube	ORT
.	O
Ich	O
komme	RELATIONALES VERB
	O
Kind	O
!	O
rief	RELATIONALES VERB
Elimar	O
zurück	O
.	O
Zweites	O
Kapitel	O
Klotilde	O
schritt	RELATIONALES VERB
die	O
Mauerstraße	ORT
	O
in	RELATION
welcher	ORT
die	O
Wohnung	ORT
der	O
Meerheims	O
lag	RELATIONALES VERB
	O
nach	O
der	O
Leipziger	ORT
Straße	ORT
zu	RELATION
.	O
In	RELATION
dem	O
Putzladen	ORT
an	RELATION
der	O
Ecke	ORT
hatte	O
sie	O
nach	O
einem	O
Fächer	O
zu	O
fragen	O
	O
der	O
repariert	O
werden	O
sollte	O
.	O
Der	O
Fächer	O
war	O
noch	O
nicht	O
fertig	O
.	O
Während	O
sie	O
vor	RELATION
dem	O
Ladentische	RAUMHINWEIS
wartend	RELATIONALES VERB
saß	RELATIONALES VERB
und	O
eine	O
der	O
Verkäuferinnen	O
die	O
gnädige	O
Frau	O
zu	O
unterhalten	O
sich	O
bemühte	O
	O
dachte	O
sie	O
an	O
Adelens	O
Kleid	O
für	O
heute	O
abend	O
.	O
Sie	O
hätte	O
ihr	O
doch	O
eigentlich	O
sagen	O
sollen	O
	O
daß	O
das	O
Kleid	O
für	O
die	O
große	RAUMBESCHREIBUNG
Gesellschaft	RAUMHINWEIS
unmöglich	O
war	O
.	O
Sie	O
wird	O
darum	O
doch	O
riesig	O
gefallen	O
.	O
Ich	O
kenne	O
das	O
.	O
Eine	O
neue	O
Erscheinung	RAUMTHEMA
--	O
danach	O
schnappen	RELATIONALES VERB
sie	O
alle	O
.	O
Und	O
die	O
lachenden	O
Augen	RAUMHINWEIS
	O
die	O
weißen	O
Zähne	RAUMHINWEIS
	O
die	O
frischen	O
	O
roten	O
Lippen	RAUMHINWEIS
--	O
Furore	O
wird	O
sie	O
machen	O
.	O
Daß	O
in	RELATION
dem	O
kleinen	RAUMBESCHREIBUNG
	O
hohlen	RAUMBESCHREIBUNG
Schädel	RAUMHINWEIS
auch	O
nicht	O
ein	O
einziger	O
Gedanke	O
steckt	RELATIONALES VERB
--	O
was	O
thut	O
denn	O
das	O
?	O
Wer	O
fragt	O
danach	O
?	O
Der	O
Fächer	RAUMHINWEIS
wurde	O
gebracht	RELATIONALES VERB
.	O
Klotilde	O
griff	RELATIONALES VERB
nach	O
dem	O
Portemonnaie	RAUMHINWEIS
.	O
Aber	O
gnädige	O
Frau	O
	O
lassen	O
Sie	O
doch	O
!	O
sagte	O
die	O
Verkäuferin	O
.	O
Wir	O
schreiben	O
es	O
zu	RELATION
dem	O
übrigen	O
.	O
Wie	O
Sie	O
wollen	O
.	O
Der	O
Pferdebahnwagen	RAUMTHEMA
nach	RELATION
dem	O
Lützowplatz	ORT
kam	RELATIONALES VERB
nicht	O
gleich	O
.	O
An	RELATION
der	O
Ecke	ORT
standen	RELATIONALES VERB
nur	O
Droschken	RAUMTHEMA
zweiter	O
Klasse	O
	O
die	O
sie	O
grundsätzlich	O
nicht	O
benutzte	O
.	O
So	O
fing	O
sie	O
an	O
	O
die	O
Leipziger	ORT
Straße	ORT
hinabzugehen	RELATIONALES VERB
	O
die	O
im	RELATION
Laden	ORT
angesponnene	O
Gedankenkette	O
weiter	O
spinnend	O
.	O
Wie	O
er	O
sie	O
nur	O
hat	O
heiraten	O
können	O
!	O
Ein	O
so	O
geistvoller	O
Mensch	O
!	O
Darüber	O
ist	O
doch	O
nur	O
eine	O
Stimme	O
.	O
Sie	O
hätten	O
ihn	O
auch	O
sicher	O
sonst	O
nicht	O
in	RELATION
das	O
Kriegsministerium	RAUMTHEMA
genommen	RELATIONALES VERB
!	O
Und	O
dieses	O
Gänschen	O
!	O
Diese	O
richtige	O
Gans	O
!	O
Ihre	O
paar	O
Groschen	O
können	O
es	O
auch	O
nicht	O
gewesen	O
sein	O
--	O
die	O
hätte	O
er	O
bei	RELATION
mir	RAUMHINWEIS
ebenfalls	O
gehabt	O
.	O
Und	O
was	O
kann	O
ihm	O
der	O
Schwiegerpapa-Oberst	O
a.D.	O
für	O
seine	O
Carriere	O
nützen	O
?	O
Also	O
das	O
hübsche	O
Mäskchen	O
und	O
die	O
Langweile	O
--	O
die	O
grauenhafte	O
Magdeburger	RAUMBESCHREIBUNG
Langeweile	O
!	O
Ein	O
bißchen	O
amüsanter	O
ist	O
es	O
hier	ORT
doch	O
.	O
Doch	O
wenigstens	O
die	O
Möglichkeit	O
einer	O
interessanten	O
Begegnung	RAUMTHEMA
	O
eines	O
pikanten	O
Zufalls	O
.	O
Klotilde	O
war	O
bis	RELATION
zur	RELATION
nächsten	O
Haltestelle	ORT
	O
gekommen	RELATIONALES VERB
	O
gerade	O
als	O
der	O
erwartete	O
Wagen	RAUMTHEMA
sie	O
einholte	RELATIONALES VERB
.	O
Sie	O
stieg	RELATIONALES VERB
ein	RELATIONALES VERB
.	O
Der	O
Wagen	RAUMTHEMA
war	O
nur	O
mäßig	O
besetzt	RELATIONALES VERB
	O
was	O
sie	O
durchaus	O
in	O
der	O
Ordnung	RAUMTHEMA
fand	O
:	O
ein	O
sehr	O
gefüllter	RELATIONALES VERB
erschien	O
ihr	O
stets	O
als	O
eine	O
persönliche	O
Beleidigung	O
.	O
Wer	O
mag	O
denn	O
mit	O
Krethi	O
und	O
Plethi	O
in	RELATION
dem	O
engen	RAUMBESCHREIBUNG
Kasten	RAUMHINWEIS
eingepfercht	RELATIONALES VERB
sein	O
!	O
Nichtsdestoweniger	O
musterten	RELATIONALES VERB
ihre	O
scharfen	O
Augen	RAUMHINWEIS
gewohnheitsmäßig	O
die	O
Insassen	RAUMHINWEIS
und	O
blieben	RELATIONALES VERB
auf	RELATION
einem	O
Herrn	RAUMHINWEIS
in	RELATION
der	O
entferntesten	RAUMBESCHREIBUNG
Ecke	ORT
der	O
gegenüberstehenden	RELATIONALES VERB
Bank	RAUMHINWEIS
haften	RELATIONALES VERB
.	O
Das	O
war	O
ja	O
so	O
etwas	O
von	O
einem	O
pikanten	O
Zufall	O
!	O
Wenigstens	O
begegnete	RELATIONALES VERB
einem	O
ein	O
so	O
hübscher	O
Mann	O
nicht	O
alle	O
Tage	O
.	O
Man	O
hätte	O
ihn	O
vielleicht	O
sogar	O
schön	O
nennen	O
können	O
	O
mit	O
seiner	O
geraden	RAUMBESCHREIBUNG
Nase	RAUMHINWEIS
und	O
dem	O
offenbar	O
sorgfältig	O
gepflegten	O
	O
rötlichen	O
Vollbart	RAUMHINWEIS
.	O
Ein	O
Offizier	O
in	O
Civil	O
?	O
Möglich	O
!	O
Nur	O
daß	O
der	O
Anzug	RAUMHINWEIS
dafür	O
vielleicht	O
zu	O
elegant	O
war	O
und	O
vor	O
allem	O
zu	O
gut	O
saß	RELATIONALES VERB
.	O
Auch	O
pflegen	O
Offiziere	O
unterwegs	RAUMTHEMA
nicht	O
in	RELATION
einem	O
Buche	RAUMHINWEIS
zu	O
lesen	O
.	O
Wenn	O
er	O
doch	O
mit	O
dem	O
dummen	O
Lesen	O
aufhören	O
wollte	O
	O
daß	O
man	O
wenigstens	O
seine	O
Augen	RAUMHINWEIS
sehen	RELATIONALES VERB
könnte	O
!	O
In	O
dem	O
Momente	O
senkte	RELATIONALES VERB
der	O
Herr	O
das	O
zusammengeklappte	RELATIONALES VERB
Buch	RAUMHINWEIS
zwischen	RELATION
den	O
behandschuhten	RELATIONALES VERB
Händen	RAUMHINWEIS
auf	RELATION
die	O
Kniee	RAUMHINWEIS
;	O
steckte	RELATIONALES VERB
es	O
dann	O
in	RELATION
die	O
Seitentasche	RAUMHINWEIS
seines	O
Paletots	RAUMHINWEIS
;	O
ließ	O
seine	O
Blicke	RAUMHINWEIS
durch	RELATION
den	O
Wagen	RAUMTHEMA
schweifen	RELATIONALES VERB
und	O
sah	RELATIONALES VERB
mit	O
der	O
Miene	O
eines	O
	O
der	O
sich	O
tödlich	O
langweilt	O
	O
seitwärts	RELATION
zum	RELATION
Wagenfenster	RAUMTHEMA
hinaus	RELATION
auf	RELATION
die	O
Straße	ORT
.	O
Klotilde	O
war	O
empört	O
.	O
Sie	O
hatte	O
	O
als	O
der	O
Herr	O
sie	O
erhob	RELATIONALES VERB
	O
seine	O
Augen	RAUMHINWEIS
sehr	O
deutlich	O
gesehen	RELATIONALES VERB
:	O
ganz	O
ungewöhnlich	O
große	RAUMBESCHREIBUNG
	O
ausdrucksvolle	O
	O
blaue	O
Augen	RAUMHINWEIS
;	O
und	O
förmlich	O
körperlich	O
gefühlt	O
	O
daß	O
diese	O
Augen	RAUMHINWEIS
	O
im	RELATION
Vorüberstreifen	RELATIONALES VERB
des	O
Blicks	RAUMHINWEIS
	O
ein	O
paar	O
Sekunden	O
auf	RELATION
ihr	RAUMHINWEIS
geruht	RELATIONALES VERB
hatten	O
.	O
Und	O
konnten	O
jetzt	O
durch	RELATION
das	O
Fenster	RAUMTHEMA
nach	RELATION
der	O
wimmelnden	RELATIONALES VERB
Menge	RAUMHINWEIS
auf	RELATION
dem	O
Trottoir	RAUMHINWEIS
starren	RELATIONALES VERB
	O
als	O
ob	O
es	O
hier	ORT
im	RELATION
Wagen	RAUMTHEMA
schlechterdings	O
nichts	O
zu	O
sehen	RELATIONALES VERB
gäbe	O
!	O
Ich	O
habe	O
mich	O
geirrt	O
	O
sagte	O
sie	O
bei	RELATION
sich	RAUMHINWEIS
;	O
er	O
gehört	O
nicht	O
zur	RELATION
Gesellschaft	RAUMHINWEIS
.	O
Während	O
der	O
Wagen	RAUMTHEMA
in	O
vollem	O
Fahren	RELATIONALES VERB
war	O
	O
hatte	O
sich	O
ein	O
Herr	O
auf	RELATION
den	O
Hinterperron	RAUMHINWEIS
geschwungen	RELATIONALES VERB
	O
einen	O
Blick	RAUMHINWEIS
in	RELATION
den	O
Wagen	RAUMTHEMA
geworfen	RELATIONALES VERB
	O
mit	O
freudig	O
erregter	O
Miene	O
vor	RELATION
Klotilde	RAUMHINWEIS
tief	RAUMBESCHREIBUNG
den	O
Hut	RAUMHINWEIS
gezogen	RELATIONALES VERB
und	O
stand	RELATIONALES VERB
jetzt	O
	O
die	O
Thür	RAUMTHEMA
eilig	O
aufschiebend	RELATIONALES VERB
	O
vor	RELATION
ihr	RAUMHINWEIS
	O
auf	RELATION
den	O
leeren	RAUMBESCHREIBUNG
Sitz	RAUMHINWEIS
neben	RELATION
ihr	RAUMHINWEIS
deutend	RELATIONALES VERB
.	O
Darf	O
ich	O
	O
gnädige	O
Frau	O
?	O
Aber	O
	O
lieber	O
Fernau	O
	O
was	O
könnte	O
mir	O
angenehmer	O
sein	O
?	O
Sie	O
sind	O
die	O
Güte	O
selbst	O
	O
rief	RELATIONALES VERB
der	O
junge	O
Mann	O
	O
Klotildens	O
dargebotene	RELATIONALES VERB
Hand	RAUMHINWEIS
feurig	O
drückend	RELATIONALES VERB
	O
während	O
er	O
ihr	O
zur	RELATION
Seite	RELATION
Platz	RAUMHINWEIS
nahm	RELATIONALES VERB
.	O
Seitdem	O
ich	O
weiß	O
	O
daß	O
gnädige	O
Frau	O
Pferdebahn	RAUMTHEMA
fahren	RELATIONALES VERB
	O
werde	O
ich	O
mich	O
nie	O
eines	O
andern	O
	O
als	O
dieses	O
mir	O
so	O
verhaßten	O
Vehikels	RAUMTHEMA
bedienen	O
.	O
Ja	O
	O
lieber	O
Freund	O
	O
wir	O
armen	O
Assessorenfrauen	O
--	O
Wer	O
denkt	O
an	O
arme	O
Assessorenfrauen	O
	O
wenn	O
er	O
Sie	RAUMHINWEIS
sieht	RELATIONALES VERB
!	O
Wer	O
kann	O
Sie	O
sich	O
anders	O
vorstellen	O
	O
als	O
in	RELATION
einem	O
goldnen	O
	O
von	O
Tauben	RAUMHINWEIS
gezogenen	RELATIONALES VERB
Wagen	RAUMTHEMA
!	O
Den	O
ich	O
mir	O
sofort	O
anschaffen	RELATIONALES VERB
werde	O
	O
sobald	O
ich	O
Ihnen	O
in	RELATION
einem	O
Muschelkahn	RAUMTHEMA
begegnet	RELATIONALES VERB
bin	O
	O
vor	RELATION
den	RAUMTHEMA
ein	O
Schwan	RAUMHINWEIS
gespannt	RELATIONALES VERB
ist	O
.	O
Gnädige	O
Frau	O
waren	O
gestern	O
im	RELATION
Lohengrin	RAUMHINWEIS
?	O
Ich	O
habe	O
mit	O
Bedauern	O
bemerkt	O
	O
daß	O
Sie	O
fehlten	RELATIONALES VERB
.	O
Sehr	O
gütig	O
!	O
Aber	O
	O
offen	O
gestanden	O
	O
seit	O
ich	O
im	O
Sommer	O
in	RELATION
Baireuth	ORT
die	O
Musteraufführung	RAUMHINWEIS
gesehen	RELATIONALES VERB
habe	O
	O
kann	O
ich	O
mich	O
nicht	O
entschließen	O
	O
mir	O
den	O
kolossalen	O
Eindruck	O
durch	O
unsern	O
landläufigen	O
Schlendrian	O
hier	ORT
zu	O
verleiden	O
.	O
Aber	O
ein	O
Schwanenritter	O
im	RELATION
seidenen	O
Wams	RAUMHINWEIS
	O
das	O
denke	O
ich	O
mir	O
schrecklich	O
.	O
Ich	O
versichere	O
	O
gnädige	O
Frau	O
--	O
das	O
heißt	O
:	O
ich	O
war	O
auch	O
stupéfait	O
;	O
aber	O
nur	O
im	O
ersten	O
Augenblick	O
.	O
Dann	O
ging	O
mir	O
sofort	O
das	O
rechte	O
Licht	O
auf	O
.	O
Und	O
nun	O
gar	O
Sie	O
	O
mit	O
Ihrer	O
für	O
alles	O
Großartige	O
so	O
empfänglichen	O
Seele	O
--	O
Sie	O
würden	O
entzückt	O
sein	O
.	O
Klotilde	O
hatte	O
das	O
leise	O
Gespräch	O
mit	O
ihrem	O
Bewunderer	O
eifriger	O
geführt	O
	O
als	O
sie	O
es	O
sonst	O
vielleicht	O
gethan	O
hätte	O
;	O
aber	O
ihre	O
Absicht	O
	O
die	O
Aufmerksamkeit	O
des	O
Herrn	O
da	ORT
drüben	RELATION
zu	O
erwecken	O
	O
erreichte	O
sie	O
nicht	O
:	O
er	O
blickte	RELATIONALES VERB
jetzt	O
zwar	O
nicht	O
mehr	O
zum	RELATION
Fenster	RAUMTHEMA
hinaus	RELATION
	O
aber	O
gerade	RELATION
vor	RELATION
sich	RAUMHINWEIS
nieder	RELATION
	O
nach	O
dem	O
ernsten	O
Ausdruck	O
seiner	O
Miene	O
in	O
wenig	O
erfreuliche	O
Gedanken	O
versunken	O
.	O
Kennen	O
Sie	O
den	O
Herrn	O
dort	ORT
?	O
fragte	O
Klotilde	O
	O
ihren	O
eifrigen	O
Begleiter	O
mitten	O
in	O
einem	O
angefangenen	O
Satze	O
unterbrechend	O
.	O
Welchen	O
Herrn	O
?	O
Klotilde	O
winkte	RELATIONALES VERB
mit	O
den	O
Augen	RAUMHINWEIS
nach	RELATION
dem	O
Nachdenklichen	RAUMHINWEIS
in	RELATION
der	O
Ecke	ORT
.	O
Legationsrat	O
von	O
Fernau	O
klemmte	RELATIONALES VERB
das	O
Lorgnon	RAUMHINWEIS
in	RELATION
das	O
Auge	RAUMHINWEIS
	O
blickte	RELATIONALES VERB
in	RELATION
die	O
von	O
der	O
Dame	O
angedeutete	O
Richtung	RELATION
und	O
erwiderte	O
:	O
Nein	O
.	O
Warum	O
?	O
Wofür	O
halten	O
Sie	O
den	O
Herrn	O
?	O
Das	O
Lorgnon	RAUMHINWEIS
	O
welches	O
bereits	O
fallen	RELATIONALES VERB
gelassen	RELATIONALES VERB
war	O
	O
mußte	O
abermals	O
seine	O
Dienste	O
thun	O
	O
diesmal	O
länger	O
als	O
das	O
erste	O
Mal	O
.	O
Nun	O
?	O
Für	O
einen	O
Plebejer	O
	O
der	O
sich	O
furchtbare	O
Mühe	O
giebt	O
	O
wie	O
ein	O
Gentleman	O
zu	O
erscheinen	RELATIONALES VERB
.	O
Der	O
pure	O
Brotneid	O
!	O
Aber	O
gnädige	O
Frau	O
	O
Sie	O
können	O
doch	O
unmöglich	O
anderer	O
Meinung	O
sein	O
!	O
Vielleicht	O
doch	O
!	O
Dann	O
werde	O
ich	O
mir	O
von	O
morgen	O
an	O
einen	O
Vollbart	RAUMHINWEIS
stehen	RELATIONALES VERB
lassen	RELATIONALES VERB
und	O
mir	O
Mühe	O
geben	O
	O
wie	O
ein	O
Schulmeister	O
auszusehen	RELATIONALES VERB
.	O
Und	O
das	O
wäre	O
kein	O
Brotneid	O
?	O
Ja	O
	O
bei	O
Gott	O
	O
er	O
ist	O
es	O
;	O
furchtbarer	O
Neid	O
auf	O
jeden	O
	O
der	O
nur	O
an	RELATION
den	O
Saum	RAUMHINWEIS
Ihres	O
Kleides	RAUMHINWEIS
rührt	RELATIONALES VERB
;	O
nur	O
in	RELATION
Ihre	O
Nähe	RELATION
kommt	RELATIONALES VERB
;	O
nur	O
--	O
Bitte	O
	O
halten	RELATIONALES VERB
!	O
sagte	O
Klotilde	O
zu	RELATION
dem	O
Schaffner	RAUMHINWEIS
	O
der	O
eben	O
gerade	O
durch	RELATION
den	O
Wagen	RAUMTHEMA
ging	RELATIONALES VERB
.	O
Gleich	O
	O
meine	O
Dame	O
	O
sagte	O
der	O
Schaffner	O
.	O
Klotilde	O
saß	RELATIONALES VERB
in	RELATION
ihre	O
Ecke	ORT
zurückgelehnt	RELATIONALES VERB
;	O
ihr	O
Gesicht	RAUMHINWEIS
war	O
lebhaft	O
gerötet	O
.	O
Fernau	O
erschrak	O
;	O
offenbar	O
war	O
er	O
zu	O
weit	O
gegangen	O
und	O
hatte	O
die	O
schöne	O
Frau	O
ernsthaft	O
beleidigt	O
.	O
Aber	O
das	O
war	O
es	O
nicht	O
.	O
Es	O
war	O
nur	O
	O
daß	O
gerade	O
in	O
dem	O
Moment	O
	O
als	O
der	O
junge	O
Mann	O
	O
soweit	O
es	O
die	O
Schicklichkeit	O
irgend	O
erlaubte	O
	O
sich	O
zu	RELATION
ihr	RAUMHINWEIS
hinabbeugend	RELATIONALES VERB
	O
leidenschaftlich	O
hastig	O
die	O
letzten	O
Worte	O
flüsterte	O
	O
der	O
Herr	O
drüben	RELATION
den	O
Kopf	RAUMHINWEIS
gewandt	RELATIONALES VERB
und	O
sie	O
	O
wie	O
ihr	O
schien	O
	O
scharf	O
ins	RELATION
Auge	RAUMHINWEIS
gefaßt	RELATIONALES VERB
hatte	O
.	O
Sie	O
sagte	O
sich	O
sofort	O
	O
daß	O
es	O
nur	O
zufällig	O
gewesen	O
sein	O
könne	O
;	O
überdies	O
hatte	O
sie	O
vom	O
ersten	O
Augenblick	O
etwas	O
der	O
Art	O
gewünscht	O
	O
die	O
kleine	O
Komödie	O
wesentlich	O
deshalb	O
gespielt	O
und	O
fühlte	O
sich	O
jetzt	O
beschämt	O
wie	O
ein	O
Schulmädchen	O
	O
das	O
der	O
Lehrer	O
an	RELATION
der	O
Straßenecke	ORT
im	O
têtê-à-tête	O
mit	O
dem	O
hübschen	O
Primaner	O
ertappt	RELATIONALES VERB
.	O
Sie	O
zürnen	O
mir	O
	O
gnädige	O
Frau	O
	O
sagte	O
der	O
junge	O
Mann	O
bedrückt	O
.	O
Ach	O
	O
lieber	O
Freund	O
	O
da	O
hätte	O
man	O
viel	O
zu	O
thun	O
	O
wenn	O
man	O
Euch	O
Kindern	O
so	O
oft	O
zürnen	O
wollte	O
	O
wie	O
Ihr	O
es	O
verdient	O
.	O
Wir	O
sehen	RELATIONALES VERB
uns	O
doch	O
heute	O
abend	O
bei	RELATION
Sudenburgs	RAUMHINWEIS
?	O
Gewiß	O
	O
gnädige	O
Frau	O
.	O
Dann	O
also	O
au	O
revoir	O
!	O
Darf	O
ich	O
bitten	O
	O
mich	O
dem	O
Herrn	O
Gemahl	O
zu	O
empfehlen	O
?	O
Wenn	O
ich	O
s	O
nicht	O
vergesse	O
!	O
Der	O
Wagen	RAUMTHEMA
hielt	RELATIONALES VERB
.	O
Fernau	O
wäre	O
für	O
sein	O
Leben	O
gern	O
mit	O
der	O
schönen	O
Frau	O
ausgestiegen	RELATIONALES VERB
;	O
aber	O
er	O
wagte	O
es	O
nicht	O
.	O
Dafür	O
warf	RELATIONALES VERB
er	O
	O
während	O
der	O
Wagen	RAUMTHEMA
weiter	RELATION
fuhr	RELATIONALES VERB
	O
dem	O
Herrn	O
in	RELATION
der	O
Ecke	ORT
mehr	O
als	O
einen	O
wütenden	O
Blick	RAUMHINWEIS
zu	RELATION
	O
welchen	O
dieser	O
	O
der	O
wieder	O
vor	RELATION
sich	RAUMHINWEIS
nieder	RELATION
sah	RELATIONALES VERB
	O
glücklicherweise	O
nicht	O
bemerkte	O
.	O
Das	O
ist	O
doch	O
seltsam	O
	O
sagte	O
Klotilde	O
bei	RELATION
sich	RAUMHINWEIS
	O
während	O
sie	O
in	RELATION
der	O
Querstraße	ORT
auf	RELATION
ihre	O
Wohnung	ORT
zuschritt	RELATIONALES VERB
.	O
Was	O
war	O
das	O
nur	O
eigentlich	O
mit	O
dem	O
Herrn	O
?	O
Er	O
war	O
nicht	O
einmal	O
so	O
schön	O
wie	O
Fernau	O
;	O
und	O
Fernau	O
hatte	O
recht	O
:	O
trotz	O
seiner	O
Eleganz	O
sah	RELATIONALES VERB
er	O
doch	O
eigentlich	O
wie	O
ein	O
Spießbürger	O
aus	RELATIONALES VERB
.	O
Dennoch	O
--	O
wunderlich	O
!	O
ich	O
glaube	O
wahrhaftig	O
	O
das	O
Herz	O
hat	O
mir	O
ordentlich	O
geschlagen	O
.	O
Es	O
ist	O
nur	O
die	O
wahnsinnige	O
Langweile	O
.	O
Es	O
ist	O
nur	O
	O
weil	O
--	O
Sie	O
brach	O
ihr	O
Selbstgespräch	O
jäh	O
ab	O
.	O
Auf	RELATION
der	O
andern	RELATION
Seite	RELATION
der	O
Straße	ORT
	O
um	O
ein	O
weniges	O
ihr	O
voraus	RELATION
	O
ging	RELATIONALES VERB
ihr	O
Mann	O
.	O
Sie	O
hätte	O
ihn	O
mit	O
ein	O
paar	O
Schritten	RAUMHINWEIS
einholen	RELATIONALES VERB
	O
auf	RELATION
der	O
fast	O
menschenleeren	RAUMBESCHREIBUNG
Straße	ORT
leichtlich	O
mit	O
einem	O
halblauten	O
:	O
Viktor	O
!	O
abrufen	RELATIONALES VERB
können	O
.	O
Wozu	O
?	O
Er	O
würde	O
sich	O
nicht	O
freuen	O
	O
sie	O
zu	O
sehen	RELATIONALES VERB
;	O
und	O
sie	O
brannte	O
nicht	O
darauf	O
	O
sein	O
gleichgültiges	O
:	O
Ach	O
	O
sieh	RELATIONALES VERB
da	ORT
	O
Klotilde	O
!	O
zu	O
hören	RELATIONALES VERB
.	O
Wenn	O
ihr	O
doch	O
ein	O
Mensch	O
sagen	O
könnte	O
	O
weshalb	O
sie	O
diesen	O
	O
gerade	O
diesen	O
geheiratet	O
hatte	O
!	O
Und	O
weshalb	O
Menschen	O
	O
die	O
sich	O
nicht	O
mehr	O
lieben	O
	O
vielleicht	O
einander	RELATION
nie	O
geliebt	O
haben	O
	O
nun	O
so	O
miteinander	RELATION
weiter	O
leben	RELATIONALES VERB
müssen	O
!	O
Ein	O
bittres	O
Lächeln	O
zuckte	RELATIONALES VERB
um	RELATION
ihre	O
Lippen	RAUMHINWEIS
.	O
Wie	O
hatte	O
sie	O
zu	RELATION
Adele	RAUMHINWEIS
gesagt	O
:	O
er	O
geht	RAUMMETAPHER
seinen	RAUMMETAPHER
Weg	RAUMMETAPHER
	O
ich	RAUMMETAPHER
den	RAUMMETAPHER
meinen	RAUMMETAPHER
!	O
Nun	O
ja	O
:	O
da	ORT
ging	RELATIONALES VERB
er	O
;	O
und	O
sie	O
ging	RELATIONALES VERB
hier	ORT
!	O
Viktor	O
war	O
an	RELATION
dem	O
Hause	ORT
angelangt	RELATIONALES VERB
.	O
Er	O
hatte	O
geschellt	O
	O
blickte	RELATIONALES VERB
	O
auf	O
das	O
Öffnen	RAUMTHEMA
der	O
Thür	RAUMTHEMA
wartend	RELATIONALES VERB
	O
sich	O
zufällig	O
um	RELATION
und	O
sah	RELATIONALES VERB
seine	O
Frau	RAUMHINWEIS
über	RELATION
den	O
Straßendamm	ORT
kommen	RELATIONALES VERB
.	O
Ach	O
	O
sieh	RELATIONALES VERB
da	ORT
	O
Klotilde	O
!	O
Aus	RELATION
der	O
Stadt	ORT
?	O
Ja	O
.	O
Ich	O
muß	O
an	RELATION
Dir	RAUMHINWEIS
vorübergefahren	RELATIONALES VERB
sein	O
.	O
Drittes	O
Kapitel	O
Die	O
schönen	O
Räume	ORT
der	O
Wohnung	ORT
des	O
Ministerialdirektors	O
Sudenburg	O
hatten	O
seit	O
einer	O
halben	O
Stunde	O
angefangen	O
	O
sich	O
mit	O
den	O
eingeladenen	RELATIONALES VERB
Gästen	RAUMHINWEIS
zu	O
füllen	RELATIONALES VERB
.	O
Die	O
ersten	O
waren	O
	O
wie	O
stets	O
	O
die	O
jungen	O
	O
unverheirateten	O
Offiziere	O
gewesen	O
	O
die	O
mit	O
dem	O
Glockenschlage	O
acht	O
sich	O
einfanden	RELATIONALES VERB
--	O
Kameraden	O
	O
zumeist	O
der	O
beiden	O
älteren	O
Söhne	O
des	O
Hauses	ORT
	O
Fritz	O
und	O
Franz	O
	O
Sekondelieutenants	O
:	O
Fritz	O
in	RELATION
der	O
Artillerie	RAUMHINWEIS
	O
Franz	O
in	RELATION
der	O
Infanterie	RAUMHINWEIS
.	O
Zum	O
Glück	O
für	O
Stephanie	O
	O
die	O
kaum	O
noch	O
wußte	O
	O
was	O
sie	O
mit	O
dem	O
uniformierten	O
	O
wenig	O
ausgiebigen	O
Schwarm	RAUMHINWEIS
beginnen	O
sollte	O
	O
waren	O
dann	O
auch	O
bald	O
	O
beinahe	O
gleichzeitig	O
	O
ihre	O
liebste	O
Freundin	O
Klotilde	O
mit	O
Viktor	O
	O
und	O
Adele	O
mit	O
ihrem	O
Gatten	RAUMHINWEIS
gekommen	RELATIONALES VERB
	O
und	O
sie	O
mußte	O
vorerst	O
einmal	O
Adele	O
	O
welche	O
ganz	O
neu	O
in	RELATION
diesen	O
Kreis	RAUMHINWEIS
trat	RELATIONALES VERB
	O
	O
ein	O
wenig	O
lancieren	O
``	O
.	O
Adele	O
hatte	O
es	O
ihr	O
nicht	O
schwer	O
gemacht	O
.	O
Von	O
der	O
Furcht	O
	O
die	O
sie	O
heute	O
vormittag	O
angesichts	O
ihres	O
Debüts	O
in	RELATION
der	O
Berliner	RAUMBESCHREIBUNG
Gesellschaft	RAUMHINWEIS
gehabt	O
haben	O
wollte	O
	O
war	O
schlechterdings	O
nichts	O
zu	O
bemerken	O
.	O
Jeder	O
der	O
ihr	O
Vorgestellten	O
	O
gleichviel	O
	O
ob	O
Herr	O
oder	O
Dame	O
	O
schien	O
für	O
sie	O
eine	O
intime	O
Bekanntschaft	O
zu	O
sein	O
	O
deren	O
Anfang	O
bis	O
in	O
ihre	O
Kinderjahre	O
zurück	O
datierte	O
.	O
Eine	O
entzückende	O
kleine	RAUMBESCHREIBUNG
Person	RAUMHINWEIS
	O
sagte	O
Hauptmann	O
von	O
Luckow	O
zu	RELATION
ein	O
paar	O
jüngeren	O
Kameraden	RAUMHINWEIS
.	O
Diese	O
lachenden	O
	O
blauen	O
Augen	RAUMHINWEIS
	O
diese	O
lustig	O
blitzenden	O
	O
weißen	O
Zähne	RAUMHINWEIS
	O
dies	O
fröhliche	O
Geplauder	O
--	O
wahrhaftig	O
	O
das	O
wirkt	O
wie	O
eine	O
Oase	RAUMMETAPHER
auf	RAUMMETAPHER
den	RAUMMETAPHER
verschmachtenden	RAUMMETAPHER
Wanderer	RAUMMETAPHER
in	RAUMMETAPHER
der	RAUMMETAPHER
Wüste	RAUMMETAPHER
.	O
Das	O
Wort	O
machte	O
die	O
Runde	O
.	O
Es	O
dauerte	O
nicht	O
lange	O
	O
bis	O
--	O
mindestens	O
unter	RELATION
den	O
jüngeren	O
Herren	RAUMHINWEIS
--	O
keiner	O
von	O
Adele	O
anders	O
	O
als	O
von	O
der	O
	O
Oase	RAUMMETAPHER
``	O
sprach	O
.	O
Inzwischen	O
hatte	O
sich	O
Elimar	O
ebenfalls	O
sein	O
Terrain	RAUMMETAPHER
erobert	RAUMMETAPHER
	O
ohne	O
daß	O
man	O
von	O
ihm	O
	O
so	O
wenig	O
wie	O
von	O
Adele	O
	O
sagen	O
konnte	O
	O
er	O
habe	O
es	O
darauf	O
abgesehen	O
gehabt	O
.	O
Aber	O
seine	O
gehaltene	O
	O
gegen	RELATION
Höher	RAUMMETAPHER
-	O
und	O
Niedrigerstehende	RAUMMETAPHER
gleich	O
liebenswürdige	O
Freundlichkeit	O
;	O
seine	O
große	O
Unterhaltungsgabe	O
	O
der	O
jedes	O
Thema	O
genehm	O
	O
und	O
die	O
doch	O
niemals	O
nach	O
Beifall	O
und	O
Bewunderung	O
zu	O
haschen	O
schien	O
;	O
die	O
Melodie	O
selbst	O
seiner	O
immer	O
nur	O
halblauten	O
und	O
immer	O
gleich	O
verständlichen	O
Stimme	O
--	O
es	O
wäre	O
nicht	O
erst	O
nötig	O
gewesen	O
	O
daß	O
der	O
Kriegsminister	O
	O
der	O
eben	O
erschienen	RELATIONALES VERB
war	O
	O
ihn	O
	O
sobald	O
er	O
nur	O
erst	O
die	O
Wirte	O
begrüßt	RELATIONALES VERB
	O
sofort	O
durch	O
ein	O
längeres	O
	O
augenscheinlich	O
sehr	O
intimes	O
Gespräch	O
auszeichnete	O
	O
um	O
die	O
Gesellschaft	RAUMHINWEIS
von	O
der	O
Bedeutenheit	O
des	O
Mannes	O
zu	O
überzeugen	O
.	O
Die	O
Gesellschaft	RAUMHINWEIS
war	O
jetzt	O
beinahe	O
vollzählig	O
;	O
es	O
schien	O
sogar	O
ein	O
wenig	O
an	RELATION
Raum	ORT
zu	O
fehlen	RELATIONALES VERB
	O
aber	O
nur	O
	O
weil	O
in	O
der	O
langen	RAUMBESCHREIBUNG
Flucht	ORT
der	O
Zimmer	ORT
einige	O
so	O
gut	O
wie	O
leer	RAUMBESCHREIBUNG
blieben	RELATIONALES VERB
	O
während	O
die	O
Herrschaften	O
sich	O
in	RELATION
einigen	O
wenigen	ORT
zusammendrängten	RELATIONALES VERB
.	O
Mama	O
hat	O
gut	O
reden	O
	O
sagte	O
Fritz	O
zu	O
Franz	O
	O
sich	O
heimlich	O
den	O
Schweiß	O
von	RELATION
der	O
Stirn	RAUMHINWEIS
wischend	RELATIONALES VERB
;	O
ich	O
kann	O
sie	O
nicht	O
auseinander	RELATION
bringen	RELATIONALES VERB
;	O
sie	O
stehen	RELATIONALES VERB
wie	O
die	O
Mauern	RAUMTHEMA
.	O
Wenn	O
man	O
die	O
kleine	RAUMBESCHREIBUNG
Meerheim	RAUMHINWEIS
da	ORT
loseisen	RELATIONALES VERB
könnte	O
!	O
Es	O
laufen	RELATIONALES VERB
dann	O
gleich	O
ein	O
Dutzend	O
nach	RELATION
.	O
Wird	O
sich	O
kaum	O
noch	O
der	O
Mühe	O
verlohnen	O
.	O
Endlich	O
müssen	O
wir	O
doch	O
einmal	O
zum	O
Souper	O
kommen	O
.	O
Bist	O
Du	O
mit	O
der	O
Tischordnung	RAUMTHEMA
fertig	O
?	O
Hat	O
sich	O
was	O
mit	O
Tischordnung	RAUMTHEMA
	O
wenn	O
Stephanie	O
mir	O
die	O
ganze	O
Geschichte	O
wieder	O
umkrempelt	O
.	O
Sagt	O
	O
ich	O
hätte	O
lauter	O
dummes	O
Zeug	O
gemacht	O
!	O
Wirst	O
Du	O
auch	O
	O
alter	O
Sohn	O
!	O
Meinetwegen	O
.	O
Ich	O
bekümmere	O
mich	O
nicht	O
mehr	O
darum	O
.	O
--	O
An	O
einen	O
Schwarm	RAUMHINWEIS
von	O
Herren	O
	O
der	O
Klotilde	RAUMHINWEIS
umringte	RELATIONALES VERB
	O
trat	RELATIONALES VERB
Viktor	O
eilfertig	O
heran	RELATION
.	O
Verzeihung	O
	O
Ihr	O
Herren	O
!	O
Ich	O
möchte	O
meiner	O
Frau	O
--	O
Bitte	O
!	O
bitte	O
!	O
Was	O
giebt	O
s	O
?	O
fragte	O
Klotilde	O
.	O
Hast	O
Du	O
mit	O
Excellenz	O
schon	O
gesprochen	O
?	O
Welcher	O
?	O
Es	O
sind	O
ein	O
halbes	O
Dutzend	O
hier	ORT
.	O
Mein	O
Gott	O
	O
mit	O
unsrer	O
natürlich	O
.	O
Ich	O
weiß	O
noch	O
gar	O
nicht	O
	O
daß	O
sie	O
hier	ORT
sind	O
.	O
Schon	O
seit	O
einer	O
Viertelstunde	O
.	O
Er	O
ist	O
allein	O
da	ORT
und	O
hat	O
mich	O
schon	O
nach	O
Dir	O
gefragt	O
.	O
Bitte	O
	O
komm	RELATIONALES VERB
	O
gleich	O
mit	RELATIONALES VERB
!	O
Er	O
hatte	O
ihr	RAUMHINWEIS
den	O
Arm	RAUMHINWEIS
geboten	RELATIONALES VERB
	O
den	RAUMHINWEIS
sie	O
ihm	O
willig	O
reichte	RELATIONALES VERB
.	O
Excellenz	O
war	O
einer	O
ihrer	O
wärmsten	O
Verehrer	O
	O
und	O
von	O
Excellenz	O
allein	O
hing	O
es	O
ab	O
,	O
ob	O
Viktors	O
Ernennung	O
zum	O
Regierungsrat	O
bereits	O
zu	O
Neujahr	O
,	O
oder	O
erst	O
zu	O
Ostern	O
erfolgte	O
.	O
Du	O
kannst	O
ihm	O
auch	O
sagen	O
,	O
flüsterte	O
Viktor	O
,	O
während	O
sie	O
sich	O
durch	RELATION
die	O
Menge	RAUMHINWEIS
drängten	RELATIONALES VERB
,	O
daß	O
ich	O
die	O
halben	O
Nächte	O
über	RELATION
den	O
Akten	RAUMHINWEIS
sitze	RELATIONALES VERB
.	O
Laß	O
mich	O
nur	O
machen	O
,	O
flüsterte	O
Klotilde	O
zurück	RELATION
,	O
und	O
bei	RELATION
sich	RAUMHINWEIS
sagte	O
sie	O
:	O
meinetwegen	O
die	O
ganzen	O
.	O
Es	O
mußte	O
für	O
diesmal	O
bei	O
ihrem	O
guten	O
Willen	O
bleiben	O
.	O
Als	O
sie	O
endlich	O
bis	O
in	RELATION
die	O
Nähe	RELATION
des	O
allmächtigen	O
Mannes	RAUMHINWEIS
gelangten	RELATIONALES VERB
,	O
fanden	RELATIONALES VERB
sie	O
ihn	O
in	O
einer	O
,	O
wie	O
es	O
schien	O
,	O
sehr	O
eifrigen	O
Unterhaltung	O
mit	O
dem	O
Kollegen	O
vom	RELATION
Kriegsministerium	ORT
,	O
einem	O
andern	O
hohen	RAUMMETAPHER
Offizier	O
und	O
dem	O
Wirt	O
des	O
Hauses	ORT
.	O
Für	O
den	O
Augenblick	O
war	O
an	O
eine	O
Annäherung	RAUMTHEMA
nicht	O
zu	O
denken	O
.	O
Dann	O
aber	O
unter	O
allen	O
Umständen	O
nach	O
Tisch	O
,	O
sagte	O
Viktor	O
ärgerlich	O
.	O
Wirst	O
Du	O
tanzen	O
?	O
Sonderbare	O
Frage	O
!	O
Ich	O
wollte	O
nur	O
sagen	O
:	O
richte	O
es	O
so	O
ein	O
,	O
daß	O
Du	O
für	O
einen	O
,	O
oder	O
ein	O
paar	O
Tänze	O
frei	O
bleibst	O
.	O
Nach	O
Tisch	O
ist	O
er	O
immer	O
am	O
zugänglichsten	O
.	O
Nachgerade	O
weiß	O
ich	O
wirklich	O
,	O
was	O
ich	O
zu	O
thun	O
habe	O
.	O
Ich	O
wäre	O
der	O
Letzte	O
,	O
der	O
daran	O
zweifelte	O
.	O
Also	O
!	O
--	O
Wollten	O
Sie	O
etwas	O
von	O
mir	O
,	O
liebe	O
Stephanie	O
?	O
Etwas	O
sehr	O
Dringendes	O
.	O
Bitte	O
,	O
Herr	O
von	O
Sorbitz	O
!	O
Viktor	O
war	O
mit	O
einer	O
Verbeugung	O
zurückgetreten	RELATIONALES VERB
;	O
Stephanie	O
hatte	O
die	O
Freundin	O
unter	RELATION
den	O
Arm	RAUMHINWEIS
gefaßt	RELATIONALES VERB
und	O
ein	O
paar	O
Schritte	RAUMHINWEIS
seitwärts	RELATION
aus	RELATION
dem	O
Schwarm	RAUMHINWEIS
in	RELATION
eine	O
leere	RAUMBESCHREIBUNG
Fensternische	RAUMTHEMA
geführt	RELATIONALES VERB
.	O
Um	O
was	O
handelt	O
es	O
sich	O
?	O
fragte	O
Klotilde	O
.	O
Liebes	O
Herz	O
,	O
Du	O
kannst	O
mir	O
aus	O
einer	O
großen	O
Verlegenheit	O
helfen	O
.	O
Wie	O
ich	O
eben	O
die	O
Tische	RAUMHINWEIS
revidiere	O
,	O
sehe	RELATIONALES VERB
ich	O
,	O
daß	O
Franz	O
neben	O
anderm	O
Unsinn	O
--	O
man	O
kann	O
dem	O
Jungen	O
wirklich	O
nichts	O
überlassen	O
--	O
einen	O
Gast	O
,	O
den	O
wir	O
heute	O
zum	O
erstenmale	O
hier	ORT
haben	O
,	O
ganz	O
falsch	O
placiert	RELATIONALES VERB
hat	O
.	O
Meinen	O
Cousin	O
Meerheim	O
?	O
Den	O
habe	O
ich	O
für	O
mich	O
genommen	RELATIONALES VERB
.	O
Nein	O
!	O
Aber	O
Klotilde	O
,	O
nun	O
kannst	O
Du	O
einmal	O
wirklich	O
zeigen	RELATIONALES VERB
,	O
daß	O
Du	O
mich	O
lieb	O
hast	O
.	O
Mein	O
Gott	O
,	O
das	O
klingt	O
ja	O
ganz	O
feierlich	O
.	O
Feierliches	O
ist	O
nun	O
schon	O
gar	O
nicht	O
dabei	O
.	O
Aber	O
Franz	O
hatte	O
Dir	O
Fernau	RAUMHINWEIS
gegeben	RELATIONALES VERB
,	O
und	O
ich	O
weiß	O
,	O
daß	O
Du	O
ihn	O
gern	O
hast	O
.	O
In	O
allen	O
Ehren	O
.	O
Aber	O
,	O
Schatz	O
,	O
das	O
versteht	O
sich	O
doch	O
von	O
selbst	O
!	O
Er	O
soll	O
jetzt	O
Deine	O
Cousine	RAUMHINWEIS
führen	RELATIONALES VERB
.	O
Ich	O
habe	O
eben	O
Franz	O
zu	RELATION
ihm	RAUMHINWEIS
geschickt	RELATIONALES VERB
:	O
er	O
habe	O
Euch	O
beide	O
verwechselt	O
.	O
Fernau	O
wird	O
entzückt	O
sein	O
.	O
Das	O
gerade	O
nicht	O
,	O
obgleich	O
die	O
kleine	RAUMBESCHREIBUNG
Dame	O
wirklich	O
ganz	O
allerliebst	O
ist	O
,	O
trotz	O
ihres	O
mindestens	O
dreimal	O
neu	O
garnierten	RELATIONALES VERB
Kleides	RAUMHINWEIS
.	O
Für	O
Dich	O
nur	O
,	O
Du	O
armes	O
Opferlamm	O
--	O
Ich	O
bin	O
auf	O
alles	O
gefaßt	O
.	O
Das	O
heißt	O
:	O
so	O
schrecklich	O
ist	O
er	O
gar	O
nicht	O
--	O
im	O
Gegenteil	O
!	O
ich	O
kann	O
mir	O
denken	O
,	O
daß	O
es	O
Damen	O
giebt	O
,	O
die	O
für	O
ihn	O
schwärmen	O
,	O
ebenso	O
wie	O
seine	O
Jungen	O
.	O
Gott	O
sei	O
Dank	O
!	O
nun	O
ist	O
es	O
heraus	RELATION
!	O
Es	O
ist	O
also	O
der	O
Ordinarius	O
von	O
Oskars	O
Klasse	O
,	O
der	O
sich	O
Oskars	O
sehr	O
annimmt	O
.	O
Und	O
Papa	O
,	O
der	O
sehr	O
große	RAUMMETAPHER
Stücke	RAUMMETAPHER
auf	RAUMMETAPHER
ihn	RAUMMETAPHER
hält	RAUMMETAPHER
--	O
was	O
Du	O
ja	O
schon	O
daraus	O
sehen	RELATIONALES VERB
kannst	O
,	O
daß	O
er	O
heute	O
abend	O
eingeladen	RELATIONALES VERB
ist	O
--	O
hat	O
mir	O
auf	RELATION
die	O
Seele	RAUMHINWEIS
gebunden	RELATIONALES VERB
,	O
ihn	O
auf	O
irgend	O
eine	O
Weise	O
auszuzeichnen	O
.	O
Nun	O
,	O
Schatz	O
,	O
wie	O
könnte	O
ich	O
das	O
besser	O
,	O
als	O
wenn	O
Du	O
die	O
kolossale	O
Liebenswürdigkeit	O
hättest	O
--	O
Ich	O
habe	O
die	O
kolossale	O
Liebenswürdigkeit	O
.	O
Her	RELATION
mit	O
dem	O
Mann	O
!	O
Wo	RELATION
ist	O
er	O
?	O
Er	O
ist	O
eben	O
erst	O
gekommen	RELATIONALES VERB
--	O
diese	O
Leute	O
denken	O
,	O
es	O
ist	O
vornehm	O
,	O
wenn	O
man	O
spät	O
kommt	RELATIONALES VERB
--	O
und	O
spricht	O
--	O
oder	O
sprach	O
vorhin	O
nebenan	RELATION
mit	O
Mama	O
.	O
Ich	O
hole	RELATIONALES VERB
ihn	RAUMHINWEIS
Dir	O
.	O
Noch	O
eins	O
!	O
Wie	O
heißt	O
er	O
?	O
Winter	O
.	O
Doktor	O
Winter	O
,	O
oder	O
Professor	O
.	O
Ich	O
weiß	O
nicht	O
.	O
Finde	RELATIONALES VERB
ich	O
Dich	RAUMHINWEIS
hier	ORT
wieder	O
?	O
Stephanie	O
war	O
davongeeilt	RELATIONALES VERB
.	O
Adieu	O
!	O
te	O
quitter	O
c'est	O
mourir	O
,	O
sagte	O
hinter	RELATION
Klotilde	RAUMHINWEIS
,	O
nicht	O
eben	O
weit	RELATION
von	RELATION
ihrem	O
Ohr	RAUMHINWEIS
,	O
eine	O
leise	O
Stimme	O
.	O
Aber	O
es	O
muß	O
doch	O
nicht	O
gleich	O
sein	O
,	O
rief	RELATIONALES VERB
Klotilde	O
,	O
sich	O
lachend	O
wendend	RELATIONALES VERB
.	O
Auf	O
der	O
Stelle	O
,	O
erwiderte	O
Fernau	O
.	O
Hélas	O
,	O
madame	O
!	O
--	O
un	O
présage	O
terrible	O
Doit	O
livrer	O
mon	O
coeur	O
à	O
l'effroi	O
:	O
J'ai	O
cru	O
voir	O
dans	O
un	O
songe	O
horrible	O
Un	O
échafaud	O
dressé	O
pour	O
moi	O
.	O
Sollte	O
das	O
nicht	O
etwas	O
zu	O
spät	O
kommen	RELATIONALES VERB
?	O
Mir	O
scheint	O
,	O
Sie	O
haben	O
Ihren	O
Kopf	RAUMMETAPHER
bereits	RAUMMETAPHER
verloren	RAUMMETAPHER
.	O
Wer	O
ihn	RAUMMETAPHER
über	RAUMMETAPHER
gewisse	RAUMMETAPHER
Dinge	RAUMMETAPHER
nicht	RAUMMETAPHER
verliert	RAUMMETAPHER
,	O
hat	O
keinen	RAUMMETAPHER
zu	RAUMMETAPHER
verlieren	RAUMMETAPHER
.	O
Also	O
:	O
Adieu	O
,	O
charmant	O
pays	O
de	O
France	O
!	O
Adieu	O
,	O
Sie	O
Unverbesserlicher	O
!	O
Sie	O
--	O
Klotilde	O
kam	O
nicht	O
weiter	O
;	O
die	O
Stimme	O
versagte	O
ihr	O
und	O
das	O
Blut	RAUMHINWEIS
schoß	RELATIONALES VERB
ihr	O
in	RELATION
die	O
Wangen	RAUMHINWEIS
:	O
neben	RELATION
ihr	RAUMHINWEIS
stand	RELATIONALES VERB
Stephanie	RAUMHINWEIS
mit	RELATION
einem	O
Herrn	RAUMHINWEIS
,	O
der	O
sich	O
eben	O
tief	RAUMBESCHREIBUNG
verbeugte	RELATIONALES VERB
,	O
und	O
in	RELATION
welchem	RAUMHINWEIS
sie	O
trotz	O
der	O
veränderten	O
Kleidung	O
und	O
der	O
andern	O
Beleuchtung	O
sofort	O
jenen	O
Passagier	O
in	RELATION
der	O
entgegengesetzten	RELATIONALES VERB
Ecke	ORT
des	O
Pferdebahnwagens	RAUMTHEMA
erkannte	O
.	O
Hier	ORT
,	O
liebe	O
Klotilde	O
,	O
bringe	RELATIONALES VERB
ich	O
Dir	O
Herrn	O
Professor	O
Albrecht	O
Winter	O
,	O
der	O
glücklich	O
ist	O
,	O
Deine	O
Bekanntschaft	O
zu	O
machen	O
.	O
Herr	O
Professor	O
Winter	O
--	O
Herr	O
Legationsrat	O
von	O
Fernau	O
.	O
Ich	O
habe	O
die	O
Reisebriefe	O
des	O
Herrn	O
Legationsrats	O
durch	RELATION
die	O
südlichen	RAUMBESCHREIBUNG
Provinzen	ORT
Frankreichs	ORT
mit	O
Entzücken	O
gelesen	O
,	O
sagte	O
Albrecht	O
verbindlich	O
.	O
Sehr	O
obligiert	O
,	O
Herr	O
Professor	O
.	O
Die	O
Tage	O
des	O
seligen	O
Thümnel	O
mit	O
ihrem	O
sentimentalen	O
Posthornschall	O
und	O
lustigem	O
Peitschenknall	O
sind	O
leider	O
vorüber	O
.	O
Was	O
wir	O
an	O
Sentimentalität	O
und	O
Humor	O
verloren	O
,	O
haben	O
wir	O
an	O
der	O
scharfen	O
Beobachtung	RAUMHINWEIS
von	RELATION
Land	ORT
und	O
Leuten	O
reichlich	O
gewonnen	O
.	O
Und	O
so	O
weiter	O
--	O
nach	RELATION
Tisch	RAUMHINWEIS
!	O
rief	RELATIONALES VERB
Stephanie	O
.	O
Herr	O
Professor	O
,	O
Sie	O
wissen	O
,	O
daß	O
Ihnen	O
das	O
große	RAUMMETAPHER
Los	RAUMMETAPHER
zugefallen	RAUMMETAPHER
ist	RAUMMETAPHER
,	O
die	O
gnädige	O
Frau	O
zu	O
führen	RELATIONALES VERB
.	O
Da	O
kommen	RELATIONALES VERB
die	O
älteren	O
Herrschaften	O
schon	O
.	O
Schließen	RELATIONALES VERB
Sie	O
sich	O
,	O
bitte	O
,	O
hernach	O
an	RELATIONALES VERB
!	O
Machen	O
Sie	O
,	O
daß	O
Sie	O
zu	RELATION
Ihrer	O
Dame	RAUMHINWEIS
gelangen	RELATIONALES VERB
,	O
Herr	O
von	O
Fernau	O
!	O
Ich	O
muß	O
auch	O
nach	RELATION
meinem	O
Herrn	O
sehen	RELATIONALES VERB
.	O
Stephanie	O
hatte	O
Fernau	O
mit	RELATION
sich	RAUMHINWEIS
genommen	RELATIONALES VERB
.	O
Da	O
das	O
große	O
Los	O
nun	O
einmal	O
auf	O
mich	O
Unwürdigen	O
gefallen	O
--	O
sagte	O
Albrecht	O
,	O
Klotilde	O
den	O
Arm	RAUMHINWEIS
bietend	RELATIONALES VERB
.	O
Ich	O
glaube	O
,	O
ich	O
bin	O
verrückt	O
,	O
sagte	O
Klotilde	O
bei	RELATION
sich	RAUMHINWEIS
,	O
als	O
sie	O
fühlte	O
,	O
daß	O
die	O
Hand	RAUMHINWEIS
,	O
die	O
sie	O
auf	RELATION
ihres	O
Begleiters	O
Arm	RAUMHINWEIS
legte	RELATIONALES VERB
,	O
zitterte	RELATIONALES VERB
.	O
Sie	O
hörte	RELATIONALES VERB
auch	O
kaum	O
etwas	O
von	O
dem	O
,	O
was	O
der	O
Professor	O
sagte	O
,	O
während	O
sie	O
so	O
auf	O
den	O
Moment	O
warteten	RELATIONALES VERB
,	O
wo	O
sie	O
sich	O
dem	O
paarweisen	RAUMBESCHREIBUNG
Zuge	RAUMHINWEIS
,	O
der	O
aus	RELATION
den	O
Nebenzimmern	ORT
nach	RELATION
dem	O
Speisesaale	ORT
strömte	RELATIONALES VERB
,	O
anschließen	RELATIONALES VERB
konnten	O
.	O
Das	O
Geschwirr	O
der	O
Stimmen	O
,	O
welches	O
vorhin	O
die	O
Räume	ORT
sinnverwirrend	O
erfüllt	RELATIONALES VERB
hatte	O
,	O
konnte	O
nicht	O
schuld	O
daran	O
sein	O
:	O
es	O
herrschte	O
eben	O
jetzt	O
eine	O
fast	O
lautlose	O
Stille	O
.	O
Aber	O
auf	RELATION
ihrer	O
Seele	RAUMHINWEIS
lag	RELATIONALES VERB
es	O
wie	O
eine	O
Betäubung	O
,	O
die	O
ihr	O
sonst	O
völlig	O
fremd	O
war	O
,	O
und	O
für	O
die	O
sie	O
vergebens	O
nach	O
einer	O
Erklärung	O
suchte	O
.	O
Diese	O
so	O
unerwartete	O
Wiederbegegnung	RAUMTHEMA
noch	O
an	O
demselben	O
Tage	O
war	O
ja	O
überraschend	O
,	O
nur	O
daß	O
sie	O
für	O
Überraschungen	O
eine	O
große	O
Vorliebe	O
hatte	O
;	O
und	O
die	O
verblüffte	O
Miene	O
von	O
Fernau	O
bei	O
der	O
Vorstellung	O
dessen	O
,	O
der	O
ihn	O
aus	O
dem	O
	O
charmant	O
pays	O
``	O
verdrängte	RELATIONALES VERB
--	O
das	O
war	O
eigentlich	O
furchtbar	O
komisch	O
gewesen	O
.	O
Weshalb	O
dann	O
also	O
dies	O
alberne	O
Herzklopfen	O
und	O
diese	O
bängliche	O
Empfindung	O
,	O
wie	RAUMMETAPHER
vor	RAUMMETAPHER
einer	RAUMMETAPHER
hereindrohenden	RAUMMETAPHER
Gefahr	RAUMMETAPHER
?	O
Es	O
war	O
positiv	O
lächerlich	O
,	O
und	O
der	O
Herr	O
Professor	O
mußte	O
wirklich	O
glauben	O
,	O
sie	O
sei	O
ein	O
Gänschen	O
von	O
Buchenau	O
,	O
das	O
zum	O
erstenmal	O
von	O
Sterne	O
und	O
sentimental	O
yourney	O
reden	O
hörte	RELATIONALES VERB
.	O
Sie	O
wollte	O
,	O
wenn	O
sie	O
erst	O
einmal	O
saßen	RELATIONALES VERB
,	O
schnell	O
ein	O
Glas	O
Sekt	O
trinken	O
.	O
Das	O
würde	O
ihr	O
den	O
Kopf	RAUMHINWEIS
schon	O
wieder	O
in	RELATION
Ordnung	RAUMTHEMA
bringen	RELATIONALES VERB
.	O
Als	O
die	O
letzten	O
der	O
jüngeren	O
Herrschaften	O
,	O
zu	O
denen	O
Klotilde	O
und	O
ihr	O
Begleiter	O
gehörten	O
,	O
den	O
Speisesaal	ORT
betraten	RELATIONALES VERB
,	O
hatten	O
die	O
älteren	O
bereits	O
in	RELATION
dessen	O
kleinerem	RAUMBESCHREIBUNG
,	O
nur	O
durch	RELATION
ein	O
paar	O
Säulen	RAUMHINWEIS
von	O
dem	O
größeren	RAUMBESCHREIBUNG
vorderen	RELATION
getrennten	RELATIONALES VERB
Teil	O
ihre	O
Plätze	RAUMHINWEIS
eingenommen	RELATIONALES VERB
.	O
Der	O
gewaltige	O
,	O
von	O
dem	O
blendenden	O
Licht	O
der	O
Kronenleuchter	RAUMHINWEIS
und	O
der	O
zahlreichen	O
Wandkandelaber	RAUMHINWEIS
durchflutete	RELATIONALES VERB
Raum	ORT
bot	O
einen	O
zauberhaften	O
Anblick	RAUMHINWEIS
,	O
zumal	O
als	O
alle	O
nun	O
in	RELATION
ihren	O
schmucken	O
Uniformen	RAUMHINWEIS
,	O
tadellosen	O
Gesellschaftstoiletten	RAUMHINWEIS
,	O
lichten	O
Gewändern	RAUMHINWEIS
,	O
um	RELATION
die	O
vielen	O
,	O
reich	O
servierten	O
,	O
blumengeschmückten	O
Tische	RAUMHINWEIS
gruppiert	RELATIONALES VERB
,	O
lachend	O
und	O
plaudernd	O
saßen	RELATIONALES VERB
,	O
und	O
die	O
Menge	O
der	O
Diener	O
in	RELATION
schmuckhaften	O
Livreen	RAUMHINWEIS
lautlos	O
geschäftig	O
die	O
Schüsseln	RAUMHINWEIS
präsentierte	RELATIONALES VERB
und	O
die	O
Gläser	RAUMHINWEIS
füllte	RELATIONALES VERB
.	O
Albrechts	O
Herz	RAUMHINWEIS
schwoll	RELATIONALES VERB
.	O
Da	O
war	O
doch	O
einmal	O
einer	O
seiner	O
Träume	O
zur	O
Wirklichkeit	O
geworden	O
!	O
Er	O
in	RELATION
diesem	O
fürstlichen	O
Saal	ORT
,	O
inmitten	RELATION
der	O
besten	O
Gesellschaft	RAUMHINWEIS
der	O
Residenz	ORT
,	O
an	RELATION
der	O
Seite	RELATION
einer	O
schönen	O
Frau	O
!	O
Da	O
würden	O
ja	O
vielleicht	O
auch	O
die	O
andern	O
nicht	O
immer	O
Träume	O
bleiben	O
!	O
sich	O
ihm	O
die	O
Pforten	RAUMTHEMA
des	O
königlichen	O
Schauspielhauses	ORT
öffnen	RAUMTHEMA
,	O
an	RELATION
die	RAUMHINWEIS
er	O
nun	O
bereits	O
seit	O
zwei	O
Jahren	O
vergebens	O
ungeduldig	O
pochte	RELATIONALES VERB
!	O
Und	O
die	O
kaiserliche	O
Loge	ORT
,	O
in	RELATION
die	ORT
ihn	O
der	O
General-Intendant	O
führte	RELATIONALES VERB
,	O
huldreiche	O
Worte	O
über	O
sein	O
gelungenes	O
Werk	O
aus	O
allerhöchstem	O
Munde	O
zu	O
vernehmen	RELATIONALES VERB
!	O
Evoe	O
,	O
Bakche	O
!	O
evoe	O
!	O
rief	RELATIONALES VERB
es	O
in	RELATION
ihm	RAUMHINWEIS
,	O
während	O
er	O
den	O
Schaum	O
von	RELATION
seinem	O
Champagnerglase	RAUMHINWEIS
schlürfte	O
und	O
dabei	O
in	RELATION
die	O
prachtvollen	O
Augen	RAUMHINWEIS
seiner	O
reizenden	O
Nachbarin	O
blickte	RELATIONALES VERB
.	O
Viertes	O
Kapitel	O
Klotilde	O
hatte	O
gefürchtet	O
,	O
sie	O
würde	O
mit	O
dem	O
Herrn	O
Professor	O
ein	O
schauderhaft	O
gelehrtes	O
Gespräch	O
zu	O
führen	O
haben	O
,	O
und	O
sah	RELATIONALES VERB
sich	O
aufs	O
angenehmste	O
überrascht	O
,	O
als	O
ihr	O
diese	O
Pein	O
durchaus	O
erspart	O
blieb	O
.	O
Nicht	O
,	O
daß	O
von	RELATION
den	O
Lippen	RAUMHINWEIS
des	O
Herrn	O
nicht	O
hin	O
und	O
wieder	O
eine	O
Anspielung	O
auf	O
irgend	O
einen	O
wissenschaftlichen	O
Gegenstand	O
,	O
oder	O
etwas	O
,	O
das	O
ihr	O
wenigstens	O
so	O
erschien	O
,	O
gekommen	O
wäre	O
!	O
Aber	O
immer	O
doch	O
nur	O
eine	O
Anspielung	O
,	O
die	O
seiner	O
Unterhaltung	O
sogar	O
einen	O
gewissen	O
originellen	O
Reiz	O
gab	O
und	O
ihr	O
schmeichelte	O
,	O
da	O
er	O
doch	O
jedenfalls	O
annahm	O
,	O
daß	O
sie	O
für	O
diese	O
Winke	O
nach	O
höheren	RAUMMETAPHER
Regionen	RAUMMETAPHER
das	O
volle	O
Verständnis	O
besaß	O
.	O
Im	O
übrigen	O
war	O
,	O
was	O
er	O
vorbrachte	RELATIONALES VERB
--	O
und	O
er	O
brachte	RELATIONALES VERB
viel	O
,	O
sehr	O
viel	O
vor	RELATIONALES VERB
--	O
er	O
schien	O
unerschöpflich	O
--	O
doch	O
nur	O
eine	O
Plauderei	O
,	O
die	O
ihr	O
allerdings	O
um	O
einen	O
beträchtlichen	O
Grad	O
geistreicher	O
schien	O
als	O
die	O
,	O
an	O
welche	O
sie	O
in	RELATION
ihrer	O
Gesellschaft	RAUMHINWEIS
gewöhnt	O
war	O
.	O
Zu	RELATION
der	RAUMHINWEIS
er	O
,	O
wollte	O
sie	O
ihn	O
nur	O
nach	O
seinen	O
Manieren	O
und	O
seinem	O
Aeußeren	O
beurteilen	O
,	O
am	O
Ende	O
auch	O
gehörte	RELATIONALES VERB
.	O
Einer	O
eleganteren	O
Toilette	O
konnte	O
sich	O
keiner	O
der	O
Herren	O
in	O
Civil	O
rühmen	O
;	O
Frack	O
und	O
Weste	O
waren	O
nach	O
dem	O
neuesten	O
Schnitt	RAUMHINWEIS
,	O
das	O
feine	O
Vorhemd	O
von	O
blendender	O
Weiße	O
,	O
die	O
Krawatte	O
saß	RELATIONALES VERB
tadellos	O
.	O
War	O
ihr	O
doch	O
schon	O
heute	O
nachmittag	O
in	RELATION
dem	O
Pferdebahnwagen	RAUMTHEMA
die	O
Sorgfalt	O
,	O
mit	O
der	O
er	O
sich	O
kleidete	O
,	O
aufgefallen	O
!	O
Und	O
jetzt	O
in	RELATION
seiner	O
unmittelbaren	O
Nähe	RELATION
konnte	O
sie	O
sich	O
überzeugen	O
,	O
daß	O
sie	O
auch	O
sonst	O
seine	O
Erscheinung	RAUMTHEMA
richtig	O
taxiert	O
hatte	O
.	O
Mit	O
seinen	O
regelmäßigen	RAUMBESCHREIBUNG
Zügen	RAUMHINWEIS
,	O
der	O
feingewölbten	RELATIONALES VERB
Stirn	RAUMHINWEIS
,	O
den	O
großen	RAUMBESCHREIBUNG
,	O
ausdrucksvollen	O
blauen	O
Augen	RAUMHINWEIS
,	O
dem	O
prächtigen	O
blonden	O
Vollbart	RAUMHINWEIS
,	O
der	O
stattlichen	RAUMBESCHREIBUNG
,	O
breitschulterigen	RAUMBESCHREIBUNG
,	O
hochbrustigen	RAUMBESCHREIBUNG
Figur	RAUMHINWEIS
,	O
mußte	O
sie	O
ihn	O
wirklich	O
für	O
einen	O
schönen	O
Mann	O
gelten	O
lassen	O
,	O
trotzdem	O
sie	O
eigentlich	O
an	O
Blondins	O
nicht	O
leicht	O
Geschmack	O
fand	O
,	O
und	O
in	RELATION
Fernau	RAUMHINWEIS
mit	O
seinem	O
blauschwarzen	O
Haar	RAUMHINWEIS
und	O
Bart	RAUMHINWEIS
und	O
dem	O
südlichen	O
Oliventeint	O
ihr	O
Ideal	O
sah	RELATIONALES VERB
.	O
Das	O
Einzige	O
,	O
was	O
ihr	O
an	RELATION
dem	O
schönen	O
Manne	RAUMHINWEIS
unangenehm	O
auffiel	O
,	O
waren	O
seine	O
großen	RAUMBESCHREIBUNG
,	O
knochigen	O
,	O
allzu	O
roten	O
Hände	RAUMHINWEIS
.	O
In	RELATION
den	O
Augen	RAUMHINWEIS
der	O
Dame	O
aus	O
uralt	O
freiherrlichem	O
Geschlecht	O
durfte	O
ein	O
Mann	O
,	O
den	O
sie	O
als	O
ihresgleichen	O
nehmen	RELATIONALES VERB
sollte	O
,	O
solche	O
Hände	RAUMHINWEIS
nicht	O
haben	O
.	O
Las	O
der	O
Mann	O
in	RELATION
ihren	O
heimlichen	O
Gedanken	RAUMHINWEIS
?	O
Sie	O
waren	O
auf	O
die	O
landwirtschaftlichen	RAUMBESCHREIBUNG
Reize	O
der	O
deutschen	RAUMBESCHREIBUNG
Mittelgebirge	ORT
,	O
zuletzt	O
auf	O
die	O
des	O
Harzes	ORT
zu	O
sprechen	O
gekommen	O
.	O
Aber	O
Sie	O
kennen	O
den	O
Harz	ORT
wohl	O
nicht	O
?	O
sagte	O
sie	O
,	O
als	O
sie	O
bemerkte	O
,	O
daß	O
er	O
stiller	O
geworden	O
war	O
und	O
sie	O
schließlich	O
nur	O
noch	O
allein	O
sprach	O
.	O
Meine	O
Heimat	ORT
!	O
erwiderte	O
er	O
mit	O
einem	O
melancholischen	O
Lächeln	O
.	O
Da	O
wären	O
wir	O
ja	O
Landsleute	O
!	O
rief	RELATIONALES VERB
Klotilde	O
und	O
nannte	O
das	O
Städtchen	ORT
am	RELATION
Fuß	RAUMHINWEIS
eines	O
der	O
Ausläufer	RAUMHINWEIS
des	O
Gebirges	ORT
,	O
in	RELATION
dessen	O
Nähe	RELATION
das	O
Stammgut	ORT
ihrer	O
Familie	O
lag	RELATIONALES VERB
.	O
Ich	O
bin	O
in	O
der	O
Wahl	O
meines	O
Geburtsortes	ORT
weniger	O
vorsichtig	O
gewesen	O
,	O
sagte	O
er	O
mit	O
demselben	O
trüben	O
Ausdruck	O
.	O
Es	O
ist	O
ein	O
armseliges	O
,	O
hoch	RELATION
oben	RELATION
zwischen	RELATION
kahlen	RAUMBESCHREIBUNG
Bergen	ORT
eingeklemmtes	RELATIONALES VERB
Dorf	ORT
.	O
Meine	O
Eltern	O
waren	O
blutarme	O
Bergleute	O
.	O
Der	O
Vater	O
wurde	O
,	O
als	O
ich	O
sechs	O
Jahre	O
zählte	O
,	O
in	RELATION
einem	O
zusammenstürzenden	O
Schacht	ORT
verschüttet	RELATIONALES VERB
;	O
meine	O
Mutter	O
starb	O
ein	O
Jahr	O
darauf	O
.	O
Die	O
Gemeinde	ORT
,	O
der	O
ich	O
zur	O
Last	O
gefallen	O
war	O
,	O
machte	O
mich	O
zu	O
ihrem	O
Gänsejungen	O
,	O
von	O
dem	O
ich	O
zum	O
Schafhirten	O
avancierte	O
;	O
und	O
ich	O
hätte	O
es	O
sicher	O
bei	O
meiner	O
entschiedenen	O
Veranlagung	O
zu	O
dem	O
Berufe	O
noch	O
zum	O
Kuhhirten	O
gebracht	O
,	O
nur	O
daß	O
sich	O
der	O
alte	O
,	O
kinderlose	O
Pastor	O
unseres	O
Dorfes	ORT
meiner	O
annahm	RELATIONALES VERB
.	O
Er	O
hatte	O
in	RELATION
der	O
Konfirmationsstunde	RAUMHINWEIS
Wohlgefallen	O
an	RELATION
mir	RAUMHINWEIS
gefunden	RELATIONALES VERB
;	O
glaubte	O
ein	O
zukünftiges	O
Kirchenlicht	O
entdeckt	RELATIONALES VERB
zu	O
haben	O
;	O
ließ	O
mich	O
studieren	O
,	O
adoptierte	O
mich	O
später	O
sogar	O
und	O
vermachte	O
mir	O
,	O
als	O
er	O
starb	O
,	O
sein	O
bißchen	O
Hab	O
und	O
Gut	O
.	O
Nun	O
,	O
ich	O
Undankbarer	O
habe	O
die	O
Hoffnungen	O
des	O
guten	O
Mannes	O
nicht	O
erfüllt	O
;	O
es	O
nicht	O
einmal	O
über	O
den	O
Schafhirten	O
hinausgebracht	O
,	O
als	O
der	O
sich	O
so	O
ein	O
armseliger	O
Schulmeister	O
,	O
wenn	O
die	O
Jungen	O
einmal	O
wieder	O
durchaus	O
nichts	O
begreifen	O
können	O
,	O
oft	O
genug	O
vorkommt	O
.	O
Die	O
kleine	O
,	O
in	O
halb	O
elegischem	O
,	O
halb	O
satirischen	O
Ton	O
vorgetragene	O
Geschichte	O
,	O
hatte	O
einen	O
starken	O
Eindruck	O
auf	RELATION
Klotilde	RAUMHINWEIS
gemacht	O
;	O
und	O
während	O
der	O
Professor	O
mit	O
seinem	O
Gegenüber	RAUMHINWEIS
,	O
dem	O
Hauptmann	O
von	O
Luckow	O
,	O
in	O
ein	O
Gespräch	O
geraten	O
war	O
,	O
hatte	O
sie	O
Muße	O
,	O
sich	O
diesen	O
Eindruck	O
zurecht	O
zu	O
legen	O
.	O
Ein	O
Gänsejunge	O
da	ORT
oben	RELATION
auf	RELATION
den	O
Bergen	ORT
,	O
der	O
es	O
immerhin	O
so	O
weit	RAUMMETAPHER
bringt	RAUMMETAPHER
--	O
das	O
war	O
doch	O
einmal	O
etwas	O
anderes	O
als	O
das	O
ewige	O
Einerlei	O
der	O
Offizier	O
-	O
und	O
Beamtencarriere	O
;	O
das	O
war	O
doch	O
sehr	O
interessant	O
,	O
sehr	O
romantisch	O
!	O
Und	O
wie	O
hübsch	O
von	O
ihm	O
,	O
daß	O
er	O
sich	O
frank	O
und	O
frei	O
zu	O
seiner	O
plebejischen	O
Herkunft	RAUMTHEMA
bekannte	O
,	O
die	O
Leute	O
der	O
Art	O
sonst	O
nach	O
Möglichkeit	O
zu	O
verschleiern	RAUMMETAPHER
suchen	O
!	O
Und	O
je	O
tiefer	RAUMMETAPHER
er	O
geboren	O
war	O
,	O
um	O
so	O
großartiger	O
war	O
es	O
doch	O
von	O
ihr	O
,	O
wenn	O
sie	O
sich	O
zu	RAUMMETAPHER
ihm	RAUMMETAPHER
herabließ	RAUMMETAPHER
!	O
Adieu	O
,	O
plaisant	O
pays	O
de	O
France	O
!	O
Maria	O
Stuart	O
und	O
Rizzio	O
!	O
Gewiß	O
war	O
Rizzio	O
auch	O
ein	O
armer	O
Junge	O
gewesen	O
,	O
der	O
sich	O
von	O
den	O
sonnigen	O
Gassen	ORT
irgend	O
einer	O
italienischen	RAUMBESCHREIBUNG
Stadt	ORT
bis	O
nach	RELATION
Schottland	ORT
und	O
in	RELATION
die	O
königlichen	O
Hallen	ORT
und	O
in	RELATION
das	O
Herz	RAUMHINWEIS
der	O
schönen	O
Königin	O
gesungen	O
hatte	O
.	O
Mein	O
Gott	O
,	O
so	O
ein	O
bißchen	O
unschuldige	O
Liebelei	O
muß	O
doch	O
einer	O
gelangweilten	O
Königin	O
erlaubt	O
sein	O
,	O
wenn	O
auch	O
Graf	O
Boswell-Fernau	O
drüben	RELATION
am	RELATION
dritten	O
Tische	RAUMHINWEIS
fortwährend	O
wütende	O
Blicke	RAUMHINWEIS
herüberschleudert	RELATIONALES VERB
.	O
Das	O
macht	O
die	O
Geschichte	O
nur	O
pikanter	O
.	O
Welche	O
denn	O
?	O
Eine	O
Episode	O
,	O
die	O
ein	O
paar	O
Abendstunden	O
währt	O
und	O
dann	O
definitiv	O
zu	O
Ende	O
geht	O
,	O
ist	O
doch	O
noch	O
lange	O
keine	O
Geschichte	O
,	O
wie	O
sie	O
das	O
Verhältnis	O
mit	O
Fernau	O
allerdings	O
bereits	O
zu	O
werden	O
drohte	O
.	O
Hier	O
war	O
nach	RELATION
keiner	O
Seite	RELATION
auch	O
nur	O
die	O
mindeste	O
Gefahr	O
.	O
Und	O
während	O
diese	O
Gedanken	O
durch	RELATION
ihr	O
erregtes	O
Gehirn	RAUMHINWEIS
zuckten	RELATIONALES VERB
,	O
überlegte	O
sie	O
schon	O
,	O
wie	O
es	O
wohl	O
aufzufangen	O
sein	O
möchte	O
,	O
daß	O
die	O
Episode	O
keine	O
Episode	O
bliebe	O
;	O
wie	O
der	O
interessante	O
Mann	O
wohl	O
in	RELATION
ihren	O
Kreis	RAUMHINWEIS
einzuführen	RELATIONALES VERB
,	O
in	RELATION
ihrem	O
Kreise	RAUMHINWEIS
festzuhalten	RELATIONALES VERB
wäre	O
.	O
Viktor	O
mit	O
seiner	O
hochmütigen	O
Verachtung	O
alles	O
Plebejischen	O
und	O
aller	O
Plebejer	O
mußte	O
schon	O
aus	O
der	O
Rechnung	O
fallen	O
.	O
Aber	O
das	O
wäre	O
nicht	O
das	O
erste	O
Mal	O
gewesen	O
!	O
Adele	O
!	O
sie	O
war	O
so	O
grundgutmütig	O
und	O
hing	RELATIONALES VERB
an	RELATION
ihrer	O
Schleppe	RAUMHINWEIS
.	O
Es	O
würde	O
ihr	O
ein	O
Leichtes	O
sein	O
,	O
Adele	O
für	O
den	O
Professor	O
zu	O
begeistern	O
.	O
Und	O
Elimar	O
--	O
natürlich	O
!	O
Er	O
war	O
ein	O
halber	O
Gelehrter	O
.	O
Wie	O
sollte	O
der	O
nicht	O
Geschmack	O
an	RELATION
ihm	RAUMHINWEIS
finden	RELATIONALES VERB
!	O
Und	O
Luckow	O
da	ORT
drüben	RELATION
,	O
der	O
eben	O
in	O
seiner	O
Eigenschaft	O
als	O
Lehrer	O
an	RELATION
der	O
Kadettenschule	ORT
ihn	O
seinen	O
Kollegen	O
nannte	O
!	O
Der	O
Hauptmann	O
war	O
freilich	O
Junggesell	O
,	O
aber	O
,	O
als	O
Intimer	O
des	O
Kreises	RAUMHINWEIS
,	O
immerhin	O
ein	O
Stein	RAUMMETAPHER
mehr	RAUMMETAPHER
im	RAUMMETAPHER
Brett	RAUMMETAPHER
.	O
Hier	ORT
im	RELATION
Hause	ORT
erschien	RELATIONALES VERB
der	O
Professor	O
,	O
so	O
wie	O
so	O
,	O
völlig	O
akkreditiert	O
.	O
Die	O
Sache	O
würde	O
sich	O
machen	O
,	O
mußte	O
sich	O
machen	O
.	O
Sie	O
hatte	O
schon	O
schwierigere	O
Dinge	O
siegreich	O
zustande	O
gebracht	O
.	O
Da	O
,	O
in	O
dem	O
Moment	O
,	O
als	O
der	O
Professor	O
sich	O
aus	RELATION
der	O
Unterhaltung	O
mit	O
Luckow	O
wieder	O
zu	RELATION
ihr	RAUMHINWEIS
wandte	RELATIONALES VERB
,	O
wurde	O
die	O
Tafel	RAUMHINWEIS
aufgehoben	RELATIONALES VERB
.	O
Bereits	O
kamen	RELATIONALES VERB
die	O
Excellenzen	O
und	O
andere	O
Hochwürdenträger	O
mit	RELATION
ihren	O
Damen	RAUMHINWEIS
durch	RELATION
den	O
Saal	ORT
;	O
die	O
jüngeren	O
Herrschaften	O
standen	RELATIONALES VERB
nur	O
noch	O
an	RELATION
ihren	O
Plätzen	RAUMHINWEIS
,	O
jene	O
vorüberzulassen	RELATIONALES VERB
und	O
sich	O
ihnen	O
dann	O
anzuschließen	RELATIONALES VERB
.	O
Der	O
Professor	O
hatte	O
ihr	O
wieder	O
den	O
Arm	RAUMHINWEIS
gereicht	RELATIONALES VERB
.	O
Ihre	O
Hand	RAUMHINWEIS
zitterte	RELATIONALES VERB
jetzt	O
nicht	O
mehr	O
;	O
eine	O
freudig	O
sieghafte	O
Empfindung	O
füllte	RELATIONALES VERB
ihr	O
Herz	RAUMHINWEIS
und	O
ließ	O
sie	O
mit	O
einem	O
ihrer	O
vollen	O
Blicke	RAUMHINWEIS
,	O
deren	O
Gewalt	O
über	O
Männerherzen	O
sie	O
nun	O
schon	O
so	O
oft	O
erprobt	O
hatte	O
,	O
zu	RELATION
ihrem	O
Begleiter	RAUMHINWEIS
aufschauen	RELATIONALES VERB
und	O
die	O
Lider	RAUMHINWEIS
nicht	O
senken	RELATIONALES VERB
vor	RELATION
dem	O
Feuer	O
der	O
Bewunderung	O
,	O
das	O
aus	RELATION
seinen	O
großen	RAUMBESCHREIBUNG
Augen	RAUMHINWEIS
auf	RELATION
sie	RAUMHINWEIS
herabflammte	RELATIONALES VERB
.	O
Gott	O
segne	O
Sie	O
,	O
gnädige	O
Frau	O
,	O
für	O
die	O
selige	O
Stunde	O
,	O
die	O
Sie	O
einem	O
Unglücklichen	O
bereitet	O
haben	O
;	O
sagte	O
er	O
so	O
leise	O
,	O
daß	O
nur	O
eben	O
sie	O
es	O
verstehen	O
konnte	O
.	O
Es	O
war	O
eben	O
auch	O
für	O
mich	O
eine	O
liebe	O
Stunde	O
,	O
gab	RELATIONALES VERB
sie	O
ebenso	O
leise	O
zurück	RELATION
.	O
Und	O
Sie	O
thun	O
unrecht	O
,	O
mir	O
die	O
freundliche	O
Erinnerung	O
durch	O
solche	O
schmerzlichen	O
Worte	O
zu	O
trüben	O
.	O
Wenn	O
ich	O
das	O
Glück	O
hätte	O
,	O
näher	RELATION
von	O
Ihnen	O
gekannt	O
zu	O
sein	O
,	O
würden	O
Sie	O
in	RELATION
Ihrem	O
schönen	O
Herzen	RAUMHINWEIS
nicht	O
mehr	O
den	O
Mut	O
finden	RELATIONALES VERB
,	O
mir	O
den	O
Titel	O
eines	O
Unglücklichen	O
zu	O
bestreiten	O
.	O
Es	O
klang	O
in	O
dem	O
Flüstertone	O
so	O
herzbeklemmend	O
--	O
Klotilde	O
mußte	O
nun	O
doch	O
die	O
Wimpern	RAUMHINWEIS
niederschlagen	RELATIONALES VERB
,	O
aber	O
nur	O
,	O
weil	O
sie	O
fühlte	O
,	O
daß	O
ihre	O
Augen	O
brannten	O
,	O
und	O
fürchtete	O
,	O
sie	O
könnte	O
die	O
unsägliche	O
Thorheit	O
begehen	O
und	O
in	O
Thränen	O
ausbrechen	O
.	O
Ich	O
bin	O
positiv	O
verrückt	O
,	O
sagte	O
sie	O
bei	RELATION
sich	RAUMHINWEIS
.	O
Man	O
war	O
in	RELATION
die	O
Vorderzimmer	ORT
gelangt	RELATIONALES VERB
.	O
Er	O
hatte	O
sich	O
mit	O
einer	O
tiefen	O
Verbeugung	O
von	RELATION
ihr	RAUMHINWEIS
verabschiedet	RELATIONALES VERB
und	O
war	O
alsbald	O
in	RELATION
dem	O
Gedränge	RAUMHINWEIS
verschwunden	RELATIONALES VERB
,	O
das	O
jetzt	O
noch	O
größer	O
war	O
als	O
vor	O
Tisch	O
.	O
In	RELATION
dem	O
Lärm	RAUMHINWEIS
der	O
durcheinander	RELATION
schwirrenden	RELATIONALES VERB
,	O
weinlauten	O
Stimmen	O
konnte	O
man	O
das	O
eigene	O
Wort	O
kaum	O
noch	O
verstehen	O
.	O
Klotilde	O
kam	O
es	O
gelegen	O
;	O
sie	O
war	O
sich	O
bewußt	O
,	O
zu	RELATION
den	O
Herren	RAUMHINWEIS
,	O
die	O
sie	O
umringten	RELATIONALES VERB
und	O
alle	O
zugleich	O
auf	RELATION
sie	RAUMHINWEIS
einsprachen	RELATIONALES VERB
,	O
ganz	O
tolles	O
Zeug	O
zu	O
reden	O
.	O
Denn	O
urplötzlich	O
hatte	O
sie	O
im	O
stärksten	O
Grade	O
eine	O
jener	O
übermütigen	O
Launen	O
gepackt	RELATIONALES VERB
,	O
die	O
man	O
an	RELATION
ihr	RAUMHINWEIS
kannte	O
und	O
in	RELATION
diesen	O
Kreisen	RAUMHINWEIS
entzückend	O
fand	O
.	O
In	O
witzigen	O
und	O
neckischen	O
Wendungen	O
verteidigte	O
sie	O
gegen	RELATION
den	O
Ansturm	RAUMHINWEIS
von	O
einem	O
halben	O
Dutzend	O
Aspiranten	O
die	O
beiden	O
freien	O
Tänze	O
,	O
die	O
sie	O
noch	O
auf	RAUMMETAPHER
ihrer	RAUMMETAPHER
Karte	RAUMMETAPHER
hatte	O
.	O
Sie	O
habe	O
,	O
während	O
man	O
diese	O
Tänze	O
tanze	O
,	O
eine	O
hohe	O
diplomatische	O
Mission	O
zu	O
erfüllen	O
;	O
sie	O
müsse	O
unterdessen	O
den	O
Staat	ORT
retten	O
.	O
Dabei	O
war	O
ihre	O
freudige	O
Hoffnung	O
,	O
die	O
	O
Courschneiderei	O
``	O
bei	O
Excellenz	O
,	O
zu	O
der	O
sie	O
ihr	O
Mann	O
verpflichtet	O
,	O
werde	O
nur	O
ein	O
paar	O
Minuten	O
dauern	O
und	O
sie	O
so	O
wenigstens	O
einen	O
Tanz	O
für	O
den	O
Professor	O
herausbringen	O
,	O
der	O
ja	O
unmittelbar	O
vor	O
dem	O
Souper	O
gekommen	RELATIONALES VERB
war	O
,	O
und	O
sich	O
sicher	O
in	RELATION
diesem	O
ihm	O
fremden	RAUMBESCHREIBUNG
Kreise	RAUMHINWEIS
nicht	O
engagiert	O
hatte	O
.	O
Vorausgesetzt	O
,	O
daß	O
er	O
überhaupt	O
tanzte	O
.	O
Aber	O
warum	O
sollte	O
er	O
nicht	O
?	O
Er	O
tanzte	O
sogar	O
zweifellos	O
vorzüglich	O
.	O
Ein	O
lustiges	O
Wort	O
,	O
das	O
sie	O
eben	O
dem	O
Hauptmann	O
von	O
Luckow	O
erwidern	O
wollte	O
,	O
erstarb	O
ihr	O
auf	RELATION
den	O
Lippen	RAUMHINWEIS
.	O
Sie	O
sah	RELATIONALES VERB
den	O
Professor	O
auf	RELATION
sich	RAUMHINWEIS
zukommen	RELATIONALES VERB
mit	O
einer	O
Dame	O
am	RELATION
Arm	RAUMHINWEIS
,	O
die	O
sie	O
nicht	O
kannte	O
--	O
einer	O
kleinen	RAUMBESCHREIBUNG
untersetzten	RAUMBESCHREIBUNG
Dame	O
,	O
deren	O
unmodische	O
Frisur	O
und	O
einfache	O
dunkle	O
Toilette	O
so	O
gar	O
nicht	O
in	RELATION
diesen	O
Kreis	RAUMHINWEIS
paßten	RELATIONALES VERB
,	O
daß	O
ihr	O
erster	O
Gedanke	O
war	O
:	O
	O
wie	O
um	O
Himmelswillen	O
kommt	RELATIONALES VERB
denn	O
die	O
hierher	RELATION
?	O
``	O
Zu	O
einem	O
zweiten	O
Gedanken	O
blieb	O
ihr	O
keine	O
Zeit	O
,	O
denn	O
jetzt	O
war	O
,	O
während	O
die	O
anderen	O
Herren	O
etwas	O
zurückwichen	RELATIONALES VERB
,	O
der	O
Professor	O
an	RELATION
sie	RAUMHINWEIS
herangetreten	RELATIONALES VERB
und	O
sagte	O
,	O
die	O
Dame	O
vom	RELATION
Arm	RAUMHINWEIS
lassend	RELATIONALES VERB
:	O
Ich	O
wollte	O
nicht	O
aus	RELATION
der	O
Gesellschaft	RAUMHINWEIS
scheiden	RELATIONALES VERB
,	O
ohne	O
der	O
gnädigen	O
Frau	O
meine	O
Frau	O
vorgestellt	RELATIONALES VERB
zu	O
haben	O
.	O
Klotilde	O
war	O
aufs	O
heftigste	O
erschrocken	O
;	O
kaum	O
daß	O
sie	O
die	O
etwas	O
linkische	O
Verneigung	O
der	O
Frau	O
Professor	O
mit	O
dem	O
nötigen	O
gesellschaftlichen	O
Anstand	O
erwidern	O
konnte	O
.	O
Das	O
Blut	O
mußte	O
ihr	O
aus	RELATION
den	O
Wangen	RAUMHINWEIS
geschwunden	RELATIONALES VERB
sein	O
--	O
sie	O
fühlte	O
es	O
deutlich	O
,	O
und	O
wie	O
es	O
im	O
nächsten	O
Moment	O
gewaltsam	O
zurückschoß	RELATIONALES VERB
.	O
Dann	O
aber	O
hatte	O
sie	O
die	O
angewohnte	O
Selbstbeherrschung	O
zurückgewonnen	O
.	O
Aber	O
wie	O
unrecht	O
,	O
gnädige	O
Frau	O
,	O
sagte	O
sie	O
mit	O
einem	O
Lächeln	O
,	O
das	O
vielleicht	O
noch	O
etwas	O
gewaltsam	O
war	O
;	O
so	O
spät	O
kommen	RELATIONALES VERB
und	O
die	O
Gesellschaft	RAUMHINWEIS
dann	O
,	O
wenn	O
ich	O
Ihren	O
Herrn	O
Gemahl	O
recht	O
verstanden	O
habe	O
,	O
so	O
früh	O
verlassen	RELATIONALES VERB
wollen	O
!	O
Ich	O
habe	O
drei	O
Kinder	O
zu	RELATION
Haus	ORT
,	O
erwiderte	O
die	O
Dame	O
,	O
und	O
das	O
jüngste	O
ist	O
erst	O
acht	O
Wochen	O
alt	O
.	O
Da	O
hat	O
man	O
nicht	O
viel	O
Zeit	O
für	O
Gesellschaften	RAUMHINWEIS
übrig	O
.	O
Nein	O
,	O
gewiß	O
nicht	O
,	O
sagte	O
Klotilde	O
höflich	O
.	O
Besonders	O
wenn	O
man	O
selbst	O
stillt	O
,	O
fügte	O
die	O
Dame	O
hinzu	O
.	O
Dann	O
besonders	O
nicht	O
,	O
sagte	O
Klotilde	O
.	O
Ihr	O
Blick	RAUMHINWEIS
hatte	O
unwillkürlich	O
den	O
Professor	RAUMHINWEIS
gestreift	RELATIONALES VERB
;	O
sie	O
hätte	O
beinahe	O
laut	O
aufgelacht	O
.	O
Welch	O
ein	O
verlegen	O
albernes	O
Gesicht	O
der	O
Mann	O
machte	O
!	O
Er	O
mochte	O
es	O
selber	O
empfinden	O
,	O
denn	O
er	O
sagte	O
mit	O
hörbarer	O
Ungeduld	O
:	O
Wir	O
dürfen	O
die	O
gnädige	O
Frau	O
der	O
Gesellschaft	RAUMHINWEIS
nicht	O
länger	O
entziehen	RELATIONALES VERB
,	O
liebe	O
Klara	O
.	O
Gnädige	O
Frau	O
,	O
meine	O
gehorsamste	O
Empfehlung	O
.	O
Es	O
hat	O
mich	O
sehr	O
gefreut	O
,	O
sagte	O
Klotilde	O
,	O
der	O
Frau	O
Professor	O
die	O
Hand	RAUMHINWEIS
reichend	RELATIONALES VERB
,	O
während	O
der	O
Professor	O
sich	O
mit	O
einem	O
gnädigen	O
Kpofnicken	O
begnügen	O
mußte	O
.	O
Dann	O
hatte	O
sie	O
sich	O
schnell	O
zu	RELATION
den	O
andern	O
Herren	RAUMHINWEIS
gewandt	RELATIONALES VERB
,	O
die	O
sofort	O
wieder	O
herangetreten	RELATIONALES VERB
waren	O
,	O
die	O
meisten	O
mit	O
lächelnden	O
Mienen	O
.	O
Um	O
Himmelswillen	O
,	O
gnädige	O
Frau	O
,	O
rief	RELATIONALES VERB
der	O
Lieutenant	O
von	O
Sperber	O
;	O
wer	O
war	O
denn	O
diese	O
höchst	O
eigentümliche	O
Erscheinung	RAUMTHEMA
?	O
Darüber	O
kann	O
ich	O
genaue	O
Auskunft	O
geben	O
,	O
erwiderte	O
anstatt	O
Klotildes	O
der	O
Assessor	O
von	O
Visselbach	O
.	O
Mir	O
ward	O
die	O
völlig	O
unverdiente	O
Ehre	O
,	O
die	O
Dame	O
zu	RELATION
Tisch	RAUMHINWEIS
zu	O
führen	RELATIONALES VERB
.	O
Bei	O
Gott	O
!	O
nach	O
zehn	O
Minuten	O
hätte	O
ich	O
glauben	O
können	O
,	O
mich	O
in	RELATION
einer	O
Kleinkinderbewahranstalt	ORT
zu	O
befinden	RELATIONALES VERB
.	O
Schade	O
!	O
sagte	O
der	O
Hauptmann	O
von	O
Luckow	O
.	O
Der	O
Professor	O
ist	O
wirklich	O
ein	O
sehr	O
unterrichteter	O
,	O
sehr	O
charmanter	O
Mann	O
.	O
Habe	O
ich	O
nicht	O
recht	O
,	O
gnädige	O
Frau	O
?	O
Klotilde	O
brauchte	O
nicht	O
zu	O
antworten	O
:	O
Viktor	O
kam	RELATIONALES VERB
,	O
sie	O
zu	RELATION
seinem	O
hohen	RAUMMETAPHER
Chef	RAUMHINWEIS
zu	O
führen	RELATIONALES VERB
,	O
der	O
aufbrechen	RELATIONALES VERB
wollte	O
.	O
Es	O
war	O
keine	O
Minute	O
zu	O
verlieren	O
.	O
Sie	O
hätte	O
nicht	O
sagen	O
können	O
,	O
was	O
sie	O
dann	O
mit	O
seiner	O
Excellenz	O
gesprochen	O
.	O
Aber	O
sie	O
mußte	O
wohl	O
das	O
Rechte	O
getroffen	O
haben	O
;	O
Excellenz	O
waren	O
die	O
Liebenswürdigkeit	O
und	O
Güte	O
selbst	O
gewesen	O
;	O
Viktor	O
,	O
der	O
in	RELATION
decenter	O
Nähe	RELATION
dabei	RELATION
gestanden	RELATIONALES VERB
,	O
hatte	O
wiederholt	O
zufrieden	O
gelächelt	O
und	O
sagte	O
,	O
als	O
die	O
Unterredung	O
zu	O
Ende	O
war	O
,	O
ihren	O
Arm	RAUMHINWEIS
in	RELATION
den	O
seinen	RAUMHINWEIS
nehmend	RELATIONALES VERB
und	O
ordentlich	O
zärtlich	O
drückend	RELATIONALES VERB
:	O
Das	O
hast	O
Du	O
einmal	O
wieder	O
superb	O
gedeichselt	O
,	O
Klotilde	O
!	O
In	O
so	O
etwas	O
ist	O
Dir	O
doch	O
keine	O
über	O
.	O
--	O
Und	O
in	O
allem	O
andern	O
auch	O
nicht	O
,	O
hatte	O
er	O
mit	O
schneller	O
Höflichkeit	O
hinzugefügt	O
.	O
Frau	O
Ministerial-Direktor	O
war	O
gewohnt	O
,	O
daß	O
man	O
ihre	O
Gesellschaften	RAUMHINWEIS
reizend	O
fand	O
.	O
So	O
oft	O
wie	O
an	O
diesem	O
Abend	O
war	O
es	O
ihr	O
noch	O
nicht	O
gesagt	O
worden	O
.	O
Es	O
war	O
nur	O
eine	O
Stimme	O
darüber	O
.	O
Und	O
ebenso	O
über	O
das	O
zweite	O
,	O
daß	O
die	O
Königin	O
des	O
Festes	RAUMHINWEIS
die	O
entzückende	O
Frau	O
von	O
Sorbitz	O
sei	O
.	O
Einige	O
wollten	O
freilich	O
die	O
Fahne	O
der	O
neuesten	O
Acquisition	O
aufwerfen	O
;	O
aber	O
wenn	O
auch	O
jetzt	O
noch	O
	O
die	O
Oase	RAUMMETAPHER
``	O
nicht	O
nur	O
gelten	O
ließ	O
,	O
sondern	O
sie	O
	O
ganz	O
charmant	O
``	O
fand	O
,	O
und	O
daß	O
sie	O
	O
ein	O
fideler	O
Kamerad	O
``	O
und	O
ein	O
	O
höllisch	O
netter	O
Käfer	O
``	O
sei	O
,	O
--	O
gegen	RELATION
ihre	O
prachtvolle	O
Cousine	O
komme	O
sie	O
doch	O
nicht	O
auf	O
,	O
und	O
sie	O
ihr	O
gar	O
vorziehen	O
wollen	O
,	O
sei	O
	O
einfach	O
lachhaft	O
``	O
.	O
Er	O
wurde	O
für	O
Klotilde	O
in	O
ihrem	O
an	O
Triumphen	O
derart	O
nicht	O
armen	O
Leben	O
der	O
glänzendste	O
,	O
den	O
sie	O
bis	O
jetzt	O
gefeiert	O
hatte	O
.	O
Unter	RELATION
der	O
Menge	RAUMHINWEIS
der	O
Bettler	RAUMHINWEIS
um	RELATION
eine	O
Extratour	RAUMMETAPHER
kam	O
es	O
manchmal	O
fast	O
zu	O
unliebsamen	O
Scenen	O
;	O
in	RELATION
dem	O
Blumenwalzer	RAUMHINWEIS
häuften	RAUMMETAPHER
sich	RAUMMETAPHER
die	RAUMMETAPHER
Bouquets	RAUMMETAPHER
um	RAUMMETAPHER
sie	RAUMMETAPHER
zu	RAUMMETAPHER
Bergen	RAUMMETAPHER
.	O
Und	O
mit	O
vollen	O
Zügen	O
sog	RELATIONALES VERB
sie	O
den	O
berauschenden	O
Duft	O
dieser	O
Huldigungen	O
ein	RELATIONALES VERB
.	O
Ihre	O
großen	RAUMBESCHREIBUNG
,	O
blaugrauen	O
Augen	RAUMHINWEIS
strahlten	O
,	O
während	O
um	RELATION
die	O
halbgeöffneten	RELATIONALES VERB
feinen	O
Lippen	RAUMHINWEIS
beständig	O
ein	O
Lächeln	O
schwebte	RELATIONALES VERB
,	O
das	O
,	O
wie	O
zauberhaft	O
immer	O
,	O
doch	O
stolz	O
,	O
ja	O
hochmütig	O
war	O
und	O
sagen	O
zu	O
wollen	O
schien	O
:	O
dies	O
alles	O
kommt	O
mir	O
von	O
rechtswegen	O
zu	O
!	O
mir	O
,	O
eurer	O
Königin	O
!	O
Als	O
die	O
unermüdlichen	O
Wirte	O
ihre	O
Intimen	O
,	O
die	O
sie	O
nach	O
dem	O
Balle	RAUMHINWEIS
noch	O
zu	RELATION
einem	O
Plauderstündchen	O
beisammen	RELATION
behalten	O
hatten	O
,	O
endlich	O
entließen	RELATIONALES VERB
und	O
Viktor	O
mit	O
Klotilden	O
nach	RELATION
Hause	ORT
fahren	RELATIONALES VERB
konnte	O
,	O
war	O
es	O
drei	O
Uhr	O
geworden	O
.	O
Viktor	O
war	O
über	O
den	O
Sieg	O
seiner	O
Gattin	O
so	O
entzückt	O
,	O
als	O
hätte	O
er	O
ihn	O
selbst	O
erfochten	O
.	O
Mit	O
leuchtenden	O
Farben	O
malte	O
er	O
sich	O
ihre	O
beiderseitige	O
Zukunft	O
aus	O
.	O
Mit	O
einer	O
solchen	O
Frau	O
zur	RELATION
Seite	RELATION
,	O
rief	RELATIONALES VERB
er	O
,	O
in	O
einer	O
Aufwallung	O
von	O
Stolz	O
und	O
Zärtlichkeit	O
den	O
Arm	RAUMHINWEIS
um	RELATION
ihre	O
Schulter	RAUMHINWEIS
legend	RELATIONALES VERB
.	O
Und	O
wenn	O
man	O
selbst	O
so	O
Hervorragendes	O
leistet	O
,	O
sekundierte	O
Klotilde	O
gefällig	O
.	O
Müßte	O
es	O
doch	O
sonderbar	O
zugehen	O
--	O
Brächte	O
man	O
es	O
nicht	O
zum	O
Minister	O
.	O
Seit	O
manchen	O
Wochen	O
war	O
die	O
Einigkeit	O
zwischen	RELATION
den	O
beiden	O
Gatten	O
nicht	O
so	O
groß	O
gewesen	O
.	O
Fünftes	O
Kapitel	O
Für	O
Albrecht	O
Winter	O
rollten	RAUMMETAPHER
die	RAUMMETAPHER
nächsten	RAUMMETAPHER
Tage	RAUMMETAPHER
in	RAUMMETAPHER
dem	RAUMMETAPHER
gewohnten	RAUMMETAPHER
ausgefahrenen	RAUMMETAPHER
Geleise	RAUMMETAPHER
eben	RAUMMETAPHER
so	RAUMMETAPHER
fort	RAUMMETAPHER
.	O
Lektionen	O
abhalten	O
,	O
griechische	RAUMBESCHREIBUNG
,	O
lateinische	O
Exercitia	O
,	O
deutsche	RAUMBESCHREIBUNG
Aufsätze	O
korrigieren	O
,	O
sich	O
von	O
seinen	O
Sekundanern	O
anstaunen	RELATIONALES VERB
lassen	O
,	O
mit	O
den	O
Kollegen	O
in	O
den	O
Zwischenviertelstunden	O
und	O
in	RELATION
den	O
Konferenzen	RAUMHINWEIS
	O
fachsimpeln	O
``	O
--	O
die	O
alte	O
Leier	O
,	O
deren	O
hohler	O
Ton	O
ihn	O
manchmal	O
zur	O
Verzweiflung	O
bringen	O
wollte	O
,	O
mochte	O
er	O
andern	O
noch	O
so	O
wohlgefällig	O
in	RELATION
das	O
anspruchslose	O
Ohr	RAUMHINWEIS
klingen	RELATIONALES VERB
!	O
An	O
den	O
Abend	O
bei	RELATION
dem	O
Ministerial-Direktor	RAUMHINWEIS
dachte	O
er	O
mit	O
sehr	O
gemischten	O
Gefühlen	O
.	O
Wenn	O
er	O
es	O
recht	O
überlegte	O
,	O
waren	O
die	O
Hoffnungen	O
,	O
in	O
denen	O
er	O
sich	O
während	O
jener	O
paar	O
Stunden	O
gewiegt	O
,	O
bunte	O
Seifenblasen	O
gewesen	O
.	O
Weshalb	O
hatte	O
man	O
ihn	O
eingeladen	RELATIONALES VERB
?	O
Doch	O
um	O
seiner	O
selbst	O
willen	O
wahrhaftig	O
nicht	O
.	O
Doch	O
nur	O
,	O
damit	O
er	O
sich	O
des	O
faulen	O
Schlingels	O
,	O
des	O
Oskar	O
Sudenburg	O
,	O
annehme	O
,	O
der	O
,	O
die	O
richtige	O
Berliner	RAUMBESCHREIBUNG
Treibhauspflanze	O
,	O
eines	O
Mentors	O
freilich	O
auch	O
sehr	O
dringend	O
bedurfte	O
.	O
Man	O
würde	O
ihn	O
sich	O
in	O
derselben	O
Absicht	O
noch	O
ein	O
-	O
oder	O
zweimal	O
kommen	RELATIONALES VERB
lassen	O
--	O
natürlich	O
nur	O
zu	RELATION
den	O
großen	RAUMBESCHREIBUNG
routs	RAUMHINWEIS
,	O
wo	RELATION
er	O
in	RELATION
der	O
Menge	RAUMHINWEIS
verschwinden	RELATIONALES VERB
konnte	O
--	O
bis	O
er	O
den	O
Jungen	O
nach	RELATION
Prima	RAUMHINWEIS
gelotst	RELATIONALES VERB
hatte	O
,	O
wo	RELATION
denn	O
anstatt	O
seiner	O
der	O
Kollege	O
in	RELATION
Prima	RAUMHINWEIS
an	O
die	O
Reihe	O
kam	O
.	O
Was	O
war	O
man	O
denn	O
diesen	O
Aristokraten	O
anderes	O
als	O
ein	O
Werkzeug	O
!	O
Hatte	O
es	O
seinen	O
Dienst	O
gethan	O
,	O
warf	RAUMMETAPHER
man	RAUMMETAPHER
es	RAUMMETAPHER
zu	RAUMMETAPHER
dem	RAUMMETAPHER
alten	RAUMMETAPHER
Eisen	RAUMMETAPHER
.	O
Die	O
Socialdemokraten	O
hatten	O
ganz	O
recht	O
:	O
jedes	O
Zugeständnis	O
,	O
das	O
sie	O
unsereinem	O
machen	O
,	O
wird	O
ihnen	O
durch	O
die	O
Not	O
und	O
die	O
Furcht	O
abgepreßt	O
.	O
Ganz	O
vergebene	O
Mühe	O
,	O
ihnen	O
zu	O
schmeicheln	O
,	O
um	O
ihre	O
Gunst	O
zu	O
buhlen	O
!	O
Den	O
Fuß	RAUMMETAPHER
muß	RAUMMETAPHER
man	RAUMMETAPHER
ihnen	RAUMMETAPHER
auf	RAUMMETAPHER
den	RAUMMETAPHER
steifen	RAUMMETAPHER
Nacken	RAUMMETAPHER
setzen	RAUMMETAPHER
;	O
ihre	O
Herrlichkeit	O
vor	RAUMMETAPHER
die	RAUMMETAPHER
Füße	RAUMMETAPHER
werfen	RAUMMETAPHER
--	O
ihre	O
freche	O
,	O
zusammengelogene	O
und	O
gestohlene	O
,	O
brutale	O
Herrlichkeit	O
!	O
Ah	O
,	O
ein	O
Luther	O
!	O
ein	O
Luther	O
!	O
Nicht	O
der	O
Reformator	O
der	O
Kirche	ORT
,	O
die	O
doch	O
zerbröckelt	RAUMMETAPHER
und	O
an	RELATION
der	RAUMHINWEIS
nichts	O
mehr	O
zu	O
halten	RAUMMETAPHER
ist	O
!	O
Nein	O
,	O
der	O
die	O
eisernen	RAUMMETAPHER
Fessel	RAUMMETAPHER
sprengt	RAUMMETAPHER
,	O
mit	O
denen	O
die	O
Junker	O
und	O
ihre	O
Spießgesellen	O
ein	O
mündig	O
gewordenes	O
Volk	O
noch	O
immer	O
einzwängen	RAUMMETAPHER
!	O
die	O
schandbaren	O
Fessel	RAUMMETAPHER
,	RAUMMETAPHER
an	RAUMMETAPHER
welchen	RAUMMETAPHER
sie	RAUMMETAPHER
in	RAUMMETAPHER
den	RAUMMETAPHER
Bauernkriegen	RAUMMETAPHER
schon	RAUMMETAPHER
gerüttelt	RAUMMETAPHER
haben	RAUMMETAPHER
,	O
die	O
Armen	O
und	O
Elenden	O
--	O
meine	O
Ahnen	O
!	O
Deren	O
Söhnen	O
einzig	O
und	O
allein	O
noch	O
frisches	O
,	O
kraftvolles	O
Blut	RAUMHINWEIS
durch	RELATION
die	O
Adern	RAUMHINWEIS
rollt	RELATIONALES VERB
!	O
einzig	O
und	O
allein	O
noch	O
der	O
Funke	O
der	O
Freiheit	RAUMTHEMA
die	O
Herzen	RAUMHINWEIS
erglühen	O
macht	O
!	O
Und	O
während	O
Albrecht	O
so	O
in	O
der	O
Phantasie	O
die	O
Welt	ORT
in	RELATION
Trümmer	RAUMHINWEIS
schlug	RELATIONALES VERB
,	O
raunte	O
ihm	O
eine	O
leise	O
Stimme	O
ins	RELATION
Ohr	RAUMHINWEIS
:	O
möchte	O
sie	O
doch	O
bestehen	O
und	O
bleiben	O
,	O
wie	O
sie	O
ist	O
,	O
könntest	O
Du	O
einmal	O
,	O
nur	O
einmal	O
von	RELATION
ihren	O
Lippen	RAUMHINWEIS
die	O
Worte	O
hören	RELATIONALES VERB
:	O
ich	O
liebe	O
Dich	O
!	O
Er	O
durfte	O
sich	O
sagen	O
,	O
und	O
sagte	O
es	O
sich	O
diese	O
Tage	O
wieder	O
und	O
wieder	O
,	O
daß	O
er	O
es	O
für	O
seine	O
Verhältnisse	O
erfreulich	O
weit	RAUMMETAPHER
in	RAUMMETAPHER
seinem	RAUMMETAPHER
Berufe	RAUMMETAPHER
gebracht	RAUMMETAPHER
habe	O
,	O
und	O
nach	O
menschlicher	O
Berechnung	O
noch	O
ein	O
gut	O
Stück	O
weiter	RAUMMETAPHER
bringen	RAUMMETAPHER
werde	O
.	O
Und	O
hatte	O
sich	O
auch	O
der	O
Lorbeer	O
des	O
Dichters	O
noch	O
immer	O
nicht	O
auf	RAUMMETAPHER
seine	RAUMMETAPHER
Stirn	RAUMMETAPHER
senken	RAUMMETAPHER
wollen	O
,	O
über	O
kurz	O
oder	O
lang	O
mußte	O
es	O
doch	O
geschehen	O
:	O
nannte	O
man	O
die	O
besten	O
Namen	O
,	O
würde	O
man	O
auch	O
den	O
seinen	O
nennen	O
.	O
Aber	O
die	O
Anerkennung	O
des	O
Gelehrten	O
,	O
den	O
Ruhm	O
des	O
Dichters	O
und	O
alles	O
hätte	O
er	O
freudig	O
hingegeben	RELATIONALES VERB
für	O
die	O
Erfüllung	O
des	O
großen	O
Traumes	O
seines	O
Lebens	O
:	O
geliebt	O
zu	O
werden	O
von	RELATION
einer	O
Frau	RAUMHINWEIS
,	O
wie	O
--	O
wie	O
--	O
nun	O
ja	O
,	O
beim	O
Himmel	RAUMMETAPHER
!	O
wie	O
die	O
,	O
an	RELATION
deren	O
Seite	RELATION
er	O
an	O
jenem	O
Abend	O
gesessen	RELATIONALES VERB
hatte	O
!	O
Das	O
wäre	O
sein	O
Adelsdiplom	O
gewesen	O
!	O
Die	O
Bürgschaft	O
dafür	O
,	O
daß	O
er	O
,	O
der	O
arme	O
Bergmannssohn	O
,	O
ebenbürtig	O
war	O
den	O
Hoch	RAUMMETAPHER
-	O
und	O
Höchstgeborenen	RAUMMETAPHER
!	O
Daß	O
nicht	O
,	O
was	O
er	O
mit	O
andern	O
teilte	RELATIONALES VERB
:	O
sein	O
bißchen	O
Wissen	O
und	O
Können	O
,	O
ihm	O
zum	O
Siege	O
verholfen	O
bei	O
des	O
Lebens	O
olympischen	O
Spielen	O
,	O
sondern	O
das	O
Beste	O
,	O
was	O
der	O
Mensch	O
ist	O
und	O
hat	O
und	O
das	O
er	O
mit	O
niemand	O
teilen	RELATIONALES VERB
kann	O
und	O
worauf	O
er	O
für	O
sein	O
Teil	O
deshalb	O
von	O
jeher	O
den	O
höchsten	O
,	O
ja	O
,	O
einzig	O
und	O
allein	O
Wert	O
gelegt	O
hatte	O
:	O
seine	O
Persönlichkeit	O
.	O
Eine	O
Stunde	O
lang	O
hatte	O
er	O
sich	O
in	O
diesem	O
holden	O
Traum	O
gewiegt	O
.	O
Sein	O
Ideal	O
,	O
das	O
nur	O
immer	O
,	O
eine	O
goldene	O
Morgen	RAUMMETAPHER
-	RAUMMETAPHER
und	RAUMMETAPHER
Abendwolke	RAUMMETAPHER
,	RAUMMETAPHER
in	RAUMMETAPHER
unerreichbarer	RAUMMETAPHER
Ferne	RAUMMETAPHER
vor	RAUMMETAPHER
seines	RAUMMETAPHER
Geistes	RAUMMETAPHER
Aug	RAUMMETAPHER
,	RAUMMETAPHER
dahingeschwebt	RAUMMETAPHER
war	O
--	O
hier	ORT
hatte	O
es	O
in	O
wonnesamster	O
Leibhaftigkeit	O
vor	RELATION
ihm	RAUMHINWEIS
gestanden	RELATIONALES VERB
:	O
die	O
hohe	RAUMBESCHREIBUNG
,	O
schlanke	RAUMBESCHREIBUNG
Gestalt	RAUMHINWEIS
,	O
die	O
feinen	O
,	O
aristokratischen	O
Züge	RAUMHINWEIS
,	O
die	O
großen	RAUMBESCHREIBUNG
,	O
stolzen	O
Augen	RAUMHINWEIS
,	O
das	O
reiche	RAUMBESCHREIBUNG
,	O
weiche	O
,	O
dunkle	O
Haar	RAUMHINWEIS
,	O
der	O
königliche	O
Anstand	O
,	O
die	O
lässige	O
Anmut	O
jeder	O
,	O
auch	O
der	O
kleinsten	O
Bewegung	RAUMHINWEIS
,	O
die	O
etwas	O
tiefe	O
,	O
metallische	O
Stimme	O
selbst	O
--	O
er	O
hatte	O
sich	O
in	O
jener	O
seligen	O
Stunde	O
immer	O
wieder	O
gefragt	O
:	O
ist	O
es	O
denn	O
möglich	O
?	O
kann	O
es	O
denn	O
sein	O
?	O
hat	O
denn	O
wirklich	O
endlich	O
der	O
Himmel	RAUMMETAPHER
Barmherzigkeit	RAUMMETAPHER
geübt	RAUMMETAPHER
und	O
will	O
den	O
brennenden	O
Durst	O
löschen	O
des	O
Verschmachtenden	O
in	RAUMMETAPHER
der	RAUMMETAPHER
Wüste	RAUMMETAPHER
?	O
Und	O
er	O
hatte	O
an	RAUMMETAPHER
dem	RAUMMETAPHER
labenden	RAUMMETAPHER
Quell	RAUMMETAPHER
getrunken	RAUMMETAPHER
mit	RAUMMETAPHER
vollen	RAUMMETAPHER
,	O
gierigen	O
Zügen	O
!	O
ihr	O
holdseliges	O
Wesen	O
in	RELATION
sich	RAUMHINWEIS
gesogen	RELATIONALES VERB
mit	O
dem	O
süßen	O
Duft	O
,	O
der	O
von	RELATION
ihrem	O
Haar	RAUMHINWEIS
auszuströmen	RELATIONALES VERB
schien	O
und	O
sie	O
umwitterte	RELATIONALES VERB
wie	O
eine	O
köstliche	O
Sommergartenblume	O
!	O
ihr	O
hoheitsvolles	RAUMMETAPHER
Bild	RAUMMETAPHER
eingegraben	RAUMMETAPHER
in	RAUMMETAPHER
sein	RAUMMETAPHER
Gedächtnis	RAUMMETAPHER
,	O
daß	O
es	O
dastand	RELATIONALES VERB
in	O
leuchtender	O
Schöne	O
,	O
wie	O
von	O
eines	O
Raphael	O
,	O
eines	O
Tizian	O
Hand	RAUMHINWEIS
gemalt	O
,	O
tagsüber	O
,	O
wo	RELATION
er	O
ging	RELATIONALES VERB
und	O
stand	RELATIONALES VERB
,	O
im	O
Dunkel	O
der	O
Nacht	O
selbst	O
,	O
wenn	O
er	O
das	O
schlummerlose	O
tief	RAUMBESCHREIBUNG
in	RELATION
die	O
Kissen	RAUMHINWEIS
drückte	RELATIONALES VERB
,	O
damit	O
Klara	O
,	O
die	O
nebenan	RELATION
mit	RELATION
den	O
Kindern	RAUMHINWEIS
schlief	RELATIONALES VERB
,	O
sein	O
verzweifeltes	O
Stöhnen	O
nicht	O
hörte	RELATIONALES VERB
!	O
