Franziska	O
Gräfin	O
zu	O
Reventlow	O
Der	O
Selbstmordverein	O
Novellistischer	O
Roman	O
aus	O
dem	O
Nachlaß	O
Die	O
Geschichte	O
fing	O
damit	O
an	O
,	O
daß	O
der	O
junge	O
Baron	O
Henning	O
bei	RELATION
einem	O
Künstlerball	RAUMHINWEIS
eine	O
Dame	O
kennenlernte	RELATIONALES VERB
,	O
die	O
sich	O
Lucy	O
nannte	O
und	O
durchaus	O
rätselhaft	O
blieb	O
.	O
Sie	O
war	O
später	O
wieder	O
mit	RELATION
ihm	RAUMHINWEIS
verschwunden	RELATIONALES VERB
--	O
man	O
wußte	O
von	O
beiden	O
nichts	O
Näheres	O
.	O
Lucy	O
war	O
nicht	O
eigentlich	O
schön	O
,	O
aber	O
,	O
wie	O
von	O
allen	O
Sachverständigen	O
festgestellt	O
wurde	O
,	O
ungemein	O
reizvoll	O
,	O
mit	O
einem	O
weißen	O
,	O
sanften	O
Gesicht	RAUMHINWEIS
und	O
einem	O
Mund	RAUMHINWEIS
,	O
der	O
eher	O
zu	O
frechen	O
und	O
pikanten	O
Zügen	RAUMHINWEIS
gepaßt	RELATIONALES VERB
hätte	O
.	O
Er	O
war	O
auffallend	O
rot	O
und	O
die	O
Oberlippe	RAUMHINWEIS
kurz	RAUMBESCHREIBUNG
,	O
so	O
daß	O
die	O
Zähne	RELATION
stets	O
ein	O
wenig	O
herausfordernd	O
zum	RELATION
Vorschein	RAUMHINWEIS
kamen	RELATIONALES VERB
.	O
Eben	O
in	RELATION
diesen	O
Gegensatz	O
verliebte	O
sich	O
Henning	O
,	O
aber	O
nachdem	O
er	O
einmal	O
mit	RELATION
ihr	RAUMHINWEIS
getanzt	RELATIONALES VERB
hatte	O
,	O
gelang	O
es	O
ihm	O
nicht	O
,	O
ihr	RAUMHINWEIS
mehr	O
nahezukommen	RELATIONALES VERB
und	O
die	O
Bekanntschaft	RAUMHINWEIS
,	O
wie	O
er	O
es	O
gewünscht	O
hätte	O
,	O
festzulegen	O
,	O
so	O
daß	O
eine	O
Fortsetzung	O
folgen	O
konnte	O
.	O
Er	O
wurde	O
sich	O
nicht	O
einmal	O
klar	O
,	O
in	O
welche	O
Sphäre	O
sie	O
einzureihen	O
sei	O
,	O
--	O
vielleicht	O
in	O
die	O
zweifelhafte	O
,	O
es	O
konnte	O
aber	O
auch	O
ein	O
junges	O
Mädchen	O
oder	O
eine	O
verheiratete	O
Frau	O
sein	O
,	O
die	O
im	O
Rahmen	O
des	O
zwanglosen	O
Festes	RAUMHINWEIS
über	O
die	O
Stränge	O
schlug	O
.	O
Der	O
Schwede	O
behandelte	O
sie	O
korrekt	O
und	O
anscheinend	O
mit	O
Hochachtung	O
,	O
sie	O
zeigte	RELATIONALES VERB
auch	O
einwandfreie	O
Manieren	O
,	O
tanzte	O
aber	O
wie	O
toll	O
,	O
völlig	O
hingerissen	O
,	O
man	O
hätte	O
beinah	O
sagen	O
können	O
,	O
disparat	O
,	O
und	O
gegen	O
Schluß	O
des	O
Balles	RAUMHINWEIS
,	O
als	O
die	O
Stimmung	O
den	O
üblichen	O
Höhepunkt	O
vor	O
Schluß	O
und	O
Aufbruch	RAUMTHEMA
erreichte	O
,	O
schwang	RELATIONALES VERB
Lucy	O
,	O
die	O
Fremde	O
und	O
Undefinierbare	O
,	O
sich	O
mit	O
Hilfe	O
ihres	O
Kavaliers	O
auf	RELATION
den	O
Tisch	RAUMHINWEIS
,	O
an	RELATION
dessen	O
Ende	RAUMHINWEIS
Henning	O
mit	O
seiner	O
Gesellschaft	RAUMHINWEIS
saß	RELATIONALES VERB
,	O
und	O
tanzte	O
einen	O
raschen	O
wirbelnden	RELATIONALES VERB
Tanz	RAUMHINWEIS
,	O
sprang	RELATIONALES VERB
leichtfüßig	O
wieder	O
herunter	RELATION
und	O
war	O
dann	O
endgültig	O
verschwunden	RELATIONALES VERB
.	O
Henning	O
war	O
schon	O
müde	O
und	O
saß	RELATIONALES VERB
da	ORT
in	O
einer	O
Art	O
von	O
Betäubung	O
,	O
er	O
sah	RELATIONALES VERB
nur	O
die	O
leichten	O
,	O
wirbelnden	RELATIONALES VERB
Füße	RAUMHINWEIS
in	RELATION
den	O
zierlichsten	RAUMBESCHREIBUNG
Schuhen	RAUMHINWEIS
und	O
durchsichtigsten	O
Strümpfen	RAUMHINWEIS
,	O
die	O
man	O
sich	O
denken	O
konnte	O
,	O
die	O
schwarze	O
,	O
funkelnde	O
Seide	O
ihres	O
Kleides	RAUMHINWEIS
,	O
das	O
sich	O
raschelnd	O
drehte	RELATIONALES VERB
,	O
und	O
sah	RELATIONALES VERB
von	RELATION
unten	RELATION
herauf	RELATION
in	RELATION
das	O
schon	O
erwähnte	O
sanfte	O
Gesicht	RAUMHINWEIS
mit	O
den	O
dunklen	O
Augen	RAUMHINWEIS
und	O
dem	O
impertinenten	O
Mund	RAUMHINWEIS
.	O
Dann	O
stand	RELATIONALES VERB
er	O
noch	O
eine	O
Weile	O
vor	RELATION
dem	O
Hotel	ORT
,	O
während	O
die	O
Gäste	O
sich	O
allmählich	O
verliefen	RELATIONALES VERB
und	O
die	O
Autos	RAUMTHEMA
nach	RELATION
allen	O
Seiten	RELATION
davonstoben	RELATIONALES VERB
,	O
und	O
ging	RELATIONALES VERB
schließlich	O
nach	RELATION
Hause	ORT
,	O
um	O
bis	O
zum	O
nächsten	O
Nachmittag	O
zu	O
schlafen	O
.	O
Er	O
wohnte	RELATIONALES VERB
damals	O
mit	O
seinem	O
Freund	O
,	O
dem	O
Doktor	O
Burmann	O
,	O
zusammen	RELATION
,	O
der	O
das	O
Fest	RAUMHINWEIS
nicht	O
mitgemacht	O
hatte	O
,	O
denn	O
er	O
war	O
ein	O
vielbeschäftigter	O
Arzt	O
und	O
noch	O
spät	O
abends	O
zu	RELATION
einem	O
Kranken	RAUMHINWEIS
gerufen	RELATIONALES VERB
worden	O
.	O
Mit	O
einigen	O
Stoßseufzern	O
über	O
den	O
ewigen	O
Zwang	O
seiner	O
Berufspflichten	O
warf	RELATIONALES VERB
er	O
sich	O
in	RELATION
den	O
Sessel	RAUMHINWEIS
,	O
als	O
man	O
sich	O
gegen	O
fünf	O
Uhr	O
zum	O
Tee	O
zusammenfand	RELATIONALES VERB
,	O
und	O
hörte	RELATIONALES VERB
dann	O
nachdenklich	O
Hennings	O
Bericht	O
an	RELATIONALES VERB
.	O
Der	O
lag	RELATIONALES VERB
lang	RAUMBESCHREIBUNG
hingestreckt	RELATIONALES VERB
in	RELATION
seinem	O
Schaukelstuhl	RAUMHINWEIS
,	O
den	RAUMHINWEIS
er	O
jedem	O
anderen	O
Möbel	RAUMHINWEIS
vorzog	O
,	O
ein	O
wenig	O
übernächtigt	O
und	O
so	O
nervös	O
,	O
daß	O
er	O
jedesmal	O
zusammenfuhr	RELATIONALES VERB
,	O
wenn	O
es	O
draußen	RELATION
klingelte	O
.	O
Das	O
aber	O
geschah	O
des	O
öfteren	O
,	O
denn	O
die	O
beiden	O
Junggesellen	O
machten	O
sozusagen	O
ein	O
Haus	ORT
.	O
Außer	O
den	O
Konsultationsräumen	ORT
im	RELATION
Parterre	ORT
hatten	O
sie	O
eine	O
umfangreiche	RAUMBESCHREIBUNG
Etage	ORT
inne	O
und	O
sahen	RELATIONALES VERB
gerne	O
ihre	O
Bekannten	O
bei	RELATION
sich	RAUMHINWEIS
.	O
Die	O
damit	O
verbundenen	O
Äußerlichkeiten	RAUMHINWEIS
wickelten	O
sich	O
in	O
guter	O
Ordnung	RAUMTHEMA
und	O
ziemlich	O
unmerkbar	O
ab	O
,	O
eine	O
tüchtige	O
Wirtschafterin	O
,	O
die	O
fast	O
nie	O
zum	RELATION
Vorschein	RAUMHINWEIS
kam	RELATIONALES VERB
,	O
sorgte	O
für	O
den	O
Haushalt	RAUMHINWEIS
,	O
und	O
die	O
sichtbare	O
Bedienung	O
lag	O
dem	O
alten	O
Diener	O
Josias	O
ob	O
,	O
den	O
Henning	O
sich	O
von	RELATION
daheim	ORT
mitgebracht	RELATIONALES VERB
hatte	O
,	O
und	O
der	O
mit	O
seinem	O
weißen	O
Haar	RAUMHINWEIS
und	O
Bart	RAUMHINWEIS
aussah	RELATIONALES VERB
wie	O
ein	O
greiser	O
König	O
,	O
der	O
seine	O
Krone	RAUMHINWEIS
verloren	RELATIONALES VERB
hat	O
.	O
Und	O
schließlich	O
gab	O
es	O
noch	O
Frau	O
Käthe	O
,	O
Burmanns	O
platonische	O
Freundin	O
,	O
wie	O
sie	O
selbst	O
sich	O
gerne	O
nennen	O
hörte	RELATIONALES VERB
,	O
da	O
sie	O
gleichen	O
Wert	O
auf	O
ihre	O
Bewegungsfreiheit	RAUMTHEMA
wie	O
auf	O
ihren	O
guten	O
Ruf	O
legte	O
.	O
Sie	O
hatten	O
sich	O
schon	O
als	O
Kinder	O
gekannt	O
und	O
pflegten	O
seitdem	O
eine	O
Art	O
geschwisterlicher	O
Beziehung	O
.	O
So	O
ging	RELATIONALES VERB
sie	O
unbekümmert	O
aus	RELATION
und	O
ein	RELATION
,	O
sah	RELATIONALES VERB
ein	O
wenig	O
nach	O
dem	O
Rechten	O
und	O
spielte	O
gelegentlich	O
,	O
wenn	O
man	O
Gäste	O
einlud	RELATIONALES VERB
,	O
die	O
Hausfrau	O
,	O
oder	O
wenn	O
der	O
Doktor	O
schwierige	O
Patienten	O
hatte	O
,	O
auch	O
die	O
Empfangsdame	O
.	O
Im	O
übrigen	O
war	O
sie	O
früh	O
Witwe	O
geworden	O
und	O
hatte	O
keine	O
Lust	O
,	O
sich	O
wieder	O
zu	O
verheiraten	O
.	O
Sie	O
kam	RELATIONALES VERB
denn	O
auch	O
heute	O
,	O
fiel	O
mitten	O
in	O
das	O
Gespräch	O
der	O
beiden	O
Freunde	O
hinein	O
und	O
erklärte	O
in	O
ihrer	O
heiteren	O
,	O
energischen	O
Art	O
,	O
sie	O
merke	O
wohl	O
,	O
daß	O
sie	O
störe	O
,	O
aber	O
es	O
fiele	O
ihr	O
nicht	O
ein	O
,	O
wieder	O
fortzugehn	RELATIONALES VERB
,	O
im	O
Gegenteil	O
,	O
man	O
müsse	O
ihr	O
helfen	O
,	O
diesen	O
trostlosen	O
Regensonntag	O
totzuschlagen	O
.	O
Damit	O
hatte	O
sie	O
auch	O
schon	O
ihren	O
Pelz	RAUMHINWEIS
mitten	RELATION
ins	RELATION
Zimmer	ORT
über	RELATION
einen	O
Stuhl	RAUMHINWEIS
geworfen	RELATIONALES VERB
,	O
sich	O
einen	O
bequemen	O
Sessel	RAUMHINWEIS
dicht	RAUMBESCHREIBUNG
an	RELATION
den	O
Ofen	RAUMHINWEIS
geschoben	RELATIONALES VERB
und	O
verlangte	O
Tee	O
,	O
einen	O
guten	O
,	O
heißen	O
Tee	O
mit	O
Arrak	O
.	O
Der	O
alte	O
Josias	O
,	O
der	O
sie	O
tief	O
und	O
stumm	O
verehrte	O
,	O
beschleunigte	O
seine	O
feierlichen	O
Bewegungen	RAUMHINWEIS
,	O
bis	O
alles	O
Nötige	O
am	RELATION
Platze	RAUMHINWEIS
war	O
,	O
rollte	RELATIONALES VERB
den	O
Teetisch	RAUMHINWEIS
herbei	RELATION
,	O
schenkte	RELATIONALES VERB
ein	RELATIONALES VERB
und	O
verschwand	RELATIONALES VERB
.	O
--	O
--	O
--	O
	O
So	O
,	O
jetzt	O
geht	O
es	O
mir	O
schon	O
besser	O
``	O
,	O
sagte	O
Frau	O
Käthe	O
,	O
	O
und	O
jetzt	O
soll	O
es	O
meinetwegen	O
weiterregnen	O
,	O
aber	O
zu	RELATION
Hause	ORT
--	O
mir	O
war	O
heute	O
zumut	O
wie	O
einer	O
richtigen	O
einsamen	O
Witwe	O
,	O
die	O
eigentlich	O
in	RELATION
die	O
Kirche	ORT
gehen	RELATIONALES VERB
sollte	O
und	O
nachher	O
Wohltätigkeitsbesuche	RAUMHINWEIS
machen	O
.	O
``	O
	O
Äh	O
,	O
und	O
statt	O
dessen	O
kamen	RELATIONALES VERB
Sie	O
zu	RELATION
uns	RAUMHINWEIS
--	O
zu	RELATION
den	O
Armen	RAUMHINWEIS
im	O
Geist	O
,	O
mit	O
der	O
gütigen	O
Absicht	O
,	O
uns	O
etwas	O
aufzuhellen	O
.	O
``	O
	O
Er	O
tut	O
uns	O
unrecht	O
``	O
,	O
sagte	O
Burmann	O
,	O
	O
denn	O
grade	O
heute	O
können	O
wir	O
dir	O
etwas	O
Besonderes	O
bieten	O
,	O
Käthe	O
.	O
Wir	O
haben	O
ein	O
neues	O
Thema	O
.	O
``	O
Henning	O
machte	O
eine	O
ablehnende	O
Handbewegung	RAUMHINWEIS
,	O
aber	O
der	O
andere	O
fuhr	O
unerbittlich	O
fort	O
.	O
	O
Ein	O
ganz	O
neues	O
Thema	O
,	O
wenn	O
es	O
auch	O
das	O
ewig	O
alte	O
Lied	O
ist	O
...	O
``	O
	O
O	O
wie	O
langweilig	O
``	O
,	O
meinte	O
Frau	O
Käthe	O
...	O
	O
also	O
Liebe	O
.	O
Hat	O
sich	O
wieder	O
einmal	O
einer	O
von	O
euch	O
verliebt	O
?	O
Das	O
ist	O
doch	O
nichts	O
Neues	O
.	O
``	O
	O
Freilich	O
etwas	O
Neues	O
und	O
ganz	O
Ungewöhnliches	O
,	O
denn	O
Henning	O
ist	O
seit	O
gestern	O
nacht	O
in	RELATION
ein	O
Phantom	O
verliebt	O
und	O
wird	O
,	O
wie	O
ich	O
ihn	O
kenne	O
,	O
nun	O
diesem	O
Phantom	O
nachjagen	RELATIONALES VERB
,	O
wie	O
er	O
bisher	O
wirklichen	O
und	O
realen	O
Frauen	O
nachlief	RELATIONALES VERB
.	O
``	O
	O
Wetten	O
,	O
daß	O
sie	O
es	O
auf	O
mich	O
abgesehen	O
hat	O
?	O
``	O
sagte	O
Henning	O
.	O
	O
Als	O
sie	O
anfing	O
zu	O
tanzen	O
,	O
hat	O
sie	O
mir	O
einen	O
Blick	RAUMHINWEIS
zugeworfen	RELATIONALES VERB
,	O
und	O
als	O
sie	O
aufhörte	O
,	O
eine	O
Bewegung	RAUMHINWEIS
mit	RELATION
der	O
Hand	RAUMHINWEIS
--	O
--	O
--	O
``	O
	O
Aber	O
dann	O
verschwand	RELATIONALES VERB
sie	O
.	O
``	O
	O
Ich	O
werd	O
,	O
sie	O
schon	O
wiederfinden	RELATIONALES VERB
...	O
Wenn	O
ich	O
nur	O
wüßte	O
,	O
was	O
sie	O
mit	O
dem	O
verdammten	O
Schweden	O
zu	O
tun	O
hat	O
.	O
``	O
	O
Nun	O
,	O
vermutlich	O
hat	O
sie	O
eine	O
Liaison	O
mit	O
ihm	O
.	O
``	O
Henning	O
stöhnte	O
,	O
und	O
Frau	O
Käthe	O
begann	O
nun	O
viele	O
Fragen	O
zu	O
tun	O
.	O
Sie	O
wollte	O
alles	O
ganz	O
genau	O
wissen	O
und	O
wurde	O
geradezu	O
ärgerlich	O
über	O
die	O
Unterbrechung	O
,	O
als	O
es	O
draußen	RELATION
klingelte	O
,	O
zwei	O
,	O
dreimal	O
rasch	O
hintereinander	O
.	O
Dann	O
steckte	RELATIONALES VERB
der	O
alte	O
Diener	O
den	O
Kopf	RAUMHINWEIS
in	RELATION
die	O
Tür	RAUMTHEMA
:	O
	O
Fräulein	O
Nini	O
``	O
,	O
meldete	O
er	O
vorsichtig	O
und	O
sah	RELATIONALES VERB
seinen	O
Herrn	O
fragend	O
an	RELATIONALES VERB
.	O
	O
Wegschicken	RELATIONALES VERB
,	O
Josias	O
,	O
ich	O
bin	O
heute	O
durchaus	O
nicht	O
zu	O
sprechen	O
.	O
``	O
Und	O
während	O
das	O
geräuschlos	O
und	O
taktvoll	O
ausgeführt	O
wurde	O
,	O
stöhnte	O
er	O
wiederum	O
ein	O
wenig	O
:	O
	O
O	O
Gott	O
...	O
wie	O
bin	O
ich	O
all	O
diese	O
Ninis	O
und	O
Lulus	O
müde	O
--	O
-	O
Sonntag	O
nachmittag	O
--	O
Dämmerung	O
--	O
Langeweile	O
--	O
Pardon	O
,	O
ich	O
nehme	O
an	O
,	O
daß	O
ihr	O
beiden	O
nicht	O
hier	ORT
wäret	O
--	O
und	O
dann	O
so	O
ein	O
herziges	O
Gesichterl	O
mit	O
einem	O
großen	RAUMBESCHREIBUNG
Hut	RAUMHINWEIS
oder	O
einem	O
winzigen	RAUMBESCHREIBUNG
Hut	RAUMHINWEIS
.	O
Und	O
das	O
setzt	RELATIONALES VERB
sich	O
dann	O
ans	RELATION
Klavier	RAUMHINWEIS
und	O
will	O
mich	O
aufheitern	O
und	O
singt	O
seine	O
Couplets	O
,	O
ein	O
rührsames	O
Volkslied	O
oder	O
je	O
nach	O
dem	O
Niveau	O
auch	O
etwas	O
anderes	O
und	O
will	O
soupieren	O
...	O
``	O
	O
Du	O
bist	O
heute	O
absolut	O
wie	O
der	O
Lebemann	O
in	RELATION
einem	O
mittelmäßigen	O
Salonstück	O
``	O
,	O
sagte	O
Burmann	O
.	O
	O
Schau	RELATIONALES VERB
ihn	O
nur	O
an	RELATIONALES VERB
,	O
Käthe	O
,	O
wie	O
er	O
dasitzt	RELATIONALES VERB
,	O
den	O
Kopf	RAUMHINWEIS
etwas	O
hintenüber	RELATION
,	O
die	O
Haltung	O
müde	O
,	O
die	O
Augen	RAUMHINWEIS
vor	O
lauter	O
Blasiertheit	O
nur	O
noch	O
zwei	O
schwarze	O
Ritzen	RAUMHINWEIS
und	O
:	O
fort	RELATION
mit	O
den	O
Ninis	O
und	O
Lulus	O
--	O
zum	O
Teufel	O
!	O
``	O
	O
So	O
hör	O
doch	O
endlich	O
einmal	O
auf	O
,	O
von	RELATION
mir	RAUMHINWEIS
zu	O
reden	O
.	O
``	O
	O
Ja	O
,	O
laß	O
ihn	O
in	O
Ruhe	O
,	O
mir	O
gefällt	O
er	O
heute	O
viel	O
besser	O
als	O
sonst	O
``	O
,	O
und	O
Frau	O
Käthe	O
rückte	RELATIONALES VERB
ihren	O
Sessel	RAUMHINWEIS
ganz	O
dicht	RAUMBESCHREIBUNG
zu	RELATION
Henning	RAUMHINWEIS
heran	RELATION
.	O
	O
Ja	O
,	O
sehen	RELATIONALES VERB
Sie	O
,	O
Baron	O
,	O
unser	O
lieber	O
Hans	O
Burmann	O
ist	O
ein	O
langweiliger	O
Mensch	O
mit	O
seiner	O
Praxis	ORT
und	O
seinen	O
Zielen	O
,	O
aber	O
wir	O
haben	O
noch	O
Sinn	O
für	O
Romantik	O
und	O
verstehen	O
uns	O
viel	O
besser	O
.	O
Schade	O
,	O
schade	O
,	O
daß	O
sie	O
sich	O
nie	O
in	RELATION
mich	RAUMHINWEIS
verliebt	O
haben	O
und	O
ich	O
hier	ORT
im	RELATION
Hause	ORT
nur	O
respektiert	O
und	O
gern	O
gesehen	RELATIONALES VERB
werde	O
--	O
--	O
--	O
Aber	O
wie	O
es	O
nun	O
einmal	O
ist	O
,	O
kann	O
ich	O
mich	O
gut	O
hineindenken	O
in	O
diese	O
Geschichte	O
.	O
Es	O
gefällt	O
mir	O
,	O
daß	O
Sie	O
sich	O
in	RELATION
diese	O
unwahrscheinliche	O
Lucy	RAUMHINWEIS
verliebt	O
haben	O
,	O
daß	O
grade	O
Sie	O
endlich	O
einmal	O
hinter	RELATION
einem	O
Phantom	RAUMHINWEIS
herlaufen	RELATIONALES VERB
wollen	O
--	O
ein	O
Phantom	O
mit	O
einem	O
verdammten	O
Schweden	O
--	O
das	O
ist	O
sehr	O
hübsch	O
...	O
Ach	O
Gott	O
,	O
schon	O
wieder	O
ein	O
Besuch	RAUMTHEMA
...	O
``	O
	O
Diesmal	O
wird	O
s	O
wohl	O
die	O
Lulu	O
sein	O
``	O
,	O
meinte	O
Henning	O
resigniert	O
,	O
	O
und	O
es	O
war	O
grade	O
so	O
nett	O
,	O
Ihnen	O
zuzuhören	RELATIONALES VERB
...	O
``	O
Er	O
küßte	RELATIONALES VERB
ihr	O
die	O
Hand	RAUMHINWEIS
.	O
Es	O
hatte	O
wieder	O
geschellt	O
,	O
aber	O
diesmal	O
viel	O
zuversichtlicher	O
als	O
vorhin	O
.	O
Ninis	O
Position	O
war	O
schon	O
seit	O
einiger	O
Zeit	O
ins	O
Schwanken	O
geraten	O
,	O
und	O
das	O
gab	O
sich	O
auch	O
in	O
ihrem	O
leicht	O
vibrierenden	O
Anläuten	O
kund	O
.	O
	O
Der	O
Herr	O
Vetter	O
und	O
Fräulein	O
Hedy	O
``	O
,	O
meldete	O
Josias	O
mit	O
wohlwollendem	O
Lächeln	O
,	O
und	O
schon	O
brachen	RELATIONALES VERB
die	O
beiden	O
Angekündigten	RAUMHINWEIS
mit	O
geräuschvollem	O
Vergnügen	O
ins	RELATION
Zimmer	ORT
ein	RELATIONALES VERB
,	O
ohne	O
erst	O
abzuwarten	RELATIONALES VERB
,	O
ob	O
sie	O
willkommen	O
waren	O
oder	O
nicht	O
.	O
Es	O
war	O
Burmanns	O
Vetter	O
Georg	O
,	O
ein	O
achtzehnjähriger	O
Gymnasiast	O
,	O
und	O
seine	O
Freundin	O
Hedy	O
,	O
die	O
kaum	O
siebzehn	O
zählte	O
.	O
Die	O
zwei	O
liebten	O
sich	O
,	O
machten	O
hier	ORT
im	RELATION
Hause	ORT
kein	O
Geheimnis	O
daraus	O
und	O
wurden	O
wohlwollend	O
protegiert	O
und	O
geduldet	O
.	O
Es	O
war	O
nichts	O
dabei	O
zu	O
machen	O
,	O
auch	O
wenn	O
die	O
Älteren	O
ihre	O
Bedenken	O
hatten	O
,	O
sie	O
waren	O
viel	O
zu	O
überzeugt	O
von	O
ihrer	O
guten	O
Sache	O
und	O
ihren	O
Rechten	O
an	O
das	O
Leben	O
.	O
Man	O
versuchte	O
wohl	O
hier	ORT
und	O
da	ORT
pädagogisch	O
auf	O
sie	O
einzuwirken	O
,	O
aber	O
es	O
nützte	O
gar	O
nichts	O
.	O
Sie	O
liebten	O
sich	O
und	O
basta	O
.	O
Sie	O
fanden	O
es	O
herrlich	O
und	O
wollten	O
keinen	O
Moment	O
verlieren	O
und	O
basta	O
.	O
Georg	O
war	O
seinem	O
Äußeren	RAUMHINWEIS
nach	O
ein	O
hübscher	O
Durchschnittsjunge	O
aus	RELATION
guter	O
Familie	O
,	O
Hedy	O
brünett	O
und	O
lebhaft	O
,	O
aus	O
wohlhabendem	O
Parvenümilieu	O
und	O
nach	O
dem	O
,	O
was	O
sie	O
erzählte	O
,	O
jedenfalls	O
darauf	O
berechnet	O
,	O
nach	O
einer	O
sorgfältigen	O
Erziehung	O
eine	O
gute	O
Partie	O
zu	O
machen	O
.	O
Sie	O
wollten	O
gleich	O
anfangen	O
,	O
von	O
ihren	O
neuesten	O
Eskapaden	O
und	O
Gaunerstreichen	O
zu	O
erzählen	O
,	O
aber	O
es	O
war	O
heute	O
keine	O
Stimmung	O
dafür	O
.	O
Man	O
ließ	O
sie	O
nicht	O
recht	O
aufkommen	O
,	O
versorgte	O
sie	O
nur	O
mit	O
Tee	O
und	O
Süßigkeiten	O
und	O
fuhr	O
fort	O
,	O
von	O
Lucy	O
und	O
dem	O
gestrigen	O
Fest	O
zu	O
sprechen	O
.	O
	O
Recht	O
so	O
,	O
Henning	O
``	O
,	O
sagte	O
der	O
kleine	O
Georg	O
,	O
als	O
er	O
erfaßt	O
hatte	O
,	O
worum	O
es	O
sich	O
handelte	O
.	O
	O
Machen	O
Sie	O
nur	O
einmal	O
Ernst	O
und	O
stecken	O
Sie	O
Ihr	O
Rouéleben	O
auf	O
--	O
das	O
ist	O
ja	O
langweilig	O
--	O
das	O
ist	O
ja	O
unschön	O
.	O
Grad	O
vorhin	O
sind	O
wir	O
Ihrer	O
Nini	O
begegnet	RELATIONALES VERB
--	O
Sie	O
haben	O
sie	O
wohl	O
weggeschickt	RELATIONALES VERB
,	O
und	O
dann	O
läuft	RELATIONALES VERB
sie	O
zu	RELATION
einem	O
anderen	RAUMHINWEIS
,	O
um	O
den	O
Abend	O
totzuschlagen	O
.	O
Das	O
ist	O
vielleicht	O
nicht	O
schön	O
von	O
ihr	O
,	O
aber	O
Sie	O
machen	O
sie	O
eben	O
auch	O
nicht	O
glücklich	O
.	O
``	O
	O
Was	O
wissen	O
denn	O
Sie	O
davon	O
,	O
Sie	O
dummer	O
Bub	O
?	O
``	O
Georg	O
und	O
Hedy	O
sahen	RELATIONALES VERB
sich	O
nur	O
an	RELATIONALES VERB
und	O
platzten	O
vor	O
Lachen	O
.	O
Sie	O
saßen	RELATIONALES VERB
da	ORT
und	O
tranken	O
alle	O
süßen	O
Schnäpse	O
aus	O
,	O
die	O
sie	O
nur	O
erreichen	RELATIONALES VERB
konnten	O
.	O
Oh	O
,	O
sie	O
kannten	O
das	O
Leben	O
und	O
waren	O
überzeugt	O
,	O
alle	O
anderen	O
seien	O
nur	O
elende	O
Stümper	O
.	O
Später	O
bestürmten	O
sie	O
Burmann	O
um	O
Geld	O
.	O
Sie	O
brauchten	O
immer	O
Geld	O
,	O
sie	O
mußten	O
Auto	RAUMTHEMA
fahren	RELATIONALES VERB
,	O
um	O
nicht	O
gesehen	RELATIONALES VERB
zu	O
werden	O
,	O
und	O
heute	O
wollten	O
sie	O
gemeinsam	RELATION
zu	O
Abend	O
essen	O
,	O
denn	O
Hedys	O
Eltern	O
gingen	RELATIONALES VERB
aus	RELATIONALES VERB
.	O
	O
Kinder	O
,	O
Kinder	O
``	O
,	O
sagte	O
Burmann	O
und	O
warf	RELATIONALES VERB
ihnen	O
ein	O
Goldstück	O
zu	RELATIONALES VERB
,	O
das	O
die	O
Kleine	O
geschickt	O
auffing	RELATIONALES VERB
.	O
Aber	O
sie	O
wurde	O
dunkelrot	O
dabei	O
.	O
	O
Wär	O
s	O
hingefallen	RELATIONALES VERB
,	O
so	O
müßten	O
wir	O
darauf	O
verzichten	O
,	O
Herr	O
Doktor	O
,	O
ich	O
kann	O
mir	O
doch	O
nicht	O
so	O
Geld	O
hinwerfen	RELATIONALES VERB
lassen	O
,	O
wie	O
eine	O
...	O
und	O
Georg	O
erst	O
recht	O
nicht	O
,	O
wenn	O
ich	O
dabei	RELATION
bin	O
.	O
``	O
	O
Eine	O
feine	O
Lektion	O
,	O
Hedy	O
,	O
ich	O
will	O
s	O
mir	O
merken	O
.	O
Bleiben	O
Sie	O
nur	O
bei	O
diesen	O
Empfindungen	O
,	O
damit	O
es	O
nicht	O
einmal	O
schiefgeht	O
mit	O
Ihnen	O
.	O
``	O
	O
Das	O
wird	O
es	O
nie	O
,	O
dazu	O
bin	O
ich	O
viel	O
zu	O
gut	O
erzogen	O
.	O
``	O
Sie	O
lächelte	O
vergnügt	O
und	O
ein	O
wenig	O
zweideutig	O
zu	RELATION
Georg	RAUMHINWEIS
hinüber	RELATION
.	O
Der	O
wurde	O
verlegen	O
:	O
	O
Du	O
könntest	O
es	O
mir	O
tatsächlich	O
ebensogut	O
in	RELATION
die	O
Hand	RAUMHINWEIS
geben	RELATIONALES VERB
,	O
Hans	O
,	O
oder	O
auf	RELATION
den	O
Tisch	RAUMHINWEIS
legen	RELATIONALES VERB
--	O
--	O
und	O
außerdem	O
reicht	O
es	O
nicht	O
.	O
Wir	O
müssen	O
Chambre	ORT
séparée	ORT
nehmen	RELATIONALES VERB
,	O
man	O
kann	O
überall	ORT
Leute	O
treffen	RELATIONALES VERB
.	O
``	O
	O
Nein	O
,	O
hört	RELATIONALES VERB
einmal	O
,	O
das	O
ist	O
doch	O
etwas	O
reichlich	O
``	O
,	O
protestierte	O
Käthe	O
,	O
die	O
sonst	O
diesem	O
Fall	O
ein	O
wenig	O
ratlos	O
gegenüberstand	O
,	O
	O
du	O
,	O
Georg	O
,	O
mußt	O
doch	O
an	O
Hedys	O
Ruf	O
denken	O
.	O
``	O
--	O
	O
Ich	O
heirate	O
sie	O
ja	O
.	O
``	O
Sie	O
bekamen	RELATIONALES VERB
nun	O
noch	O
ein	O
zweites	O
Goldstück	RAUMHINWEIS
,	O
welches	O
diesmal	O
in	O
aller	O
Form	O
überreicht	RELATIONALES VERB
wurde	O
,	O
und	O
zogen	RELATIONALES VERB
beglückt	O
vondannen	RELATION
.	O
Es	O
ging	O
jetzt	O
schon	O
gegen	O
Abend	O
,	O
der	O
Regen	O
rann	RELATIONALES VERB
immer	O
weiter	O
gleichmäßig	O
und	O
ermüdend	O
an	RELATION
den	O
Fenstern	RAUMTHEMA
nieder	RELATION
.	O
Man	O
hörte	RELATIONALES VERB
die	O
beiden	O
jungen	O
Leute	O
auf	RELATION
der	O
Treppe	RAUMTHEMA
noch	O
lachen	O
,	O
bis	O
die	O
Haustür	RAUMTHEMA
drunten	RELATION
ins	RELATION
Schloß	ORT
fiel	RELATIONALES VERB
,	O
und	O
lauschte	RELATIONALES VERB
ihnen	O
unwillkürlich	O
nach	RELATIONALES VERB
.	O
Burmann	O
war	O
aufgestanden	RELATIONALES VERB
und	O
wanderte	RELATIONALES VERB
im	RELATION
Zimmer	ORT
auf	RELATION
und	O
ab	RELATION
.	O
Dann	O
machte	RELATIONALES VERB
er	O
vor	RELATION
einer	O
Etagere	RAUMHINWEIS
halt	RELATIONALES VERB
,	O
auf	RELATION
der	RAUMHINWEIS
einige	O
indische	RAUMBESCHREIBUNG
Nippes	O
standen	RELATIONALES VERB
und	O
betrachtete	RELATIONALES VERB
sie	O
anscheinend	O
mit	O
gespannter	O
Aufmerksamkeit	O
.	O
	O
Hast	O
du	O
etwa	O
wieder	O
Verantwortungsgedanken	O
?	O
``	O
fragte	O
Henning	O
.	O
	O
Nein	O
--	O
Verantwortung	O
stimmt	O
nicht	O
ganz	O
.	O
Es	O
ist	O
nur	O
so	O
ein	O
dummes	O
Gefühl	O
...	O
Ich	O
hätte	O
mich	O
lieber	O
nicht	O
darauf	O
einlassen	O
sollen	O
,	O
in	O
diesem	O
Babyroman	O
den	O
Mitwisser	O
zu	O
machen	O
.	O
Ich	O
spiel	O
,	O
da	O
wirklich	O
eine	O
ungeschickte	O
Rolle	O
.	O
Für	O
die	O
beiden	O
bin	O
ich	O
der	O
ältere	O
Vetter	O
,	O
dem	O
man	O
blind	O
vertraut	O
und	O
Geld	O
abknöpft	O
,	O
dafür	O
darf	O
ich	O
dann	O
,	O
wenn	O
s	O
einmal	O
hapert	O
,	O
mit	RELATION
ihnen	O
durch	RAUMMETAPHER
dick	RAUMMETAPHER
und	RAUMMETAPHER
dünn	RAUMMETAPHER
gehen	RAUMMETAPHER
.	O
Und	O
den	O
etwaigen	O
Eltern	O
gegenüber	RELATION
--	O
stellt	O
euch	O
nur	O
den	O
Fall	O
vor	O
,	O
daß	O
etwas	O
aufkommt	O
oder	O
es	O
irgendein	O
Malheur	O
gibt	O
...	O
``	O
Er	O
machte	O
eine	O
ironische	O
Grimasse	O
--	O
	O
Ich	O
bin	O
es	O
so	O
gewöhnt	O
,	O
tadellos	O
dazustehen	O
,	O
und	O
ihr	O
habt	O
alle	O
nichts	O
Besseres	O
zu	O
tun	O
,	O
als	O
mich	O
jeden	O
Augenblick	O
in	O
eure	O
--	O
Verzeihung	O
--	O
zweifelhaften	O
Abenteuer	O
hineinzuziehen	RELATIONALES VERB
.	O
``	O
	O
Ich	O
doch	O
nicht	O
``	O
,	O
rief	RELATIONALES VERB
Käthe	O
empört	O
.	O
	O
Nein	O
,	O
du	O
machst	O
eine	O
rühmenswerte	O
Ausnahme	O
.	O
Wenn	O
du	O
welche	O
hast	O
,	O
weiß	O
man	O
wenigstens	O
nichts	O
davon	O
``	O
--	O
ihre	O
Blicke	RAUMHINWEIS
trafen	RELATIONALES VERB
sich	O
einen	O
Augenblick	O
,	O
und	O
Burmann	O
fühlte	O
eine	O
plötzliche	O
Neugier	O
in	RELATION
sich	RAUMHINWEIS
aufsteigen	RELATIONALES VERB
,	O
ob	O
diese	O
immerhin	O
hübsche	O
und	O
unabhängige	O
Frau	O
,	O
die	O
er	O
wie	O
eine	O
Art	O
Schwester	O
betrachtete	O
,	O
wohl	O
wirklich	O
so	O
ungestört	O
und	O
ohne	O
Erlebnisse	O
ihren	RAUMMETAPHER
Weg	RAUMMETAPHER
ging	RAUMMETAPHER
.	O
Aber	O
dann	O
bemerkte	O
er	O
,	O
daß	O
Henning	O
ihn	O
fragend	O
ansah	RELATIONALES VERB
,	O
und	O
kam	O
wieder	O
auf	O
seinen	O
Gedankengang	O
zurück	O
.	O
	O
Nein	O
,	O
mir	O
ist	O
nicht	O
ganz	O
wohl	O
dabei	O
,	O
denn	O
nach	O
meinen	O
bisherigen	O
Erfahrungen	O
gehen	O
die	O
meisten	O
Abenteuer	O
schlecht	O
aus	O
,	O
wenigstens	O
die	O
der	O
anderen	O
...	O
Mit	O
meinen	O
eigenen	O
Angelegenheiten	O
--	O
es	O
bleiben	O
eben	O
immer	O
Angelegenheiten	O
--	O
habe	O
ich	O
im	O
ganzen	O
weder	O
Glück	O
noch	O
Pech	O
.	O
Das	O
verläuft	O
alles	O
so	O
schön	O
friedlich	O
und	O
mittelmäßig	O
,	O
wie	O
es	O
sich	O
für	O
einen	O
normalen	O
Bürger	O
gehört	O
.	O
``	O
	O
Meinst	O
du	O
denn	O
,	O
Hans	O
,	O
daß	O
diese	O
beiden	O
Kinder	O
...	O
?	O
``	O
fragte	O
Käthe	O
.	O
	O
Kinder	O
?	O
Gott	O
,	O
das	O
ist	O
immerhin	O
seine	O
siebzehn	O
oder	O
achtzehn	O
Jahre	O
alt	O
und	O
geht	RELATIONALES VERB
,	O
wie	O
du	O
siehst	RELATIONALES VERB
,	O
ohne	O
Gardedame	O
im	RELATION
Chambre	ORT
séparée	ORT
soupieren	O
.	O
Was	O
soll	O
es	O
da	O
nützen	O
,	O
sie	O
zu	O
warnen	O
?	O
``	O
	O
Nein	O
``	O
,	O
sagte	O
Henning	O
,	O
während	O
er	O
von	RELATION
seinem	O
Schaukelstuhl	RAUMHINWEIS
aus	RELATION
etwas	O
schläfrig	O
jeder	O
Bewegung	RAUMHINWEIS
seines	O
Freundes	O
folgte	RELATIONALES VERB
,	O
	O
andere	O
zu	O
warnen	O
,	O
ist	O
die	O
überflüssigste	O
und	O
sinnloseste	O
Beschäftigung	O
,	O
die	O
je	O
erfunden	O
wurde	O
.	O
Vor	O
was	O
,	O
um	O
Gottes	O
willen	O
,	O
willst	O
du	O
denn	O
mich	O
oder	O
die	O
beiden	O
glücklichen	O
Krabben	O
warnen	O
?	O
Vor	O
dem	O
Unheil	O
,	O
das	O
aus	O
jeder	O
Freude	O
entstehen	O
kann	O
,	O
einerlei	O
auf	O
welchem	O
Gebiet	RAUMMETAPHER
man	O
sie	O
sucht	O
.	O
Sobald	O
man	O
daran	O
denkt	O
,	O
ist	O
ja	O
auch	O
die	O
Freude	O
hin	O
,	O
wenigstens	O
die	O
richtige	O
,	O
unbefangene	O
``	O
,	O
er	O
hob	RELATIONALES VERB
die	O
Arme	RAUMHINWEIS
und	O
dehnte	RELATIONALES VERB
sich	O
weit	RELATION
hintenüber	RELATION
mit	O
einem	O
fast	O
verächtlichen	O
Ausdruck	O
um	RELATION
die	O
Lippen	RAUMHINWEIS
,	O
	O
dann	O
warne	O
lieber	O
gleich	O
vor	O
dem	O
Leben	O
in	RAUMMETAPHER
Bausch	RAUMMETAPHER
und	RAUMMETAPHER
Bogen	RAUMMETAPHER
,	O
das	O
Leben	O
ist	O
ja	O
so	O
bedenklich	O
und	O
riskant	O
auf	RELATION
Schritt	RAUMHINWEIS
und	O
Tritt	RAUMHINWEIS
...	O
``	O
	O
Sie	O
reden	O
ja	O
ganz	O
weltschmerzlich	O
,	O
Henning	O
,	O
das	O
ist	O
wieder	O
eine	O
neue	O
Nuance	O
bei	RELATION
Ihnen	RAUMHINWEIS
.	O
``	O
	O
Nein	O
,	O
nur	O
angeödet	O
,	O
teure	O
Frau	O
Käthe	O
.	O
Vor	O
allem	O
liegt	O
mir	O
der	O
Brief	O
von	O
meinem	O
alten	O
Herrn	O
im	RELATION
Magen	RAUMHINWEIS
--	O
Sie	O
wissen	O
ja	O
,	O
er	O
hat	O
sich	O
wieder	O
verheiratet	O
und	O
fängt	O
an	O
,	O
mich	O
mit	O
kleinen	RAUMBESCHREIBUNG
Stiefbrüdern	O
zu	O
beglücken	O
.	O
Ich	O
gönne	O
es	O
ihm	O
von	RELATION
Herzen	RAUMHINWEIS
,	O
aber	O
meine	O
Situation	O
wird	O
sich	O
sehr	O
verändern	O
,	O
und	O
darüber	O
hält	O
er	O
mir	O
jetzt	O
ausführliche	O
Vorträge	O
.	O
Vorläufig	O
sind	O
es	O
nur	O
Briefe	O
,	O
aber	O
die	O
unangenehmen	O
Tatsachen	O
werden	O
schon	O
folgen	O
...	O
Sehen	O
Sie	O
,	O
Hans	O
Burmann	O
hat	O
vorhin	O
gesagt	O
,	O
er	O
sei	O
gewöhnt	O
,	O
tadellos	O
dazustehen	O
--	O
und	O
ich	O
bin	O
gewöhnt	O
so	O
zu	O
leben	O
``	O
--	O
er	O
machte	O
eine	O
Geste	RAUMHINWEIS
über	RELATION
das	O
behaglich	O
und	O
elegant	O
eingerichtete	RAUMBESCHREIBUNG
Zimmer	ORT
.	O
	O
Das	O
soll	O
ich	O
mir	O
nun	O
abgewöhnen	O
oder	O
einen	O
Beruf	O
ergreifen	O
--	O
Sakrament	O
...	O
Und	O
gerade	O
in	O
diesem	O
Moment	O
läuft	RELATIONALES VERB
mir	O
ein	O
Weib	O
über	RELATION
den	O
Weg	ORT
...	O
``	O
Burmann	O
hatte	O
mit	O
mehr	O
Teilnahme	O
zugehört	RELATIONALES VERB
,	O
als	O
er	O
sich	O
anmerken	O
lassen	O
wollte	O
,	O
aber	O
nun	O
lächelte	O
er	O
:	O
	O
Für	O
das	O
du	O
viel	O
Geld	O
ausgeben	O
möchtest	O
,	O
nicht	O
wahr	O
?	O
Lieber	O
Junge	O
,	O
einstweilen	O
ist	O
sie	O
dir	O
doch	O
nur	O
über	RELATION
den	O
Weg	ORT
gelaufen	RELATIONALES VERB
.	O
Wer	O
weiß	O
,	O
ob	O
du	O
sie	O
überhaupt	O
wiedersiehst	RELATIONALES VERB
.	O
Mir	O
scheint	O
,	O
du	O
brauchst	O
dir	O
einstweilen	O
noch	O
keine	O
Sorgen	O
über	O
eure	O
gemeinsame	O
Zukunft	O
zu	O
machen	O
.	O
``	O
	O
Und	O
Phantome	O
sind	O
vielleicht	O
nicht	O
so	O
anspruchsvoll	O
``	O
,	O
sagte	O
Frau	O
Käthe	O
tröstend	O
.	O
	O
Ich	O
bitte	O
euch	O
,	O
laßt	O
eure	O
Witze	O
.	O
``	O
Henning	O
zog	RELATIONALES VERB
nervös	O
die	O
Brauen	RAUMHINWEIS
zusammen	RELATION
,	O
warf	RELATIONALES VERB
einen	O
Blick	RAUMHINWEIS
auf	RELATION
die	O
Uhr	RAUMHINWEIS
und	O
stand	RELATIONALES VERB
auf	RELATIONALES VERB
:	O
	O
Ich	O
finde	RELATIONALES VERB
sie	O
schon	O
noch	O
.	O
Ach	O
,	O
schell	O
doch	O
dem	O
Josias	O
,	O
da	O
du	O
gerade	O
bei	RELATION
der	O
Tür	RAUMTHEMA
stehst	RELATIONALES VERB
,	O
Hans	O
.	O
Ich	O
denke	O
,	O
wir	O
ziehen	RELATIONALES VERB
uns	O
jetzt	O
um	RELATIONALES VERB
und	O
gehen	RELATIONALES VERB
essen	O
.	O
Frau	O
Käthe	O
wird	O
inzwischen	O
das	O
Handschreiben	O
meines	O
Vaters	O
lesen	O
...	O
Ich	O
lade	RELATIONALES VERB
Sie	O
zu	RELATION
einem	O
guten	O
Abendessen	O
ein	RELATIONALES VERB
,	O
Frau	O
Käthe	O
--	O
nicht	O
zum	O
Soupieren	O
,	O
um	O
Sie	O
nicht	O
mit	O
Nini	O
auf	RAUMMETAPHER
eine	RAUMMETAPHER
Stufe	RAUMMETAPHER
zu	RAUMMETAPHER
stellen	RAUMMETAPHER
--	O
Sie	O
sollen	O
selbst	O
Restaurant	ORT
,	O
Menü	O
und	O
alles	O
,	O
was	O
Sie	O
wollen	O
,	O
bestimmen	O
,	O
und	O
nachher	O
beim	O
Kaffee	O
reden	O
wir	O
ein	O
ernstes	O
Wort	O
über	O
die	O
Zukunft	O
.	O
Ihr	O
müßt	O
mir	O
ein	O
wenig	O
raten	O
.	O
``	O
	O
Das	O
nützt	O
ja	O
doch	O
nichts	O
,	O
Henning	O
,	O
Ihre	O
Zukunft	O
...	O
die	O
wird	O
doch	O
immer	O
nur	O
von	O
Ihren	O
Renten	O
abhängen	O
.	O
Außerdem	O
wird	O
es	O
mir	O
nachgerade	O
langweilig	O
,	O
daß	O
ihr	O
mich	O
immer	O
nur	O
in	O
euren	O
ernsten	O
Angelegenheiten	O
zu	O
Rate	O
zieht	O
,	O
jetzt	O
möchte	O
ich	O
auch	O
einmal	O
die	O
frivolen	O
mitmachen	O
.	O
Lieber	O
helfe	O
ich	O
Ihnen	O
Lucy	O
suchen	RELATIONALES VERB
...	O
``	O
Die	O
Ninis	O
und	O
Lulus	O
,	O
die	O
bisher	O
eine	O
ziemliche	O
Rolle	O
in	O
Hennings	O
Leben	O
spielten	O
,	O
hatten	O
jetzt	O
schlechte	O
Zeiten	O
,	O
und	O
über	O
ihn	O
selbst	O
gingen	RELATIONALES VERB
bald	O
trübe	O
Gerüchte	O
um	RELATIONALES VERB
.	O
Es	O
hieß	O
,	O
er	O
sei	O
finanziell	O
ruiniert	O
und	O
habe	O
sich	O
an	O
die	O
vermögliche	O
Frau	O
Käthe	O
Tergens	O
gehängt	RELATIONALES VERB
,	O
die	O
ihn	O
zu	O
heiraten	O
und	O
zu	O
rangieren	O
gedenke	O
.	O
Überall	ORT
begegnete	RELATIONALES VERB
man	O
den	O
beiden	O
zusammen	RELATION
,	O
sie	O
machten	O
alle	O
Vergnügungen	O
der	O
Saison	O
mit	O
,	O
wurden	O
außerdem	O
viel	O
in	RELATION
Restaurants	ORT
,	O
Tea-rooms	ORT
,	O
Kaffeehäusern	ORT
und	O
nächtlicherweile	O
in	RELATION
den	O
Bars	ORT
gesehen	RELATIONALES VERB
--	O
derselbe	O
Baron	O
Erasmus	O
von	O
Henning	O
,	O
der	O
wohl	O
für	O
einen	O
Lebemann	O
,	O
gleichzeitig	O
aber	O
als	O
einwandfreier	O
Gesellschaftsmensch	O
galt	O
,	O
und	O
dieselbe	O
Frau	O
Käthe	O
Tergens	O
,	O
gegen	O
deren	O
unbescholtens	O
Dasein	O
sich	O
bisher	O
keine	O
Beweise	O
hatten	O
aufbringen	O
lassen	O
.	O
Tatsächlich	O
hatten	O
die	O
beiden	O
eine	O
Art	O
Bund	O
miteinander	RELATION
geschlossen	RELATIONALES VERB
,	O
und	O
wie	O
sie	O
an	O
jenem	O
Sonntagabend	O
halb	O
scherzend	O
vereinbarten	O
,	O
gemeinsam	O
die	O
Jagd	RAUMTHEMA
nach	RELATION
dem	O
Phantom	RAUMHINWEIS
Lucy	O
und	O
dem	O
Schweden	O
aufgenommen	RELATIONALES VERB
,	O
dem	O
verdammten	O
Schweden	O
,	O
wie	O
man	O
ihn	O
in	O
einer	O
Mischung	O
von	O
Ressentiment	O
und	O
Wohlwollen	O
auch	O
fernerhin	O
bezeichnete	O
...	O
Die	O
große	O
Chance	O
war	O
,	O
Lucy	O
selbst	O
wieder	O
zu	O
begegnen	RELATIONALES VERB
,	O
aber	O
auch	O
wenn	O
es	O
nur	O
gelang	O
,	O
den	O
Schweden	O
aufzufinden	RELATIONALES VERB
,	O
so	O
ließen	O
sich	O
ja	O
jedenfalls	O
Anhaltspunkte	O
über	O
ihre	O
Personalien	O
und	O
ihren	O
Verbleib	RAUMHINWEIS
gewinnen	O
.	O
In	RELATION
Henning	RAUMHINWEIS
nun	O
hatte	O
sich	O
die	O
Idee	O
festgesetzt	RELATIONALES VERB
,	O
daß	O
er	O
sie	O
schwerlich	O
auf	RELATION
der	O
Straße	ORT
oder	O
in	RELATION
irgendeinem	O
normalen	O
Tagesmilieu	RAUMHINWEIS
treffen	RELATIONALES VERB
würde	O
,	O
sondern	O
eher	O
wie	O
jenes	O
erste	O
Mal	O
in	RELATION
einer	O
Umgebung	ORT
von	O
Lärm	O
,	O
Menschenfülle	RAUMHINWEIS
und	O
festlicher	O
Bewegtheit	O
.	O
Als	O
Jagdgründe	RAUMTHEMA
galten	O
daher	O
vor	O
allem	O
die	O
Stätten	ORT
des	O
Vergnügens	O
,	O
und	O
zwar	O
durchmaß	RELATIONALES VERB
man	O
die	O
vornehmeren	O
wie	O
die	O
minderwertigen	O
und	O
zweifelhaften	O
,	O
da	O
man	O
ja	O
über	O
Lucys	O
soziale	RAUMMETAPHER
Sphäre	RAUMMETAPHER
,	O
über	O
ihre	O
Neigungen	O
wie	O
über	O
alles	O
andere	O
vollkommen	O
im	RAUMMETAPHER
unklaren	RAUMMETAPHER
tappte	RAUMMETAPHER
.	O
	O
Ich	O
taxiere	O
sie	O
auf	O
Typus	O
,	O
Schlange	O
```	O
,	O
hatte	O
Käthe	O
gemeint	O
,	O
	O
ein	O
bißl	O
dämonisch	O
,	O
wie	O
es	O
dazugehört	O
.	O
Dämonische	O
Schlangen	O
haben	O
selbstredend	O
extravagante	O
Gelüste	O
und	O
wollen	O
sich	O
überall	ORT
herumtreiben	RELATIONALES VERB
,	O
um	O
so	O
mehr	O
,	O
wenn	O
sie	O
den	O
verantwortlichen	O
Begleiter	O
damit	O
ärgern	O
können	O
--	O
in	O
diesem	O
Fall	O
den	O
verdammten	O
Schweden	O
.	O
``	O
	O
Hoffen	O
wir	O
,	O
daß	O
sie	O
ihn	O
bis	O
aufs	O
Blut	O
ärgert	O
``	O
,	O
antwortete	O
Henning	O
voller	RAUMBESCHREIBUNG
Eifersucht	O
,	O
	O
aber	O
auf	O
dämonische	O
Weiber	O
bin	O
ich	O
sonst	O
noch	O
nie	O
hereingefallen	O
,	O
das	O
kann	O
also	O
nicht	O
ganz	O
stimmen	O
.	O
Schlange	O
--	O
vielleicht	O
ein	O
wenig	O
,	O
wenn	O
auch	O
in	O
anderem	O
Sinn	O
...	O
Wo	RELATION
übrigens	O
haben	O
Sie	O
diese	O
Weisheit	O
her	RELATION
,	O
Frau	O
Käthe	O
?	O
``	O
	O
Ich	O
weiß	O
nicht	O
...	O
ich	O
habe	O
die	O
Schlangen	O
immer	O
so	O
beneidet	O
,	O
sie	O
verstehen	O
es	O
so	O
gut	O
,	O
anderen	O
die	O
Männer	O
wegzunehmen	RELATIONALES VERB
.	O
Aber	O
es	O
läßt	O
sich	O
nicht	O
lernen	O
,	O
wenn	O
man	O
kein	O
angeborenes	O
Talent	O
dazu	O
hat	O
.	O
``	O
Sie	O
sah	RELATIONALES VERB
dabei	O
ganz	O
sehnsüchtig	O
drein	O
,	O
und	O
Henning	O
betrachtete	RELATIONALES VERB
sie	O
mit	O
Interesse	O
.	O
Sie	O
war	O
ruhig	O
,	O
elegant	O
,	O
selbstsicher	O
,	O
und	O
alle	O
Einzelheiten	O
stimmten	O
,	O
im	RELATION
Äußeren	RAUMHINWEIS
wie	O
im	RELATION
Wesen	RAUMHINWEIS
.	O
Das	O
sagte	O
er	O
ihr	O
auch	O
und	O
setzte	O
hinzu	O
,	O
sie	O
brauche	O
keine	O
Schlangen	O
zu	O
beneiden	O
,	O
durchaus	O
nicht	O
,	O
und	O
solle	O
nur	O
ja	O
so	O
bleiben	O
,	O
wie	O
sie	O
sei	O
.	O
	O
Aber	O
wer	O
soll	O
ihr	O
dann	O
den	O
Schweden	O
abspenstig	RELATION
machen	O
?	O
``	O
	O
Sie	O
selbst	O
wird	O
abspenstig	RELATION
gemacht	O
,	O
den	O
Schweden	O
brauchen	O
wir	O
dann	O
überhaupt	O
nicht	O
mehr	O
.	O
``	O
Doktor	O
Burmann	O
war	O
unzufrieden	O
mit	O
den	O
beiden	O
,	O
besonders	O
wenn	O
er	O
sie	O
über	O
solchen	O
und	O
ähnlichen	O
Gesprächen	O
betraf	O
,	O
die	O
jetzt	O
an	O
der	O
Tagesordnung	O
waren	O
.	O
Schier	O
endlos	O
konnten	O
sie	O
darüber	O
fortreden	O
,	O
wer	O
Lucy	O
wohl	O
sei	O
und	O
wie	O
sie	O
sei	O
,	O
was	O
sie	O
täte	O
,	O
wie	O
sie	O
lebte	O
,	O
oder	O
sich	O
ausmalen	O
,	O
was	O
für	O
Situationen	O
zustande	O
kommen	O
würden	O
.	O
Sie	O
machten	O
einen	O
ganzen	O
Roman	O
oder	O
eine	O
Legende	O
daraus	O
,	O
in	O
der	O
sie	O
lebten	O
und	O
in	O
die	O
sie	O
immer	O
neue	O
Züge	RAUMHINWEIS
hineinphantasierten	RELATIONALES VERB
.	O
Und	O
er	O
,	O
Burmann	O
,	O
fand	O
dieses	O
Treiben	O
mehr	O
als	O
absurd	O
.	O
Wenn	O
es	O
schließlich	O
nur	O
das	O
gewesen	O
wäre	O
,	O
aber	O
bei	RELATION
Henning	O
fing	O
es	O
nachgerade	O
an	O
ins	O
Pathologische	O
abzuirren	O
.	O
Er	O
hatte	O
niemals	O
ausgesprochene	O
Interessen	O
gehabt	O
und	O
sich	O
nie	O
in	O
besonders	O
nützlicher	O
Weise	O
betätigt	O
,	O
aber	O
jetzt	O
setzte	RELATIONALES VERB
er	O
sich	O
dieses	O
Weib	O
in	RELATION
den	O
Kopf	RAUMHINWEIS
,	O
das	O
er	O
nicht	O
einmal	O
kannte	O
,	O
und	O
beschäftigte	O
sich	O
damit	O
wie	O
ein	O
Gelehrter	O
mit	O
einem	O
wichtigen	O
Problem	O
oder	O
auch	O
wie	O
ein	O
Monomane	O
mit	O
seiner	O
fixen	O
Idee	O
.	O
Und	O
Käthe	O
,	O
die	O
sonst	O
so	O
Vernünftige	O
,	O
machte	O
das	O
alles	O
enthusiastisch	O
mit	O
und	O
ohne	O
darauf	O
zu	O
achten	O
,	O
daß	O
sie	O
sich	O
auf	O
eine	O
unsinnige	O
Weise	O
kompromittierte	O
.	O
	O
Höre	O
einmal	O
,	O
mein	O
Lieber	O
,	O
wie	O
lange	O
soll	O
das	O
eigentlich	O
noch	O
so	O
fortgehen	O
?	O
``	O
fragte	O
Burmann	O
eines	O
Morgens	O
beim	O
ersten	O
Frühstück	O
,	O
das	O
sie	O
gemeinsam	RELATION
im	RELATION
Eßzimmer	ORT
einnahmen	RELATIONALES VERB
.	O
Henning	O
war	O
eben	O
erst	O
aus	RELATION
seinem	O
heißen	O
Bade	RAUMHINWEIS
gestiegen	RELATIONALES VERB
,	O
saß	RELATIONALES VERB
da	ORT
im	RELATION
Frottiermantel	RAUMHINWEIS
und	O
betrachtete	RELATIONALES VERB
vertieft	O
seine	O
gepflegte	RELATIONALES VERB
Hand	RAUMHINWEIS
.	O
Er	O
war	O
sichtlich	O
in	O
jener	O
weichen	O
,	O
verträumten	O
Morgenstimmung	O
,	O
die	O
man	O
gerne	O
noch	O
eine	O
Weile	O
festhalten	RELATIONALES VERB
möchte	O
.	O
Aber	O
jetzt	O
hob	RELATIONALES VERB
er	O
den	O
Kopf	RAUMHINWEIS
,	O
und	O
Burmann	O
betrachtete	RELATIONALES VERB
ihn	RAUMHINWEIS
kritisch	O
,	O
ein	O
wenig	O
ärgerlich	O
.	O
Zweifellos	O
war	O
er	O
ein	O
schöner	O
Mensch	O
,	O
nur	O
wenn	O
man	O
ihn	O
näher	O
kannte	O
,	O
begriff	O
man	O
nicht	O
recht	O
,	O
weshalb	O
die	O
Natur	O
ihn	O
mit	O
so	O
energischen	O
,	O
beinah	O
harten	O
Zügen	O
ausgestattet	O
hatte	O
,	O
die	O
durch	RELATION
das	O
dunkle	O
Haar	RAUMHINWEIS
und	O
die	O
dunklen	O
Augen	RAUMHINWEIS
unter	RELATION
einer	O
breiten	RAUMBESCHREIBUNG
gewölbten	RAUMBESCHREIBUNG
Stirn	RAUMHINWEIS
noch	O
mehr	O
betont	O
wurden	O
.	O
Er	O
sah	RELATIONALES VERB
in	RELATION
dieser	O
seiner	O
Morgentoilette	RAUMHINWEIS
aus	RELATIONALES VERB
wie	O
ein	O
Stierkämpfer	O
,	O
der	O
Pause	O
macht	O
und	O
mit	O
seinem	O
heroischen	O
Metier	O
innerlich	RELATION
gar	O
nichts	O
zu	O
tun	O
hat	O
.	O
	O
Bis	O
wir	O
sie	O
finden	RELATIONALES VERB
``	O
,	O
sagte	O
er	O
abwesend	O
.	O
	O
Wer	O
sagt	O
dir	O
denn	O
,	O
daß	O
sie	O
überhaupt	O
noch	O
hier	ORT
ist	O
?	O
``	O
	O
Sicher	O
ist	O
sie	O
hier	ORT
.	O
Man	O
hat	O
uns	O
neulich	O
in	RELATION
der	O
Bar	ORT
Rouge	ORT
ein	O
Paar	O
beschrieben	O
--	O
es	O
schien	O
alles	O
zu	O
stimmen	O
,	O
auch	O
wie	O
sie	O
getanzt	O
hat	O
und	O
wie	O
der	O
Schwede	O
aussah	RELATIONALES VERB
.	O
So	O
gehen	RELATIONALES VERB
wir	O
jetzt	O
vorläufig	O
gegen	O
zwölf	O
oder	O
eins	O
in	RELATION
diese	O
Bar	ORT
,	O
die	O
zwar	O
an	O
sich	O
ziemlich	O
mesquin	O
ist	O
.	O
Aber	O
es	O
ist	O
momentan	O
chic	O
dahinzugehen	RELATIONALES VERB
,	O
und	O
man	O
findet	O
sogar	O
ganz	O
mögliche	O
Leute	O
.	O
``	O
	O
Kannst	O
du	O
denn	O
nicht	O
allein	O
hingehen	RELATIONALES VERB
?	O
Ich	O
finde	O
ja	O
nur	O
,	O
du	O
solltest	O
Käthe	O
aus	O
dem	O
Spiel	O
lassen	O
.	O
``	O
	O
Ah	O
,	O
die	O
Käthe	O
!	O
``	O
sagte	O
Henning	O
voll	O
Bewunderung	O
.	O
	O
Nein	O
,	O
laß	O
sie	O
nur	O
,	O
sie	O
ist	O
alt	O
genug	O
,	O
um	O
für	O
sich	O
selbst	O
einzustehen	O
.	O
``	O
Er	O
hatte	O
dabei	O
aufgesehen	RELATIONALES VERB
und	O
begegnete	RELATIONALES VERB
einem	O
beobachtenden	RELATIONALES VERB
Blick	RAUMHINWEIS
.	O
	O
Nein	O
,	O
nein	O
,	O
es	O
besteht	O
durchaus	O
keine	O
unerlaubte	O
Beziehung	O
zwischen	RELATION
uns	RAUMHINWEIS
...	O
wir	O
haben	O
nur	O
einen	O
Spleen	O
miteinander	RELATION
.	O
Das	O
ist	O
eine	O
ganz	O
zarte	O
Sache	O
.	O
Wenn	O
ich	O
mich	O
geschraubt	O
ausdrücken	O
darf	O
,	O
etwas	O
beinah	O
Mystisches	O
.	O
Ja	O
,	O
lache	O
nur	O
.	O
``	O
Burmann	O
sah	RELATIONALES VERB
ihn	O
jetzt	O
wirklich	O
maßlos	O
erstaunt	O
an	RELATIONALES VERB
.	O
	O
Gott	O
sei	O
mit	RELATION
dir	O
,	O
du	O
fängst	O
wahrhaftig	O
an	O
zu	O
reden	O
wie	O
ein	O
Kaffeehausliterat	O
.	O
``	O
Henning	O
schenkte	RELATIONALES VERB
sich	O
zum	O
drittenmal	O
Kaffee	O
ein	RELATIONALES VERB
,	O
trank	O
ihn	O
langsam	O
aus	RELATION
und	O
schob	RELATIONALES VERB
dann	O
die	O
Tasse	RAUMHINWEIS
weg	RELATION
.	O
	O
Was	O
willst	O
du	O
,	O
man	O
ist	O
nicht	O
gewöhnt	O
,	O
von	O
subtileren	O
Gefühlen	O
zu	O
reden	O
,	O
und	O
deshalb	O
klingt	O
es	O
uns	O
nach	O
Literatur	O
.	O
Aber	O
ich	O
genieße	O
alles	O
das	O
wirklich	O
wie	O
etwas	O
ganz	O
Neues	O
.	O
``	O
--	O
	O
Die	O
subtilen	O
Gefühle	O
?	O
``	O
--	O
	O
Ja	O
...	O
ich	O
träume	O
von	O
diesem	O
Mädchen	O
--	O
du	O
mußt	O
auch	O
diesen	O
lyrischen	O
Ausdruck	O
verwinden	O
--	O
und	O
davon	O
,	O
daß	O
ich	O
sie	O
kriegen	RELATIONALES VERB
könnte	O
.	O
Sie	O
hat	O
eben	O
einen	O
ganz	O
seltenen	O
Eindruck	O
auf	RELATION
mich	RAUMHINWEIS
gemacht	O
.	O
Ich	O
bin	O
fest	O
überzeugt	O
,	O
ich	O
weiß	O
es	O
beinah	O
,	O
daß	O
ich	O
sie	O
wiedertreffe	RELATIONALES VERB
und	O
daß	O
sie	O
mich	O
auch	O
will	O
.	O
Ich	O
habe	O
also	O
jetzt	O
eine	O
Art	O
Vorfreude	O
mit	O
einiger	O
Unruhe	O
und	O
Sehnsucht	O
.	O
Mach	O
doch	O
nicht	O
so	O
ein	O
Gesicht	RAUMHINWEIS
...	O
du	O
hast	O
wirklich	O
keine	O
Fühlfäden	O
für	O
solche	O
Dinge	O
...	O
``	O
	O
Wer	O
weiß	O
...	O
``	O
	O
Aber	O
Käthe	O
hat	O
sie	O
``	O
,	O
fuhr	O
Henning	O
unbeirrt	O
fort	O
,	O
	O
sie	O
geht	O
in	O
jeder	O
Beziehung	O
mit	O
.	O
Du	O
glaubst	O
gar	O
nicht	O
,	O
wieviel	O
Romantik	O
in	RELATION
ihr	RAUMHINWEIS
steckt	RELATIONALES VERB
,	O
ich	O
hatte	O
sie	O
immer	O
für	O
ein	O
wenig	O
nüchtern	O
gehalten	O
.	O
Aber	O
wie	O
sie	O
all	O
die	O
Stimmungen	O
genießt	O
und	O
last	O
not	O
least	O
,	O
wie	O
sie	O
flirten	O
kann	O
.	O
Da	O
ist	O
ein	O
Barkavalier	O
,	O
der	O
ihr	O
auf	O
Tod	O
und	O
Leben	O
die	O
Cour	O
macht	O
und	O
nicht	O
begreift	O
,	O
was	O
sie	O
an	RELATION
mir	RAUMHINWEIS
findet	RELATIONALES VERB
,	O
wo	O
wir	O
doch	O
immer	O
so	O
stumpfsinnig	O
miteinander	RELATION
herumsaßen	RELATIONALES VERB
...	O
ich	O
schwärme	O
einfach	O
für	O
Käthe	O
.	O
Überhaupt	O
,	O
früher	O
habe	O
ich	O
mich	O
entweder	O
gelangweilt	O
oder	O
amüsiert	O
,	O
jetzt	O
bin	O
ich	O
nahezu	O
so	O
etwas	O
wie	O
glücklich	O
--	O
eine	O
Frau	O
,	O
die	O
mich	O
wirklich	O
reizt	O
,	O
der	O
ich	O
nachlaufe	RELATIONALES VERB
,	O
gewissermaßen	O
wie	O
im	RELATION
Nebel	RAUMHINWEIS
,	O
aber	O
sie	O
wird	O
,	O
so	O
Gott	O
will	O
,	O
einmal	O
sichtbar	O
werden	O
,	O
und	O
eine	O
,	O
die	O
mir	O
derweil	O
Gesellschaft	RAUMHINWEIS
leistet	O
und	O
dabei	O
immer	O
sympathischere	O
Seiten	O
entwickelt	O
.	O
``	O
	O
Es	O
wird	O
damit	O
enden	O
,	O
daß	O
ihr	O
zwei	O
euch	O
ineinander	RELATION
verliebt	O
.	O
``	O
	O
Gott	O
bewahre	O
,	O
ich	O
sage	O
dir	O
ja	O
,	O
wir	O
haben	O
nur	O
einen	O
Spleen	O
miteinander	RELATION
.	O
``	O
	O
Ach	O
,	O
Henning	O
,	O
alter	O
Junge	O
,	O
was	O
soll	O
aus	O
dir	O
werden	O
``	O
,	O
sagte	O
Burmann	O
mit	O
einiger	O
Herzlichkeit	O
.	O
Er	O
wußte	O
selber	O
nicht	O
warum	O
,	O
aber	O
seine	O
Verstimmung	O
begann	O
zu	O
weichen	RELATIONALES VERB
.	O
	O
Was	O
man	O
so	O
im	O
allgemeinen	O
einen	O
Charakter	O
nennt	O
,	O
bist	O
du	O
ja	O
nie	O
gewesen	O
...	O
bitte	O
,	O
nimm	O
mir	O
das	O
nicht	O
übel	O
.	O
``	O
	O
Weit	RAUMMETAPHER
entfernt	RAUMMETAPHER
,	O
ich	O
weiß	O
es	O
selbst	O
.	O
``	O
	O
Schön	O
--	O
es	O
fällt	O
mir	O
auch	O
nicht	O
ein	O
,	O
dir	O
einen	O
Vorwurf	O
daraus	O
zu	O
machen	O
.	O
Nur	O
beunruhigt	O
es	O
mich	O
neuerdings	O
,	O
daß	O
du	O
gar	O
so	O
wenig	O
Rückgrat	O
hast	O
.	O
So	O
,	O
wie	O
dein	O
Leben	O
bisher	O
war	O
,	O
bist	O
du	O
ja	O
ganz	O
gut	O
ohne	O
das	O
ausgekommen	O
.	O
Es	O
waren	O
keine	O
Widerstände	O
da	ORT
,	O
und	O
die	O
begehrten	O
Dinge	O
fielen	RAUMMETAPHER
dir	RAUMMETAPHER
schmerzlos	RAUMMETAPHER
in	RAUMMETAPHER
den	RAUMMETAPHER
Schoß	RAUMMETAPHER
.	O
Aber	O
jetzt	O
wäre	O
der	O
Zeitpunkt	O
gekommen	O
,	O
dich	O
ein	O
wenig	O
zusammenzuraffen	O
und	O
deine	O
Lage	O
,	O
die	O
sich	O
über	O
kurz	O
oder	O
lang	O
bedeutend	O
verändern	O
wird	O
,	O
ins	RAUMMETAPHER
Auge	RAUMMETAPHER
zu	RAUMMETAPHER
fassen	RAUMMETAPHER
...	O
``	O
	O
Genau	O
dasselbe	O
hält	O
mir	O
mein	O
Vater	O
in	RELATION
jedem	O
seiner	O
Briefe	RAUMHINWEIS
vor	O
--	O
dabei	O
ist	O
er	O
geradeso	O
wie	O
ich	O
,	O
hat	O
sich	O
sein	O
Leben	O
lang	O
um	O
nichts	O
gekümmert	O
und	O
denkt	O
jetzt	O
nur	O
an	O
seine	O
junge	O
Frau	O
und	O
wie	O
er	O
die	O
Zukunft	O
ihrer	O
Sprößlinge	O
sicherstellen	O
soll	O
.	O
Mir	O
dagegen	O
,	O
meint	O
er	O
,	O
könne	O
es	O
nicht	O
schwerfallen	O
,	O
mit	O
der	O
Zeit	O
eine	O
glänzende	O
Position	O
zu	O
erringen	O
,	O
mit	O
meinem	O
Namen	O
und	O
meiner	O
Begabung	O
,	O
welches	O
beides	O
ich	O
natürlich	O
von	O
ihm	O
habe	O
...	O
``	O
	O
Und	O
statt	O
dessen	O
bummelst	O
du	O
weiter	O
und	O
gerätst	O
mit	O
deiner	O
Bummelei	O
nun	O
auch	O
noch	O
auf	RAUMMETAPHER
phantastische	RAUMMETAPHER
Geleise	RAUMMETAPHER
...	O
``	O
	O
Ja	O
``	O
,	O
sagte	O
der	O
andere	O
ruhig	O
und	O
überzeugt	O
,	O
	O
und	O
was	O
nützt	O
es	O
,	O
so	O
viel	O
darüber	O
zu	O
reden	O
und	O
nachzudenken	O
.	O
Du	O
siehst	RELATIONALES VERB
immer	O
nur	O
den	O
Bummler	O
und	O
untüchtigen	O
Menschen	O
in	RELATION
mir	RAUMHINWEIS
,	O
im	O
Grunde	O
aber	O
bin	O
ich	O
ein	O
großer	RAUMMETAPHER
Philosoph	O
.	O
Es	O
muß	O
doch	O
nicht	O
nur	O
tüchtige	O
Leute	O
geben	O
,	O
ich	O
zum	O
Beispiel	O
würde	O
nur	O
anderen	O
,	O
die	O
es	O
nötiger	O
haben	O
,	O
den	O
Platz	RAUMHINWEIS
und	O
die	O
Arbeit	O
wegnehmen	RELATIONALES VERB
...	O
Du	O
hast	O
Ziele	O
und	O
willst	O
vorwärts	RAUMMETAPHER
,	O
aber	O
wo	RAUMMETAPHER
kommt	RAUMMETAPHER
man	RAUMMETAPHER
denn	RAUMMETAPHER
schließlich	RAUMMETAPHER
hin	RAUMMETAPHER
mit	O
diesem	O
Vorwärts	RAUMMETAPHER
?	O
Ich	O
habe	O
keine	O
Ziele	O
und	O
denke	O
:	O
Laßt	O
mich	O
nur	O
da	RAUMMETAPHER
,	O
wo	RAUMMETAPHER
ich	RAUMMETAPHER
bin	RAUMMETAPHER
...	O
``	O
Er	O
stützte	RELATIONALES VERB
seine	O
muskulösen	O
,	O
gut	O
gebildeten	O
Arme	RAUMHINWEIS
auf	RELATION
den	O
Tisch	RAUMHINWEIS
,	O
	O
trotzdem	O
--	O
da	O
man	O
beabsichtigt	O
,	O
wenn	O
auch	O
ohne	O
jeden	O
bösen	O
Willen	O
,	O
mir	O
diese	O
so	O
sehr	O
geschätzte	O
Gegenwart	RAUMHINWEIS
unter	RAUMMETAPHER
den	RAUMMETAPHER
Füßen	RAUMMETAPHER
wegzuziehen	RAUMMETAPHER
,	O
werde	O
ich	O
wohl	O
einen	O
oder	O
mehrere	O
Versuche	O
machen	O
,	O
mich	O
anders	O
zu	O
arrangieren	O
.	O
--	O
Der	O
alte	O
Herr	O
will	O
nächste	O
Woche	O
selbst	O
herkommen	RELATIONALES VERB
und	O
alles	O
mögliche	O
mit	RELATION
mir	RAUMHINWEIS
bereden	O
...	O
ja	O
und	O
jetzt	O
--	O
``	O
	O
Ich	O
muß	O
zu	RELATION
meinen	O
Patienten	RAUMHINWEIS
.	O
Und	O
was	O
hast	O
du	O
vor	O
?	O
``	O
	O
Mit	O
Käthe	O
spazierenfahren	RAUMTHEMA
...	O
wir	O
essen	O
dann	O
draußen	RELATION
.	O
Es	O
wäre	O
hübsch	O
,	O
wenn	O
du	O
auch	O
einmal	O
mitkämest	RELATIONALES VERB
,	O
aber	O
du	O
hast	O
ja	O
nie	O
Zeit	O
für	O
uns	O
.	O
``	O
Henning	O
zögerte	O
an	RELATION
der	O
Tür	RAUMTHEMA
,	O
als	O
wäre	O
noch	O
etwas	O
zu	O
sagen	O
,	O
dann	O
kam	RELATIONALES VERB
er	O
zurück	RELATION
.	O
Burmann	O
war	O
am	RELATION
Tisch	RAUMHINWEIS
sitzen	RELATIONALES VERB
geblieben	RELATIONALES VERB
und	O
blätterte	RELATIONALES VERB
in	RELATION
seinem	O
Notizbuch	RAUMHINWEIS
.	O
Dann	O
sah	RELATIONALES VERB
er	O
auf	RELATION
,	O
ihre	O
Blicke	RAUMHINWEIS
trafen	RELATIONALES VERB
sich	O
,	O
und	O
in	RELATION
beiden	RAUMHINWEIS
stieg	RELATIONALES VERB
eine	O
unklare	O
Bewegung	O
auf	RELATIONALES VERB
.	O
	O
Hans	O
,	O
mein	O
Sohn	O
``	O
,	O
sagte	O
der	O
andere	O
in	O
möglichst	O
trivialem	O
Ton	O
,	O
	O
wenn	O
der	O
gemeinsame	O
Spleen	O
dich	O
ernstlich	O
stört	O
...	O
nein	O
,	O
sagen	O
wir	O
,	O
etwas	O
stört	O
,	O
was	O
vielleicht	O
noch	O
werden	O
könnte	O
.	O
Du	O
weißt	O
doch	O
hoffentlich	O
,	O
daß	O
mein	O
Mangel	O
an	O
Charakter	O
vor	O
Rücksichtslosigkeiten	O
und	O
dergleichen	O
haltmacht	O
.	O
``	O
	O
Ja	O
,	O
gewiß	O
,	O
aber	O
das	O
andere	O
weiß	O
ich	O
selbst	O
noch	O
nicht	O
recht	O
.	O
Ich	O
kann	O
allerdings	O
nicht	O
leugnen	O
,	O
daß	O
ich	O
in	O
dieser	O
Zeit	O
manchmal	O
etwas	O
Ähnliches	O
wie	O
Eifersucht	O
gefühlt	O
habe	O
.	O
``	O
	O
Ihr	O
beide	O
solltet	O
euch	O
heiraten	O
.	O
Diese	O
sogenannte	O
Freundschaft	O
ist	O
doch	O
schließlich	O
eine	O
halbe	O
Sache	O
,	O
oder	O
meinst	O
du	O
,	O
man	O
müsse	O
zum	O
Heiraten	O
richtig	O
verliebt	O
sein	O
?	O
``	O
	O
Sie	O
denkt	O
nicht	O
daran	O
``	O
,	O
sagte	O
Burmann	O
kurz	O
.	O
Ein	O
wenig	O
nachdenklicher	O
als	O
gewöhnlich	O
ging	RELATIONALES VERB
Henning	O
eine	O
Stunde	O
später	O
die	O
Straße	ORT
hinunter	RELATION
.	O
Da	O
ihn	O
Käthe	O
erst	O
um	O
11	O
Uhr	O
erwartete	RELATIONALES VERB
,	O
wollte	O
er	O
sich	O
erst	O
noch	O
etwas	O
Bewegung	RAUMHINWEIS
machen	O
,	O
dann	O
einen	O
Wagen	RAUMTHEMA
nehmen	RELATIONALES VERB
und	O
sie	O
abholen	RELATIONALES VERB
.	O
In	O
diesen	O
letzten	O
Wochen	O
,	O
die	O
bei	O
allem	O
Charme	O
doch	O
von	O
einer	O
spannenden	O
Unruhe	O
erfüllt	O
waren	O
,	O
sehnte	O
er	O
sich	O
manchmal	O
förmlich	O
nach	O
einer	O
Weile	O
des	O
Alleinseins	RAUMTHEMA
,	O
was	O
ihm	O
sonst	O
nie	O
in	RELATION
den	O
Sinn	RAUMHINWEIS
gekommen	RELATIONALES VERB
war	O
.	O
Das	O
Morgengespräch	O
mit	RELATION
seinem	O
Freunde	O
ging	RELATIONALES VERB
ihm	O
wieder	O
durch	RELATION
den	O
Kopf	RAUMHINWEIS
,	O
und	O
er	O
beschloß	O
,	O
Käthe	O
doch	O
gelegentlich	O
zu	O
sondieren	O
.	O
Wie	O
dumm	O
eigentlich	O
,	O
wenn	O
zwischen	RELATION
den	O
beiden	O
etwas	O
bestand	O
,	O
was	O
sich	O
zu	O
engeren	O
Beziehungen	O
eignete	O
,	O
so	O
hätten	O
sie	O
doch	O
eher	O
darauf	O
kommen	O
können	O
,	O
anstatt	O
jahrelang	O
nebeneinander	RELATION
herzulaufen	RELATIONALES VERB
und	O
eine	O
gemütliche	O
Freundschaft	O
zu	O
kultivieren	O
.	O
Freilich	O
hatte	O
man	O
sich	O
allseitig	O
wohl	O
dabei	O
befunden	O
,	O
und	O
es	O
sollte	O
am	O
liebsten	O
so	O
bleiben	O
.	O
Als	O
er	O
grade	O
so	O
weit	O
mit	O
seinen	O
Gedanken	O
gekommen	O
war	O
,	O
wurde	O
er	O
schon	O
wieder	O
gestört	O
.	O
Der	O
kleine	RAUMBESCHREIBUNG
Georg	O
tauchte	RELATIONALES VERB
neben	RELATION
ihm	RAUMHINWEIS
auf	RELATIONALES VERB
,	O
Schulbücher	RAUMHINWEIS
unter	RELATION
dem	O
Arm	RAUMHINWEIS
,	O
fragte	O
woher	RELATION
und	O
wohin	RELATION
und	O
schloß	RELATIONALES VERB
sich	O
an	RELATIONALES VERB
.	O
Es	O
gefiel	O
ihm	O
,	O
neben	RELATION
dem	O
eleganten	O
Mann	O
herzugehen	RELATIONALES VERB
und	O
kollegial	O
behandelt	O
zu	O
werden	O
,	O
wenn	O
man	O
Bekannten	O
begegnete	RELATIONALES VERB
.	O
	O
Was	O
macht	O
denn	O
Ihr	O
Phantom	O
,	O
Baron	O
?	O
``	O
fragte	O
er	O
,	O
	O
haben	O
Sie	O
es	RAUMHINWEIS
gefunden	RELATIONALES VERB
?	O
Sie	O
sind	O
ja	O
nie	O
mehr	O
zu	RELATION
Hause	ORT
.	O
``	O
	O
Nichts	O
gefunden	RELATIONALES VERB
``	O
,	O
sagte	O
Henning	O
.	O
	O
Phantomen	O
begegnet	RELATIONALES VERB
man	O
nicht	O
so	O
leicht	O
im	O
Tageslicht	O
wieder	O
.	O
``	O
	O
Und	O
dann	O
ist	O
es	O
auch	O
kein	O
richtiges	O
Phantom	O
mehr	O
,	O
es	O
wäre	O
vielleicht	O
schade	O
``	O
,	O
bemerkte	O
Georg	O
,	O
der	O
heute	O
merkwürdig	O
ernst	O
war	O
.	O
	O
Das	O
ist	O
eine	O
richtige	O
Jugendweisheit	O
.	O
Wird	O
man	O
älter	O
,	O
so	O
möchte	O
man	O
doch	O
lieber	O
etwas	O
Wirklichkeit	O
in	RAUMMETAPHER
der	RAUMMETAPHER
Hand	RAUMMETAPHER
als	O
eine	O
schöne	O
Illusion	O
auf	RAUMMETAPHER
dem	RAUMMETAPHER
Dach	RAUMMETAPHER
haben	O
.	O
Aber	O
erzählen	O
Sie	O
mir	O
lieber	O
etwas	O
von	RELATION
sich	RAUMHINWEIS
.	O
Wie	O
war	O
denn	O
der	O
Abend	O
im	RELATION
Séparée	ORT
damals	O
?	O
Mir	O
scheint	O
,	O
seitdem	O
haben	O
wir	O
uns	O
nicht	O
mehr	O
gesehen	RELATIONALES VERB
.	O
``	O
	O
Es	O
war	O
sehr	O
komisch	O
``	O
,	O
erzählte	O
Georg	O
.	O
	O
Man	O
hat	O
uns	O
erst	O
ziemlich	O
dumm	O
angeschaut	RELATIONALES VERB
,	O
dann	O
hab	O
,	O
ich	O
dem	O
Ober	O
fünf	O
Mark	O
Trinkgeld	O
gegeben	RELATIONALES VERB
.	O
Er	O
hat	O
in	RELATION
verschiedene	O
Türen	RAUMTHEMA
hineingesehen	RELATIONALES VERB
und	O
uns	O
schließlich	O
in	RELATION
ein	O
Zimmer	ORT
geführt	RELATIONALES VERB
,	O
aber	O
es	O
sah	RELATIONALES VERB
anders	O
aus	RELATIONALES VERB
,	O
als	O
ich	O
mir	O
dachte	O
.	O
Da	O
stand	RELATIONALES VERB
zum	O
Beispiel	O
ein	O
Käfig	RAUMTHEMA
mit	O
einem	O
Papageien	O
...	O
Ich	O
treibe	RELATIONALES VERB
mich	O
ja	O
sonst	O
nicht	O
mit	O
Weibern	O
herum	RELATION
und	O
kenne	O
diese	O
Geschichten	O
nicht	O
``	O
,	O
sagte	O
Georg	O
ein	O
wenig	O
verächtlich	O
,	O
denn	O
er	O
war	O
ein	O
ziemlicher	O
Idealist	O
,	O
	O
es	O
war	O
ja	O
nur	O
Hedys	O
wegen	O
,	O
damit	O
sie	O
nicht	O
gesehen	RELATIONALES VERB
würde	O
.	O
``	O
Henning	O
mußte	O
ein	O
wenig	O
lachen	O
.	O
	O
Warum	O
lachen	O
Sie	O
?	O
``	O
	O
Ach	O
,	O
nur	O
über	O
den	O
Papagei	O
,	O
ja	O
,	O
und	O
dann	O
?	O
``	O
	O
Dann	O
haben	O
wir	O
schließlich	O
doch	O
noch	O
Pech	O
gehabt	O
.	O
Auf	RELATION
dem	O
Korridor	RAUMHINWEIS
,	O
als	O
wir	O
fortgingen	RELATIONALES VERB
,	O
sind	O
wir	O
dem	O
alten	O
Kommerzienrat	O
Schönlank	O
begegnet	RELATIONALES VERB
,	O
Sie	O
wissen	O
doch	O
,	O
der	O
mit	O
dem	O
Hut	RAUMHINWEIS
im	RELATION
Nacken	RAUMHINWEIS
,	O
der	O
ihre	O
Eltern	O
kennt	O
,	O
und	O
der	O
droht	O
ihr	O
nun	O
jeden	O
Augenblick	O
,	O
er	O
würde	O
es	O
zu	RELATION
Hause	ORT
erzählen	O
,	O
wenn	O
sie	O
ihn	O
nicht	O
etwas	O
freundlicher	O
anschaute	RELATIONALES VERB
.	O
Das	O
fällt	O
ihr	O
natürlich	O
nicht	O
ein	O
,	O
sie	O
kann	O
keine	O
älteren	O
Herren	O
ausstehen	O
,	O
besonders	O
wenn	O
sie	O
zudringlich	O
sind	O
.	O
``	O
	O
Da	O
hat	O
sie	O
ganz	O
recht	O
.	O
``	O
	O
Ach	O
,	O
es	O
gibt	O
immer	O
so	O
viele	O
Geschichten	O
``	O
,	O
sagte	O
Georg	O
aufseufzend	O
,	O
	O
aber	O
jetzt	O
muß	O
ich	O
Hedy	O
drüben	RELATION
am	RELATION
Telegraphenamt	ORT
treffen	RELATIONALES VERB
.	O
Da	ORT
steht	RELATIONALES VERB
sie	O
schon	O
.	O
``	O
Henning	O
ging	RELATIONALES VERB
mit	RELATION
.	O
Drüben	RELATION
stand	RELATIONALES VERB
Hedy	O
mit	RELATION
einem	O
anderen	O
Backfisch	RAUMHINWEIS
,	O
der	O
ihr	O
inzwischen	O
Gesellschaft	RAUMHINWEIS
geleistet	O
hatte	O
und	O
nun	O
diskret	O
davonstob	RELATIONALES VERB
.	O
Hedy	O
kniff	RELATIONALES VERB
ihre	O
lichtbraunen	O
,	O
etwas	O
kurzsichtigen	O
Augen	RAUMHINWEIS
mit	O
den	O
langen	RAUMBESCHREIBUNG
Wimpern	RAUMHINWEIS
flüchtig	O
zusammen	RELATION
,	O
um	O
zu	O
erkennen	RELATIONALES VERB
,	O
wer	O
da	ORT
mit	RELATION
Georg	O
kam	RELATIONALES VERB
.	O
Der	O
wellige	O
braune	O
Zopf	RAUMHINWEIS
mit	O
einer	O
großen	RAUMBESCHREIBUNG
Schleife	RAUMHINWEIS
ließ	O
ihr	O
noch	O
etwas	O
Kindliches	O
,	O
sonst	O
war	O
wie	O
immer	O
die	O
ganze	O
Erscheinung	O
für	O
ihr	O
Alter	O
etwas	O
zu	O
mondän	O
,	O
und	O
sie	O
benahm	O
sich	O
mit	O
vollendeter	O
Sicherheit	O
.	O
Man	O
konnte	O
kaum	O
annehmen	O
,	O
daß	O
sie	O
sich	O
vor	O
aufdringlichen	O
Kommerzienräten	O
ernstlich	O
fürchtete	O
.	O
Sie	O
reichte	RELATIONALES VERB
Henning	O
die	O
Hand	RAUMHINWEIS
und	O
machte	O
Konversation	O
.	O
Eine	O
Schönheit	O
wird	O
sie	O
nicht	O
,	O
dachte	O
er	O
,	O
aber	O
immerhin	O
ganz	O
hübsch	O
,	O
ganz	O
pikant	O
,	O
etwas	O
für	O
den	O
Salon	ORT
.	O
Vielleicht	O
ein	O
wenig	O
zu	O
schmächtig	O
...	O
aber	O
das	O
wächst	RELATIONALES VERB
ja	O
noch	O
,	O
fiel	O
ihm	O
ein	O
...	O
das	O
ist	O
noch	O
nicht	O
ausgewachsen	RELATIONALES VERB
,	O
hat	O
noch	O
nicht	O
seine	O
endgültige	O
Form	RAUMHINWEIS
angenommen	O
.	O
Er	O
fühlte	O
heute	O
ein	O
fast	O
zärtliches	O
Wohlwollen	O
für	O
die	O
beiden	O
,	O
und	O
es	O
reizte	O
ihn	O
,	O
Hedy	O
im	O
Gegensatz	O
zu	O
ihrer	O
Damenhaftigkeit	O
als	O
Kind	O
zu	O
behandeln	O
.	O
So	O
trat	RELATIONALES VERB
er	O
in	RELATION
die	O
nächste	O
Konditorei	ORT
,	O
kaufte	O
ihr	O
Pralinés	O
und	O
lud	RELATIONALES VERB
dann	O
beide	O
ein	RELATIONALES VERB
,	O
die	O
Spazierfahrt	RAUMTHEMA
mitzumachen	RELATIONALES VERB
.	O
Es	O
gefiel	O
ihm	O
,	O
wie	O
eine	O
unbefangene	O
Freude	O
in	RELATION
ihren	O
Augen	RAUMHINWEIS
aufging	RELATIONALES VERB
und	O
sie	O
Georg	O
mit	O
einem	O
fragenden	O
Blick	RAUMHINWEIS
streifte	RELATIONALES VERB
.	O
Nein	O
,	O
es	O
war	O
nichts	O
einzuwenden	O
,	O
wenn	O
man	O
nur	O
rechtzeitig	O
nach	RELATION
Hause	ORT
kam	RELATIONALES VERB
,	O
und	O
nun	O
gingen	RELATIONALES VERB
alle	O
drei	O
weiter	RELATION
,	O
um	O
einen	O
Wagen	RAUMTHEMA
zu	O
nehmen	RELATIONALES VERB
.	O
	O
Um	RELATION
die	O
nächste	O
Ecke	ORT
ist	O
eine	O
Haltestelle	ORT
``	O
,	O
sagte	O
Georg	O
,	O
der	O
geborne	O
Großstädter	O
,	O
der	O
jede	O
Haltestelle	ORT
,	O
jedes	O
Postamt	ORT
und	O
was	O
es	O
sonst	O
an	O
nützlichen	O
und	O
notwendigen	O
Dingen	O
gab	O
,	O
sofort	O
im	RELATION
Kopf	RAUMHINWEIS
hatte	O
.	O
Henning	O
aber	O
erklärte	O
,	O
er	O
habe	O
heute	O
Lust	O
,	O
langsam	O
und	O
beschaulich	O
zu	O
fahren	RELATIONALES VERB
und	O
wollte	O
deshalb	O
eine	O
Pferdedroschke	RAUMTHEMA
,	O
die	O
denn	O
auch	O
bald	O
gefunden	RELATIONALES VERB
wurde	O
.	O
	O
Nein	O
,	O
nein	O
,	O
nein	O
,	O
nicht	O
die	O
``	O
,	O
protestierte	O
Hedy	O
plötzlich	O
aufgeregt	O
,	O
	O
Schimmel	O
bringen	O
Unglück	O
...	O
``	O
	O
Wer	O
hat	O
Ihnen	O
das	O
gesagt	O
?	O
``	O
	O
Meine	O
alte	O
Kinderfrau	O
...	O
sie	O
weiß	O
auch	O
immer	O
vorher	O
,	O
wenn	O
jemand	O
stirbt	O
.	O
``	O
Sie	O
war	O
tatsächlich	O
ganz	O
erschrocken	O
und	O
sah	RELATIONALES VERB
einen	O
Moment	O
blaß	O
und	O
unglücklich	O
aus	RELATIONALES VERB
.	O
	O
Aber	O
Hedy	O
``	O
,	O
sagte	O
Georg	O
mit	O
etwas	O
gezwungenem	O
Lachen	O
und	O
dann	O
leiser	O
,	O
	O
so	O
nimm	O
dich	O
doch	O
zusammen	O
.	O
``	O
	O
Jetzt	O
nehmen	RELATIONALES VERB
wir	O
grade	O
den	O
Schimmel	RAUMHINWEIS
,	O
und	O
Sie	O
sollen	O
sehen	RELATIONALES VERB
,	O
daß	O
er	O
Ihnen	O
Glück	O
bringt	RELATIONALES VERB
``	O
,	O
und	O
Henning	O
schob	RELATIONALES VERB
sie	O
in	RELATION
den	O
Wagen	RAUMTHEMA
und	O
setzte	RELATIONALES VERB
sich	O
neben	RELATION
sie	RAUMHINWEIS
.	O
	O
Wie	O
kommen	O
denn	O
grade	O
Sie	O
zu	O
einer	O
phantastischen	O
Kinderfrau	O
,	O
mir	O
scheint	O
,	O
das	O
paßt	O
nicht	O
recht	O
zu	O
Ihnen	O
.	O
``	O
	O
Gott	O
,	O
sie	O
ist	O
irgendwo	ORT
aus	RELATION
Pommern	ORT
...	O
ich	O
war	O
dort	ORT
als	O
Baby	O
bei	RELATION
meinen	O
Großeltern	RAUMHINWEIS
,	O
während	O
Papa	O
sich	O
hier	ORT
etablierte	O
,	O
und	O
dann	O
hat	O
man	O
sie	O
mit	O
hergenommen	RELATIONALES VERB
.	O
Sie	O
kann	O
auch	O
aus	RELATION
der	O
Hand	RAUMHINWEIS
wahrsagen	O
...	O
``	O
	O
So	O
,	O
und	O
was	O
hat	O
sie	O
Ihnen	O
denn	O
schon	O
gewahrsagt	O
?	O
``	O
	O
Nicht	O
viel	O
Gutes	O
--	O
ach	O
,	O
ich	O
pfeife	O
darauf	O
...	O
``	O
Aber	O
dann	O
verstummte	O
sie	O
und	O
war	O
wieder	O
ganz	O
Weltdame	O
.	O
Nach	O
einigen	O
Minuten	O
hielt	RELATIONALES VERB
der	O
Wagen	RAUMTHEMA
vor	RELATION
Käthes	O
Haus	ORT
.	O
Sie	O
hatte	O
schon	O
ungeduldig	O
und	O
wohl	O
eingehüllt	RELATIONALES VERB
auf	RELATION
dem	O
Balkon	ORT
gewartet	RELATIONALES VERB
und	O
kam	RELATIONALES VERB
gleich	O
herunter	RELATION
,	O
dann	O
rollte	RELATIONALES VERB
man	O
weiter	O
in	RELATION
den	O
hellen	O
Wintervormittag	O
.	O
Hedy	O
machte	O
wieder	O
Konversation	O
und	O
bewunderte	O
Käthe	O
im	O
stillen	O
.	O
	O
Kinder	O
,	O
erzählt	O
mir	O
etwas	O
Neues	O
,	O
etwas	O
ganz	O
Neues	O
``	O
,	O
sagte	O
sie	O
auf	O
einmal	O
,	O
	O
ich	O
bin	O
heute	O
mit	RAUMMETAPHER
dem	RAUMMETAPHER
linken	RAUMMETAPHER
Fuß	RAUMMETAPHER
aufgestanden	RAUMMETAPHER
,	O
und	O
mir	O
kommt	O
alles	O
so	O
fad	O
vor	O
.	O
Ich	O
möchte	O
etwas	O
Lustiges	O
hören	RELATIONALES VERB
,	O
womöglich	O
eine	O
kleine	O
Sensation	O
.	O
Himmel	RAUMMETAPHER
,	O
die	O
Welt	ORT
ist	O
manchmal	O
so	O
langweilig	O
.	O
``	O
	O
Ich	O
weiß	O
nichts	O
.	O
``	O
	O
Sie	O
wissen	O
nie	O
etwas	O
,	O
Henning	O
.	O
Bei	RELATION
Ihnen	RAUMHINWEIS
könnte	O
immer	O
etwas	O
passieren	O
,	O
aber	O
es	O
passiert	O
nichts	O
,	O
wie	O
mit	O
Lucy	O
.	O
Also	O
Georg	O
,	O
Hedy	O
,	O
dann	O
ihr	O
,	O
ihr	O
seid	O
doch	O
immer	O
voll	RAUMBESCHREIBUNG
von	O
Erlebnissen	O
...	O
meinetwegen	O
auch	O
eine	O
Schulgeschichte	O
--	O
ihr	O
glücklichen	O
Menschenkinder	O
geht	RELATIONALES VERB
ja	O
noch	O
in	RELATION
die	O
Schule	ORT
.	O
``	O
	O
Ja	O
,	O
das	O
tun	O
wir	O
``	O
,	O
sagte	O
Georg	O
mit	O
Nachdruck	O
und	O
sehr	O
ernstem	O
Gesicht	O
,	O
es	O
war	O
,	O
als	O
wenn	O
sich	O
plötzlich	O
eine	O
Maske	RAUMHINWEIS
über	RELATION
seine	O
Züge	RAUMHINWEIS
legte	RELATIONALES VERB
,	O
	O
wir	O
gehen	RELATIONALES VERB
noch	O
in	RELATION
die	O
Schule	ORT
und	O
da	ORT
passiert	O
allerhand	O
.	O
Ich	O
weiß	O
auch	O
eine	O
Schulgeschichte	O
für	O
dich	O
,	O
Käthe	O
,	O
wenn	O
du	O
gerne	O
eine	O
Sensation	O
willst	O
,	O
aber	O
lustig	O
ist	O
sie	O
nicht	O
.	O
``	O
	O
Erzähl	O
sie	O
nur	O
``	O
--	O
sie	O
lehnte	RELATIONALES VERB
sich	O
zurück	RELATION
und	O
war	O
bereit	O
,	O
die	O
Schulgeschichte	O
über	RELATION
sich	RAUMHINWEIS
ergehen	O
zu	O
lassen	O
--	O
	O
aber	O
was	O
machst	O
du	O
denn	O
für	O
ein	O
Gesicht	O
,	O
Junge	O
?	O
``	O
	O
Gar	O
kein	O
Gesicht	O
--	O
weißt	O
du	O
,	O
es	O
hat	O
gestern	O
einer	O
aus	RELATION
unserer	O
Klasse	RAUMHINWEIS
einen	O
Selbstmordversuch	O
gemacht	O
,	O
in	O
der	O
Pause	O
auf	RELATION
dem	O
Schulhof	ORT
.	O
Er	O
hat	O
sich	O
die	O
Adern	RAUMHINWEIS
aufgeschnitten	RELATIONALES VERB
,	O
dann	O
hat	O
man	O
ihn	O
ins	RELATION
Krankenhaus	ORT
gebracht	RELATIONALES VERB
,	O
und	O
er	O
ist	O
gestorben	O
.	O
``	O
	O
Aber	O
Georg	O
,	O
das	O
ist	O
ja	O
schrecklich	O
--	O
ein	O
Freund	O
von	O
dir	O
--	O
in	O
deinem	O
Alter	O
?	O
``	O
Käthe	O
fuhr	RELATIONALES VERB
in	RELATION
die	O
Höhe	ORT
und	O
legte	RELATIONALES VERB
die	O
Hand	RAUMHINWEIS
auf	RELATION
seinen	O
Arm	RAUMHINWEIS
.	O
	O
Man	O
sollte	O
doch	O
wirklich	O
nicht	O
so	O
frivol	O
reden	O
.	O
Kaum	O
hab	O
,	O
ich	O
mir	O
ganz	O
gedankenlos	O
eine	O
Sensation	O
gewünscht	O
...	O
Aber	O
warum	O
denn	O
?	O
``	O
Georg	O
war	O
ganz	O
blaß	O
,	O
und	O
Hedy	O
sah	RELATIONALES VERB
ihn	O
an	RELATIONALES VERB
,	O
als	O
wollte	O
sie	O
sagen	O
:	O
Warum	O
sprichst	O
du	O
darüber	O
?	O
Ihr	O
war	O
die	O
Angelegenheit	O
natürlich	O
schon	O
bekannt	O
,	O
und	O
beide	O
hatten	O
seitdem	O
einige	O
Aufregung	O
durchgemacht	O
.	O
Man	O
war	O
inzwischen	O
aus	RELATION
der	O
Stadt	ORT
herausgekommen	RELATIONALES VERB
und	O
begegnete	RELATIONALES VERB
in	RELATION
den	O
Anlagen	ORT
zu	O
dieser	O
Tagesstunde	O
nur	O
wenigen	O
Spaziergängern	O
oder	O
vereinzelten	O
Reitern	O
,	O
die	O
in	RELATION
dem	O
weichen	O
Reitweg	ORT
hintrabten	RELATIONALES VERB
,	O
und	O
hatte	O
den	O
Eindruck	O
,	O
jetzt	O
geht	RELATIONALES VERB
alles	O
nach	RELATION
Hause	ORT
zum	O
Mittagessen	O
.	O
	O
Hat	O
er	O
etwas	O
mit	O
den	O
Lehrern	O
gehabt	O
?	O
``	O
fragte	O
Käthe	O
weiter	O
.	O
	O
Nein	O
,	O
man	O
weiß	O
nicht	O
warum	O
...	O
das	O
heißt	O
,	O
es	O
ist	O
noch	O
etwas	O
anderes	O
dabei	O
.	O
``	O
	O
Junge	O
,	O
sei	O
doch	O
nicht	O
so	O
geheimnisvoll	O
!	O
``	O
	O
Ich	O
habe	O
allen	O
Grund	O
dazu	O
``	O
,	O
sagte	O
Georg	O
verstört	O
,	O
	O
...	O
aber	O
mit	O
euch	O
kann	O
ich	O
ja	O
schließlich	O
darüber	O
sprechen	O
.	O
Die	O
Sache	O
ist	O
die	O
...	O
``	O
fuhr	O
er	O
immer	O
noch	O
etwas	O
zögernd	O
fort	O
,	O
	O
wir	O
haben	O
in	RELATION
der	O
Klasse	RAUMHINWEIS
einen	O
Selbstmordverein	O
gegründet	O
gehabt	O
,	O
...	O
es	O
ist	O
noch	O
nicht	O
lange	O
her	O
...	O
und	O
es	O
war	O
eigentlich	O
nur	O
halb	O
im	O
Spaß	O
...	O
``	O
	O
Einen	O
Selbstmordverein	O
?	O
``	O
fragte	O
Henning	O
starr	O
vor	O
Staunen	O
,	O
	O
aber	O
lieber	O
Georg	O
,	O
das	O
sind	O
doch	O
--	O
--	O
--	O
und	O
was	O
meinen	O
Sie	O
damit	O
,	O
halb	O
im	O
Spaß	O
?	O
Der	O
Junge	O
,	O
von	O
dem	O
Sie	O
sprechen	O
,	O
scheint	O
es	O
doch	O
ziemlich	O
ernst	O
genommen	O
zu	O
haben	O
.	O
``	O
	O
Deshalb	O
begreifen	O
wir	O
ja	O
auch	O
nicht	O
...	O
Den	O
Verein	O
haben	O
wir	O
nicht	O
gemacht	O
,	O
damit	O
man	O
sich	O
nun	O
auf	O
jeden	O
Fall	O
umbringen	O
soll	O
.	O
Wir	O
waren	O
nur	O
zusammen	RELATION
und	O
sprachen	O
vom	O
Sterben	O
und	O
solchen	O
Sachen	O
.	O
Wir	O
hatten	O
auch	O
etwas	O
getrunken	O
den	O
Abend	O
.	O
``	O
	O
Und	O
daraufhin	O
gründet	O
ihr	O
einen	O
Selbstmordverein	O
...	O
nein	O
,	O
weißt	O
du	O
...	O
``	O
	O
Ach	O
,	O
du	O
mußt	O
es	O
nicht	O
falsch	O
verstehen	O
.	O
Nicht	O
einen	O
richtigen	O
Verein	O
,	O
wie	O
die	O
Spießbürger	O
...	O
``	O
Hedy	O
bekam	O
einen	O
kleinen	O
Lachanfall	O
bei	O
dem	O
Gedanken	O
,	O
daß	O
Spießbürger	O
einen	O
solchen	O
Verein	O
gründen	O
sollten	O
,	O
aber	O
im	O
Grunde	O
bewunderte	O
sie	O
das	O
düstere	O
Pathos	O
,	O
das	O
über	O
der	O
Sache	O
lag	O
,	O
und	O
genierte	O
sich	O
dann	O
,	O
daß	O
sie	O
gelacht	O
hatte	O
.	O
	O
Es	O
könnte	O
auch	O
nach	O
dummen	O
Buben	O
klingen	O
,	O
Georg	O
.	O
``	O
	O
Nein	O
``	O
--	O
Georg	O
fühlte	O
sich	O
hin	RELATION
und	O
her	RELATION
gezerrt	RELATIONALES VERB
von	O
seinen	O
Empfindungen	O
,	O
er	O
war	O
noch	O
beklommen	O
von	O
dem	O
Ereignis	O
und	O
sehnte	O
sich	O
nach	O
Mitteilung	O
,	O
aber	O
es	O
reute	O
ihn	O
beinah	O
,	O
darüber	O
gesprochen	O
zu	O
haben	O
,	O
wenn	O
er	O
nicht	O
richtig	O
verstanden	O
wurde	O
.	O
	O
Nein	O
,	O
wir	O
sind	O
keine	O
dummen	O
Buben	O
mehr	O
,	O
wir	O
sind	O
nur	O
junge	O
Menschen	O
,	O
und	O
die	O
Probleme	O
sind	O
für	O
uns	O
ebensogut	O
da	ORT
wie	O
für	O
euch	O
.	O
Das	O
mit	O
dem	O
Sterben	O
ist	O
eines	O
,	O
womit	O
man	O
sich	O
schon	O
als	O
Kind	O
herumquält	O
...	O
Da	O
war	O
einer	O
,	O
der	O
hat	O
mit	O
angesehen	RELATIONALES VERB
,	O
wie	O
sein	O
Vater	O
starb	O
,	O
und	O
er	O
sagte	O
,	O
es	O
sei	O
so	O
schrecklich	O
gewesen	O
,	O
daß	O
er	O
immer	O
nur	O
gedacht	O
habe	O
:	O
Nein	O
,	O
nur	O
nicht	O
so	O
.	O
Ja	O
,	O
Gott	O
,	O
wie	O
soll	O
man	O
das	O
erklären	O
,	O
wir	O
kamen	O
dann	O
schließlich	O
überein	O
,	O
daß	O
wir	O
alle	O
auf	O
eine	O
anständige	O
Art	O
sterben	O
wollten	O
,	O
wenn	O
es	O
einmal	O
soweit	O
ist	O
oder	O
wenn	O
man	O
keine	O
Lust	O
mehr	O
hat	O
.	O
Das	O
kann	O
doch	O
jedem	O
passieren	O
.	O
``	O
	O
Ja	O
,	O
dagegen	O
ist	O
eigentlich	O
nichts	O
einzuwenden	O
``	O
,	O
meinte	O
Henning	O
sachlich	O
,	O
	O
irgendeinen	O
Grund	O
wird	O
Ihr	O
Freund	O
wohl	O
auch	O
gehabt	O
haben	O
.	O
Oder	O
meinen	O
Sie	O
etwa	O
,	O
daß	O
ihn	O
die	O
Sache	O
mit	O
dem	O
Verein	O
exaltiert	O
hat	O
?	O
``	O
Der	O
Junge	O
zuckte	RELATIONALES VERB
die	O
Achseln	RAUMHINWEIS
.	O
	O
Das	O
weiß	O
niemand	O
.	O
Aber	O
die	O
Geschichte	O
ist	O
aufgekommen	O
...	O
er	O
hatte	O
einen	O
Brief	O
an	RELATION
uns	RAUMHINWEIS
andere	O
geschrieben	O
,	O
den	O
hat	O
man	O
in	RELATION
seiner	O
Tasche	RAUMHINWEIS
gefunden	RELATIONALES VERB
und	O
ohne	O
weiteres	O
gelesen	O
...	O
Nun	O
wird	O
in	O
den	O
nächsten	O
Tagen	O
Konferenz	O
gehalten	O
,	O
wir	O
sollen	O
einzeln	O
ausgefragt	O
werden	O
,	O
und	O
es	O
kann	O
sein	O
,	O
daß	O
man	O
uns	O
alle	O
relegiert	O
.	O
``	O
Georg	O
lehnte	RELATIONALES VERB
sich	O
wie	O
ermüdet	O
zurück	RELATION
und	O
sah	RELATIONALES VERB
sorgenvoll	O
aus	RELATIONALES VERB
,	O
wie	O
ein	O
Erwachsener	O
.	O
Hedy	O
hatte	O
kein	O
Wort	O
geäußert	RELATIONALES VERB
,	O
nur	O
ihre	O
Augen	RAUMHINWEIS
wanderten	RELATIONALES VERB
bei	O
seiner	O
Erzählung	O
immer	O
mit	O
.	O
	O
Was	O
machen	O
wir	O
dann	O
?	O
``	O
sagte	O
sie	O
jetzt	O
unruhig	O
und	O
sah	RELATIONALES VERB
abwechselnd	O
Henning	O
und	O
Käthe	O
an	RELATIONALES VERB
.	O
Diese	O
so	O
viel	O
älteren	O
und	O
erfahrenen	O
Leute	O
mußten	O
doch	O
irgendeinen	O
Rat	O
wissen	O
.	O
	O
Wenn	O
Georg	O
auf	RELATION
eine	O
andere	O
Schule	ORT
käme	RELATIONALES VERB
und	O
ich	O
soll	O
hierbleiben	RELATIONALES VERB
...	O
``	O
Aber	O
sie	O
schwiegen	O
und	O
dachten	O
nach	O
.	O
Gewiß	O
,	O
das	O
war	O
eine	O
traurige	O
Geschichte	O
,	O
aber	O
es	O
passiert	O
ja	O
so	O
viel	O
dergleichen	O
.	O
Kinder	O
,	O
junge	O
Leute	O
werden	O
mit	O
dem	O
Leben	O
nicht	O
fertig	O
oder	O
verzweifeln	O
,	O
wenn	O
etwas	O
nicht	O
klappt	O
,	O
den	O
Erwachsenen	O
geht	O
es	O
ebenso	O
.	O
Und	O
die	O
ganz	O
Jungen	O
werfen	RAUMMETAPHER
vielleicht	RAUMMETAPHER
die	RAUMMETAPHER
Flinte	RAUMMETAPHER
eher	RAUMMETAPHER
ins	RAUMMETAPHER
Korn	RAUMMETAPHER
,	O
weil	O
sie	O
noch	O
nicht	O
erfahren	O
haben	O
,	O
daß	O
doch	O
immer	O
wieder	O
etwas	O
Neues	O
kommt	RELATIONALES VERB
.	O
Da	ORT
saßen	RELATIONALES VERB
diese	O
beiden	O
,	O
die	O
bisher	O
immer	O
voll	RAUMBESCHREIBUNG
Vergnügen	O
mit	O
ihren	O
Schulbüchern	RAUMHINWEIS
unter	RELATION
dem	O
Arm	RAUMHINWEIS
ins	RAUMMETAPHER
Leben	RAUMMETAPHER
hineintrabten	RAUMMETAPHER
und	O
hatten	O
Unannehmlichkeiten	O
,	O
schwere	O
Gedanken	O
und	O
Befürchtungen	O
.	O
Käthe	O
versuchte	O
etwas	O
unbestimmt	O
zu	O
trösten	O
:	O
abwarten	O
--	O
und	O
man	O
wird	O
ja	O
sehen	O
...	O
Das	O
schöne	O
Wetter	O
und	O
das	O
Vergnügen	O
am	O
Draußensein	RAUMHINWEIS
hatte	O
man	O
darüber	O
ganz	O
vergessen	O
.	O
Erst	O
als	O
der	O
Kutscher	O
sich	O
umwandte	RELATIONALES VERB
und	O
fragte	O
,	O
ob	O
er	O
noch	O
weiter	RELATION
fahren	RELATIONALES VERB
solle	O
,	O
fiel	O
es	O
allen	O
wieder	O
ein	O
:	O
	O
Gott	O
,	O
wir	O
fahren	RELATIONALES VERB
ja	O
spazieren	RAUMTHEMA
und	O
es	O
ist	O
gleich	O
Mittag	O
``	O
,	O
und	O
Käthe	O
schlug	O
vor	O
,	O
auszusteigen	RELATIONALES VERB
und	O
in	RELATION
dem	O
kleinen	RAUMBESCHREIBUNG
Restaurant	ORT
am	RELATION
Waldrand	ORT
zu	O
essen	O
.	O
Es	O
würde	O
sich	O
für	O
die	O
beiden	O
schon	O
ein	O
Vorwand	O
finden	O
,	O
den	O
man	O
nach	RELATION
Hause	ORT
telephonieren	O
konnte	O
.	O
Das	O
geschah	O
denn	O
auch	O
.	O
Man	O
umstand	RELATIONALES VERB
das	O
Telefon	RAUMHINWEIS
,	O
und	O
eines	O
nach	O
dem	O
anderen	O
sagte	O
seinen	O
Spruch	O
.	O
Georg	O
erzählte	O
von	O
einem	O
Ausflug	RAUMTHEMA
mit	O
Kameraden	O
und	O
Hedy	O
mit	O
heller	O
Stimme	O
von	O
einer	O
Freundin	O
,	O
die	O
sie	O
unerwartet	O
eingeladen	RELATIONALES VERB
habe	O
.	O
Doktor	O
Burmann	O
dagegen	O
wurde	O
gebeten	O
,	O
wenn	O
er	O
nicht	O
gleich	O
abkommen	RELATIONALES VERB
könne	O
,	O
wenigstens	O
zum	O
Kaffee	O
zu	O
erscheinen	RELATIONALES VERB
.	O
Henning	O
verhandelte	O
indessen	O
mit	O
dem	O
Kellner	O
und	O
stellte	O
das	O
Menü	O
zusammen	O
.	O
	O
Da	O
wir	O
heute	O
Kindergesellschaft	RAUMHINWEIS
haben	O
,	O
muß	O
es	O
zum	O
Schluß	O
wohl	O
Süßigkeiten	O
und	O
Sekt	O
geben	O
``	O
,	O
sagte	O
er	O
zu	O
Käthe	O
.	O
	O
Inszenieren	O
wir	O
um	O
Gottes	O
willen	O
etwas	O
Lustigkeit	O
,	O
ich	O
kann	O
solche	O
Stimmungen	O
auf	O
die	O
Länge	O
nicht	O
vertragen	O
.	O
Diese	O
dumme	O
Schultragödie	O
,	O
wie	O
es	O
deren	O
schon	O
Dutzende	O
gegeben	O
hat	O
,	O
und	O
die	O
nun	O
ihren	O
Schatten	RAUMMETAPHER
auf	RAUMMETAPHER
unsere	RAUMMETAPHER
beiden	RAUMMETAPHER
Krabben	RAUMMETAPHER
zu	RAUMMETAPHER
werfen	RAUMMETAPHER
gedenkt	O
.	O
--	O
Haben	O
Sie	O
gesehen	RELATIONALES VERB
,	O
wie	O
das	O
Mädel	O
verängstigt	O
dreinschaut	RELATIONALES VERB
,	O
wenn	O
man	O
sie	O
nicht	O
beobachtet	RELATIONALES VERB
?	O
Das	O
Leben	O
,	O
dieses	O
sogenannte	O
Leben	O
,	O
ist	O
wirklich	O
ungeschickt	O
und	O
taktlos	O
,	O
diesen	O
hübschen	O
kleinen	O
Roman	O
sollte	O
es	O
doch	O
ruhig	O
stehenlassen	O
,	O
bis	O
er	O
von	O
selbst	O
aufhört	O
...	O
Und	O
Sie	O
haben	O
heute	O
auch	O
einen	O
nervösen	O
Zug	O
,	O
teure	O
Käthe	O
...	O
``	O
Sie	O
stand	RELATIONALES VERB
vor	RELATION
dem	O
Spiegel	RAUMTHEMA
,	O
und	O
es	O
war	O
Henning	O
schon	O
öfters	O
aufgefallen	O
,	O
daß	O
sie	O
sich	O
in	O
dieser	O
Geste	RAUMHINWEIS
von	O
den	O
meisten	O
anderen	O
Frauen	O
unterschied	O
.	O
Sie	O
hatte	O
fast	O
nie	O
etwas	O
an	RELATION
sich	RAUMHINWEIS
zu	O
nesteln	RELATIONALES VERB
und	O
zu	O
ordnen	RELATIONALES VERB
.	O
Wenn	O
sie	O
morgens	O
aus	RELATION
ihrem	O
Ankleidezimmer	ORT
hervorging	RELATIONALES VERB
,	O
war	O
die	O
Sache	O
erledigt	O
,	O
ihre	O
Frisur	O
,	O
ihre	O
Kleidung	O
,	O
alle	O
ihre	O
Einzelheiten	O
blieben	O
den	O
Tag	O
über	O
,	O
wie	O
sie	O
selbst	O
,	O
harmonisch	O
und	O
besonnen	O
.	O
Sah	RELATIONALES VERB
sie	O
in	RELATION
den	O
Spiegel	RAUMTHEMA
,	O
was	O
gern	O
und	O
häufig	O
geschah	O
,	O
so	O
war	O
es	O
eigentlich	O
nur	O
,	O
um	O
das	O
mit	O
wohlwollendem	O
Interesse	O
festzustellen	O
.	O
	O
Pfui	O
,	O
das	O
höre	RELATIONALES VERB
ich	O
nicht	O
gerne	O
``	O
,	O
antwortete	O
sie	O
auf	O
Hennings	O
Bemerkung	O
,	O
	O
aber	O
Sie	O
haben	O
wohl	O
recht	O
,	O
ich	O
habe	O
es	O
eben	O
schon	O
selbst	O
konstatiert	O
.	O
Ich	O
glaube	O
,	O
wir	O
bummeln	O
doch	O
etwas	O
zuviel	O
,	O
und	O
ich	O
muß	O
allmählich	O
daran	O
denken	O
,	O
mich	O
zu	O
konservieren	O
.	O
Ihnen	O
als	O
Mann	O
macht	O
es	O
ja	O
nichts	O
,	O
wenn	O
Sie	O
Lebefalten	O
bekommen	O
,	O
aber	O
ich	O
danke	O
dafür	O
.	O
Außerdem	O
hat	O
die	O
Sensation	O
,	O
die	O
ich	O
mir	O
frivolerweise	O
wünschte	O
,	O
und	O
die	O
Georg	O
mir	O
dann	O
so	O
prompt	O
servierte	O
,	O
mich	O
ganz	O
trübe	O
gestimmt	O
.	O
``	O
Wieder	O
warf	RELATIONALES VERB
sie	O
einen	O
längeren	O
Blick	RAUMHINWEIS
in	RELATION
den	O
Spiegel	RAUMTHEMA
:	O
	O
Ich	O
mußte	O
eben	O
daran	O
denken	O
,	O
wenn	O
ich	O
selbst	O
Kinder	O
hätte	O
.	O
``	O
	O
Nun	O
,	O
die	O
wären	O
vermutlich	O
noch	O
in	O
zarterem	O
Alter	O
.	O
``	O
	O
Aber	O
einmal	O
würden	O
sie	O
doch	O
groß	RAUMBESCHREIBUNG
...	O
außerdem	O
,	O
wissen	O
Sie	O
,	O
lieber	O
Baron	O
,	O
daß	O
ich	O
nächstens	O
34	O
Jahre	O
alt	O
werde	O
?	O
``	O
Wie	O
unvorsichtig	O
,	O
dachte	O
Henning	O
,	O
ein	O
paar	O
Jahre	O
weiter	O
wird	O
sie	O
sich	O
ärgern	O
,	O
daß	O
man	O
es	O
ihr	O
nachrechnen	O
kann	O
.	O
Überhaupt	O
,	O
Frauen	O
sollten	O
ihr	O
Alter	O
immer	O
unbestimmt	O
lassen	O
,	O
möglichst	O
viel	O
Raum	RAUMMETAPHER
für	RAUMMETAPHER
Illusionen	RAUMMETAPHER
,	O
in	O
jeder	O
Beziehung	O
.	O
``	O
Und	O
dann	O
sagte	O
er	O
scherzend	O
:	O
	O
Barmherzigkeit	O
,	O
Frau	O
Käthe	O
,	O
Sie	O
haben	O
heute	O
eine	O
Tendenz	O
zu	O
entgleisen	RAUMMETAPHER
,	O
und	O
das	O
paßt	O
nicht	O
zu	O
Ihnen	O
.	O
Sie	O
können	O
nicht	O
von	RELATION
Ihrem	O
Spiegel	RAUMTHEMA
wegfinden	RELATIONALES VERB
,	O
stehen	RELATIONALES VERB
da	ORT
und	O
machen	O
Betrachtungen	O
über	O
Ihr	O
Alter	O
und	O
die	O
Kinder	O
,	O
die	O
Sie	O
haben	O
könnten	O
...	O
übrigens	O
,	O
vielleicht	O
würde	O
es	O
Ihnen	O
ausgezeichnet	O
stehen	O
--	O
eine	O
Schar	O
blühender	O
Kinder	O
.	O
``	O
	O
Das	O
dachte	O
ich	O
gerade	O
auch	O
,	O
aber	O
ich	O
bin	O
eine	O
kinderlose	O
Witwe	O
,	O
die	O
von	O
ihren	O
Renten	O
lebt	O
...	O
greulich	O
.	O
``	O
	O
Heiraten	O
Sie	O
doch	O
Hans	O
Burmann	O
,	O
il	O
ne	O
demande	O
pas	O
mieux	O
.	O
``	O
	O
Burmann	O
...	O
nein	O
.	O
``	O
	O
Dann	O
mich	O
...	O
ich	O
würde	O
Ihre	O
Renten	O
gar	O
nicht	O
greulich	O
finden	O
.	O
``	O
Sie	O
warf	RELATIONALES VERB
ihm	O
einen	O
raschen	O
Blick	RAUMHINWEIS
zu	RELATION
und	O
lachte	O
dann	O
:	O
	O
Geben	O
Sie	O
acht	O
,	O
daß	O
ich	O
Sie	O
nicht	O
beim	O
Wort	O
nehme	O
.	O
Aber	O
was	O
wird	O
dann	O
mit	O
Lucy	O
?	O
Ich	O
würde	O
eifersüchtig	O
sein	O
und	O
mich	O
mit	O
dem	O
verdammten	O
Schweden	O
trösten	O
.	O
``	O
	O
Ach	O
,	O
Lucy	O
...	O
ich	O
glaube	O
jetzt	O
kaum	O
mehr	O
,	O
daß	O
wir	O
sie	O
noch	O
finden	RELATIONALES VERB
.	O
Außerdem	O
ist	O
sie	O
nichts	O
zum	O
Heiraten	O
--	O
--	O
--	O
Lucy	O
wünscht	O
sich	O
gewiß	O
keine	O
Kinder	O
.	O
``	O
Georg	O
und	O
Hedy	O
kamen	RELATIONALES VERB
jetzt	O
endlich	O
herein	RELATION
,	O
sie	O
hatten	O
im	RELATION
Korridor	ORT
am	RELATION
Telephon	RAUMHINWEIS
endlos	O
miteinander	RELATION
zu	O
flüstern	O
gehabt	O
,	O
und	O
das	O
Personal	O
streifte	RELATIONALES VERB
sie	O
mit	O
neugierigen	O
Blicken	RAUMHINWEIS
.	O
Das	O
kleine	RAUMBESCHREIBUNG
Gastzimmer	ORT
war	O
voll	RAUMBESCHREIBUNG
Wintersonnenschein	O
und	O
gut	O
geheizt	O
.	O
Man	O
setzte	RELATIONALES VERB
sich	O
zu	RELATION
Tisch	RAUMHINWEIS
,	O
hatte	O
guten	O
Appetit	O
und	O
fühlte	O
sich	O
bald	O
gemütlich	O
und	O
in	RELATION
einiger	O
Ferne	ORT
von	O
allen	O
sonstigen	O
Angelegenheiten	O
.	O
Keiner	O
hatte	O
mehr	O
Lust	O
,	O
über	O
unangenehme	O
Ereignisse	O
oder	O
bedrückende	O
Fragen	O
zu	O
sprechen	O
.	O
Henning	O
saß	RELATIONALES VERB
neben	RELATION
dem	O
jungen	O
Mädchen	RAUMHINWEIS
und	O
machte	O
ihr	O
die	O
Cour	O
in	O
aufgeräumter	O
Stimmung	O
,	O
die	O
er	O
auch	O
den	O
anderen	O
mitzuteilen	O
suchte	O
.	O
	O
Machen	O
Sie	O
jetzt	O
,	O
bitte	O
,	O
vergnügte	O
Augen	O
,	O
wenn	O
es	O
auch	O
nur	O
für	O
mich	O
ist	O
.	O
Georg	O
hat	O
es	O
vielleicht	O
gerne	O
,	O
wenn	O
Sie	O
manchmal	O
tragisch	O
dreinblicken	RELATIONALES VERB
.	O
Zur	O
wahren	O
Liebe	O
gehört	O
ja	O
immer	O
etwas	O
Tragik	O
.	O
Kann	O
sie	O
das	O
auch	O
,	O
Georg	O
?	O
``	O
Der	O
lächelte	O
überlegen	O
.	O
	O
Darüber	O
werden	O
keine	O
Details	O
veröffentlicht	O
.	O
``	O
Hedy	O
trank	O
Wein	O
und	O
lachte	O
.	O
Sie	O
brauchte	O
eine	O
Reaktion	O
,	O
und	O
sie	O
fühlte	O
sich	O
wohl	O
unter	RELATION
diesen	O
Menschen	RAUMHINWEIS
,	O
die	O
gesellschaftlich	O
und	O
dabei	O
leger	O
waren	O
.	O
Zu	RELATION
Hause	ORT
und	O
in	RELATION
ihren	O
Kreisen	RAUMHINWEIS
war	O
das	O
ganz	O
anders	O
,	O
und	O
sie	O
begann	O
darüber	O
nachzudenken	O
,	O
warum	O
,	O
allerlei	O
wirre	O
Gedanken	O
,	O
denen	O
sie	O
schließlich	O
mit	O
der	O
Bemerkung	O
Ausdruck	O
gab	O
:	O
	O
Ich	O
glaube	O
,	O
meine	O
Eltern	O
sind	O
,	O
was	O
man	O
Protzen	O
nennt	O
.	O
``	O
Alle	O
lachten	O
,	O
aber	O
man	O
begriff	O
,	O
daß	O
sie	O
mit	O
diesem	O
Bekenntnis	O
den	O
Versuch	O
machte	O
,	O
ihnen	O
näherzukommen	O
.	O
	O
Ja	O
,	O
deine	O
Eltern	O
``	O
,	O
sagte	O
Georg	O
,	O
	O
es	O
ist	O
schrecklich	O
,	O
daß	O
alle	O
Menschen	O
Eltern	O
haben	O
.	O
Könnte	O
man	O
doch	O
einfach	O
so	O
da	ORT
sein	O
.	O
``	O
Henning	O
dachte	O
mit	O
einem	O
Seufzer	O
an	O
seinen	O
Vater	O
und	O
die	O
junge	O
Stiefmutter	O
und	O
meinte	O
:	O
	O
Ja	O
,	O
sie	O
sind	O
oft	O
lästig	O
,	O
aber	O
man	O
muß	O
sie	O
nehmen	RELATIONALES VERB
,	O
wie	O
sie	O
sind	O
.	O
Sehen	RELATIONALES VERB
Sie	O
,	O
Hedy	O
,	O
mein	O
Vater	O
ist	O
sehr	O
vornehm	O
und	O
war	O
einmal	O
sehr	O
reich	O
,	O
aber	O
ihm	O
lief	RAUMMETAPHER
das	RAUMMETAPHER
Geld	RAUMMETAPHER
durch	RAUMMETAPHER
die	RAUMMETAPHER
Finger	RAUMMETAPHER
,	O
und	O
ich	O
werde	O
eines	O
schönen	O
Tages	O
--	O
--	O
lassen	O
wir	O
das	O
.	O
Sie	O
dagegen	O
stört	O
es	O
,	O
daß	O
Ihre	O
Eltern	O
,	O
wie	O
Sie	O
eben	O
so	O
hübsch	O
sagten	O
,	O
Protzen	O
sind	O
.	O
Aber	O
das	O
hat	O
auch	O
seine	O
Vorzüge	O
.	O
Seien	O
Sie	O
froh	O
,	O
daß	O
man	O
Sie	O
mit	O
allen	O
Annehmlichkeiten	O
des	O
Daseins	RAUMTHEMA
umgibt	RELATIONALES VERB
.	O
Ihr	O
eigenes	O
Milieu	RAUMHINWEIS
können	O
Sie	O
sich	O
später	O
immer	O
noch	O
machen	O
,	O
wie	O
es	O
Ihnen	O
zusagt	O
...	O
Sie	O
wissen	O
doch	O
,	O
was	O
ein	O
Milieu	RAUMHINWEIS
ist	O
?	O
``	O
	O
Ja	O
,	O
natürlich	O
weiß	O
ich	O
das	O
``	O
,	O
sagte	O
sie	O
halb	O
beleidigt	O
,	O
sah	RELATIONALES VERB
ihn	O
aber	O
dabei	O
vertrauend	O
und	O
lernbegierig	O
an	RELATIONALES VERB
.	O
	O
Nur	O
die	O
materiellen	O
Dinge	O
nicht	O
unterschätzen	O
,	O
solange	O
man	O
jung	O
ist	O
,	O
später	O
hat	O
man	O
dann	O
...	O
o	O
nein	O
,	O
es	O
stimmt	O
nicht	O
ganz	O
,	O
was	O
ich	O
sagen	O
wollte	O
.	O
Aber	O
wenn	O
Sie	O
einmal	O
die	O
Kinderschuhe	RAUMMETAPHER
ausgetreten	RAUMMETAPHER
haben	O
...	O
``	O
	O
Kinderschuhe	O
...	O
ich	O
werde	O
Ihnen	O
einen	O
Kinderschuh	RAUMHINWEIS
von	O
mir	O
schenken	RELATIONALES VERB
,	O
einen	O
recht	O
ausgetretenen	RELATIONALES VERB
,	O
damit	O
Sie	O
endlich	O
begreifen	O
,	O
daß	O
ich	O
kein	O
Backfisch	O
mehr	O
bin	O
.	O
``	O
	O
Ja	O
,	O
tun	O
Sie	O
das	O
,	O
ich	O
werde	O
mich	O
sehr	O
darüber	O
freuen	O
.	O
``	O
	O
Meine	O
Mama	O
hat	O
eine	O
ganze	O
Menge	O
davon	O
aufgehoben	RELATIONALES VERB
,	O
die	O
läßt	O
sie	O
dann	O
vergolden	O
und	O
hängt	RELATIONALES VERB
oder	O
stellt	RELATIONALES VERB
sie	O
irgendwo	ORT
auf	RELATIONALES VERB
--	O
ist	O
das	O
nicht	O
geschmacklos	O
?	O
	O
Es	O
geht	O
...	O
wie	O
man	O
s	O
nehmen	O
will	O
.	O
Es	O
hat	O
auch	O
etwas	O
Ergreifendes	O
,	O
eine	O
Mama	O
,	O
die	O
Reliquien	O
sammelt	RELATIONALES VERB
.	O
--	O
Sind	O
Sie	O
das	O
einzige	O
Kind	O
?	O
``	O
	O
Nein	O
,	O
ich	O
habe	O
noch	O
einen	O
greulichen	O
kleinen	RAUMBESCHREIBUNG
Bruder	O
...	O
``	O
,	O
und	O
sie	O
begann	O
weiter	O
von	O
ihrem	O
Zuhause	ORT
zu	O
erzählen	O
.	O
Käthe	O
und	O
Georg	O
,	O
die	O
ihnen	O
gegenübersaßen	RELATIONALES VERB
,	O
hatten	O
sich	O
inzwischen	O
in	O
ein	O
ernsteres	O
Sondergespräch	O
vertieft	O
.	O
Dann	O
kam	RELATIONALES VERB
das	O
Dessert	O
,	O
der	O
Sekt	O
und	O
gleich	O
darauf	O
Burmann	O
.	O
	O
Immer	O
eure	O
Situationen	O
,	O
die	O
ich	O
mitmachen	O
soll	O
``	O
,	O
sagte	O
er	O
,	O
	O
was	O
ist	O
denn	O
das	O
wieder	O
für	O
ein	O
Winteridyll	RAUMTHEMA
--	O
--	O
ein	O
Sünder	O
und	O
eine	O
achtbare	O
Witwe	O
dinieren	O
mit	RELATION
der	O
jüngsten	O
Lebewelt	O
,	O
außerhalb	RELATION
des	O
Weichbildes	O
einer	O
Großstadt	ORT
...	O
Ich	O
habe	O
übrigens	O
einen	O
wundervollen	O
Gang	RAUMHINWEIS
gemacht	O
,	O
hier	ORT
heraus	RELATION
,	O
und	O
ausnahmsweise	O
gar	O
keine	O
Lust	O
,	O
euch	O
ins	O
Gewissen	O
zu	O
reden	O
.	O
Gebt	RELATIONALES VERB
mir	O
lieber	O
zu	O
trinken	O
.	O
Sei	O
still	O
,	O
mein	O
Junge	O
,	O
ich	O
weiß	O
natürlich	O
schon	O
alles	O
.	O
Dein	O
Vater	O
hat	O
endlos	O
mit	O
mir	O
telefoniert	O
.	O
Wir	O
werden	O
sehen	O
,	O
was	O
sich	O
tun	O
läßt	O
.	O
``	O
Käthe	O
legte	RELATIONALES VERB
Georg	O
mütterlich	O
die	O
Hand	RAUMHINWEIS
auf	RELATION
die	O
Schulter	RAUMHINWEIS
,	O
sie	O
hatte	O
den	O
Jungen	O
besonders	O
gern	O
und	O
sagte	O
:	O
	O
Na	O
,	O
hoffen	O
wir	O
,	O
daß	O
die	O
Wolke	RAUMMETAPHER
wieder	RAUMMETAPHER
vorüberzieht	RAUMMETAPHER
.	O
Und	O
du	O
,	O
Hans	O
,	O
bist	O
ja	O
heute	O
in	O
Extralaune	O
,	O
was	O
ich	O
von	O
mir	O
nicht	O
gerade	O
behaupten	O
könnte	O
.	O
Wohlwollend	O
und	O
tolerant	O
für	O
die	O
Schwächen	O
deiner	O
Mitmenschen	O
.	O
``	O
	O
Ich	O
habe	O
einen	O
schweren	O
Patienten	O
durch	O
die	O
Operation	O
gebracht	O
,	O
aber	O
das	O
versteht	O
ihr	O
ja	O
doch	O
nicht	O
.	O
Prosit	O
!	O
``	O
Man	O
stieß	RELATIONALES VERB
an	RELATIONALES VERB
.	O
	O
Also	O
prosit	O
``	O
,	O
sagte	O
Henning	O
,	O
	O
es	O
lebe	O
...	O
es	O
muß	O
doch	O
irgend	O
etwas	O
leben	O
,	O
wenn	O
man	O
anstößt	RELATIONALES VERB
.	O
``	O
	O
Der	O
Selbstmordverein	O
!	O
``	O
rief	RELATIONALES VERB
plötzlich	O
Hedy	O
mit	O
ihrer	O
etwas	O
zu	O
hellen	O
Stimme	O
,	O
während	O
der	O
Schaum	O
von	RELATION
dem	O
übervollen	RAUMBESCHREIBUNG
Glas	RAUMHINWEIS
ihr	O
über	RELATION
die	O
Finger	RAUMHINWEIS
lief	RELATIONALES VERB
.	O
Sie	O
war	O
schon	O
ein	O
wenig	O
angeheitert	O
.	O
	O
Nein	O
,	O
kleine	RAUMBESCHREIBUNG
Kusine	O
``	O
,	O
und	O
der	O
Doktor	O
war	O
gleich	O
wieder	O
ernster	O
,	O
	O
ich	O
bin	O
dafür	O
,	O
daß	O
man	O
diesen	O
Verein	O
so	O
rasch	O
wie	O
möglich	O
wieder	O
begräbt	RAUMMETAPHER
.	O
Sprechen	O
wir	O
lieber	O
nicht	O
mehr	O
davon	O
.	O
``	O
	O
Begraben	RAUMMETAPHER
wir	O
ihn	O
dann	O
wenigstens	O
lustig	O
``	O
,	O
meinte	O
Henning	O
,	O
	O
spiel	O
,	O
Hans	O
,	O
wir	O
werden	O
ein	O
bißchen	O
tanzen	O
.	O
``	O
	O
Richtig	O
,	O
tanzen	O
wir	O
``	O
,	O
sagte	O
Käthe	O
wie	O
erleichtert	O
,	O
	O
tanzen	O
wir	O
uns	O
alle	O
die	O
dummen	O
Geschichten	O
vom	RELATION
Gemüt	RAUMHINWEIS
herunter	RELATION
.	O
``	O
	O
Du	O
auch	O
?	O
``	O
fragte	O
Burmann	O
und	O
sah	RELATIONALES VERB
sie	O
verwundert	O
an	RELATIONALES VERB
.	O
	O
Sie	O
hat	O
,	O
solange	O
wir	O
da	ORT
tafeln	O
,	O
keine	O
zehn	O
Worte	O
gesprochen	O
.	O
``	O
	O
Ja	O
...	O
ich	O
weiß	O
nicht	O
...	O
die	O
Kinder	O
waren	O
nicht	O
wie	O
sonst	O
,	O
Henning	O
versuchte	O
das	O
Seelische	O
zu	O
ignorieren	O
,	O
was	O
ihm	O
aber	O
nicht	O
recht	O
glückte	O
.	O
Und	O
heute	O
hat	O
s	O
mich	O
auch	O
.	O
``	O
Damit	O
ging	RELATIONALES VERB
sie	O
an	RELATION
das	O
Klavier	RAUMHINWEIS
,	O
machte	O
es	O
auf	RELATION
und	O
schlug	O
ein	O
paar	O
Töne	O
an	O
:	O
	O
Ach	O
,	O
das	O
Ding	O
ist	O
auch	O
verstimmt	O
,	O
aber	O
es	O
macht	O
nichts	O
.	O
Also	O
spiel	O
,	O
Hans	O
,	O
und	O
ich	O
werde	O
mit	O
Henning	O
den	O
Ball	RAUMHINWEIS
eröffnen	RELATIONALES VERB
.	O
``	O
	O
Schön	O
,	O
spiel	O
Hans	O
``	O
,	O
wiederholte	O
Burmann	O
resigniert	O
und	O
begann	O
eine	O
Mazurka	O
,	O
	O
aber	O
vertanzt	O
mir	O
dann	O
,	O
bitte	O
,	O
eure	O
Phantome	O
und	O
Selbstmordvereine	O
und	O
andere	O
Verrücktheiten	O
recht	O
gründlich	O
.	O
``	O
Der	O
Kellner	O
schaute	RELATIONALES VERB
verwundert	O
drein	O
,	O
während	O
er	O
die	O
Tische	RAUMHINWEIS
und	O
Stühle	RAUMHINWEIS
beiseiteschob	RELATIONALES VERB
.	O
Diese	O
Leute	O
schienen	O
ihm	O
merkwürdig	O
,	O
was	O
sie	O
alles	O
für	O
krause	O
Dinge	O
redeten	O
,	O
und	O
nun	O
wollten	O
sie	O
am	O
hellen	O
Nachmittag	O
tanzen	O
.	O
	O
Lassen	O
Sie	O
den	O
Sektkübel	RAUMHINWEIS
stehen	RELATIONALES VERB
und	O
die	O
Gläser	RAUMHINWEIS
``	O
,	O
rief	RELATIONALES VERB
ihm	O
Henning	O
zu	RELATIONALES VERB
,	O
	O
und	O
zwei	O
neue	O
Flaschen	O
.	O
--	O
Georg	O
,	O
Hedy	O
,	O
rührt	RELATIONALES VERB
euch	O
,	O
oder	O
meint	O
ihr	O
,	O
wir	O
wollten	O
euch	O
vortanzen	RELATIONALES VERB
und	O
ihr	O
dürft	O
nur	O
zuschauen	RELATIONALES VERB
?	O
``	O
Sie	O
gehorchten	O
halb	O
mechanisch	O
.	O
Hedy	O
war	O
dann	O
bald	O
mit	O
großer	O
Lebendigkeit	O
bei	O
der	O
Sache	O
,	O
sie	O
fand	O
diesen	O
improvisierten	O
Ball	RAUMHINWEIS
herrlich	O
.	O
Georg	O
dagegen	O
war	O
zerstreut	O
,	O
es	O
war	O
das	O
erste	O
Mal	O
,	O
daß	O
sie	O
miteinander	RELATION
tanzten	O
,	O
bisher	O
hatte	O
sich	O
nie	O
Gelegenheit	O
dazu	O
geboten	O
,	O
und	O
er	O
bewunderte	O
die	O
leichte	O
Selbstverständlichkeit	O
,	O
mit	O
der	O
sie	O
sich	O
bewegte	RELATIONALES VERB
.	O
Er	O
liebte	O
sie	O
in	O
dieser	O
Stunde	O
mehr	O
als	O
je	O
,	O
aber	O
dazwischen	O
dachte	O
er	O
immer	O
noch	O
wie	O
hypnotisiert	O
an	O
seinen	O
toten	O
Schulfreund	O
und	O
an	O
seine	O
eigene	O
Zukunft	O
.	O
Bisher	O
war	O
ihm	O
das	O
Leben	O
immer	O
glatt	O
und	O
ohne	O
Verwicklungen	O
hingegangen	O
,	O
zu	RELATION
Hause	ORT
wie	O
in	RELATION
der	O
Schule	ORT
und	O
mit	O
Hedy	O
,	O
an	O
das	O
Weitere	O
dachte	O
man	O
nicht	O
.	O
Nun	O
kam	RELATIONALES VERB
es	O
vielleicht	O
an	RELATION
ihn	RAUMHINWEIS
heran	RELATION
,	O
alles	O
mögliche	O
konnte	O
herankommen	RELATIONALES VERB
,	O
und	O
er	O
fühlte	O
selbst	O
,	O
daß	O
es	O
noch	O
zu	O
früh	O
sei	O
.	O
Man	O
war	O
noch	O
Gymnasiast	O
und	O
der	O
Sohn	O
einer	O
geordneten	O
Familie	O
,	O
der	O
über	O
nichts	O
selber	O
zu	O
bestimmen	O
,	O
ja	O
noch	O
nicht	O
einmal	O
mitzureden	O
hatte	O
.	O
Burmann	O
spielte	O
unermüdlich	O
einen	O
Tanz	O
nach	O
dem	O
anderen	O
,	O
trank	O
dazwischen	O
ein	O
Glas	O
Sekt	O
und	O
einen	O
schwarzen	O
Kaffee	O
,	O
dachte	O
an	O
seinen	O
geretteten	O
Patienten	O
,	O
und	O
daß	O
es	O
ganz	O
angenehm	O
sei	O
,	O
hier	ORT
und	O
da	ORT
einen	O
freien	O
Nachmittag	O
zu	O
erleben	O
,	O
so	O
wie	O
heute	O
am	RELATION
Klavier	RAUMHINWEIS
zu	O
sitzen	RELATIONALES VERB
und	O
befreundete	O
Menschen	RAUMHINWEIS
